att_transaction	id	bigint	NO	@@NULL@@		记录ID	1
att_transaction	verify_type	tinyint	YES	0		验证类型	2
att_transaction	source	tinyint	YES	0		来源	3
att_transaction	punch_time	datetime	YES	@@NULL@@		打卡时间	4
att_transaction	temperature	varchar(20)	YES			体温	5
att_transaction	terminal_sn	varchar(50)	YES			设备SN	6
att_transaction	terminal_alias	varchar(100)	YES			设备名称	7
att_transaction	att_photo_url	varchar(500)	YES			打卡照片URL	8
att_transaction	mask_flag	varchar(20)	YES			口罩状态	9
att_transaction	upload_time	datetime	YES	@@NULL@@		上传时间	10
att_transaction	timezone	varchar(10)	YES	+08:00		时区	11
att_transaction	gps_location	varchar(200)	YES			GPS位置	12
att_transaction	device_verify_type	varchar(10)	YES			设备验证类型	13
att_transaction	employee_code	varchar(20)	YES			工号	14
att_transaction	first_name	varchar(50)	YES			姓名	15
att_transaction	dept_name	varchar(100)	YES			部门	16
att_transaction	status	varchar(20)	YES			状态	17
att_transaction	created_at	datetime	YES	CURRENT_TIMESTAMP	DEFAULT_GENERATED	入库时间	18
auth_group	id	int	NO	@@NULL@@	auto_increment		1
auth_group	name	varchar(150)	NO	@@NULL@@			2
auth_group_permissions	id	bigint	NO	@@NULL@@	auto_increment		1
auth_group_permissions	group_id	int	NO	@@NULL@@			2
auth_group_permissions	permission_id	int	NO	@@NULL@@			3
auth_permission	id	int	NO	@@NULL@@	auto_increment		1
auth_permission	name	varchar(255)	NO	@@NULL@@			2
auth_permission	content_type_id	int	NO	@@NULL@@			3
auth_permission	codename	varchar(100)	NO	@@NULL@@			4
demo	id	bigint	NO	@@NULL@@	auto_increment		1
demo	remark	varchar(255)	YES	@@NULL@@			2
demo	modifier	varchar(255)	YES	@@NULL@@			3
demo	belong_dept	int	YES	@@NULL@@			4
demo	update_datetime	datetime(6)	YES	@@NULL@@			5
demo	create_datetime	datetime(6)	YES	@@NULL@@			6
demo	sort	int	YES	@@NULL@@			7
demo	name	varchar(64)	NO	@@NULL@@			8
demo	code	varchar(32)	NO	@@NULL@@			9
demo	status	varchar(64)	NO	@@NULL@@			10
demo	creator_id	bigint	YES	@@NULL@@			11
django_admin_log	id	int	NO	@@NULL@@	auto_increment		1
django_admin_log	action_time	datetime(6)	NO	@@NULL@@			2
django_admin_log	object_id	longtext	YES	@@NULL@@			3
django_admin_log	object_repr	varchar(200)	NO	@@NULL@@			4
django_admin_log	action_flag	smallint unsigned	NO	@@NULL@@			5
django_admin_log	change_message	longtext	NO	@@NULL@@			6
django_admin_log	content_type_id	int	YES	@@NULL@@			7
django_admin_log	user_id	bigint	NO	@@NULL@@			8
django_celery_beat_clockedschedule	id	int	NO	@@NULL@@	auto_increment		1
django_celery_beat_clockedschedule	clocked_time	datetime(6)	NO	@@NULL@@			2
django_celery_beat_crontabschedule	id	int	NO	@@NULL@@	auto_increment		1
django_celery_beat_crontabschedule	minute	varchar(240)	NO	@@NULL@@			2
django_celery_beat_crontabschedule	hour	varchar(96)	NO	@@NULL@@			3
django_celery_beat_crontabschedule	day_of_week	varchar(64)	NO	@@NULL@@			4
django_celery_beat_crontabschedule	day_of_month	varchar(124)	NO	@@NULL@@			5
django_celery_beat_crontabschedule	month_of_year	varchar(64)	NO	@@NULL@@			6
django_celery_beat_crontabschedule	timezone	varchar(63)	NO	@@NULL@@			7
django_celery_beat_intervalschedule	id	int	NO	@@NULL@@	auto_increment		1
django_celery_beat_intervalschedule	every	int	NO	@@NULL@@			2
django_celery_beat_intervalschedule	period	varchar(24)	NO	@@NULL@@			3
django_celery_beat_periodictask	id	int	NO	@@NULL@@	auto_increment		1
django_celery_beat_periodictask	name	varchar(200)	NO	@@NULL@@			2
django_celery_beat_periodictask	task	varchar(200)	NO	@@NULL@@			3
django_celery_beat_periodictask	args	longtext	NO	@@NULL@@			4
django_celery_beat_periodictask	kwargs	longtext	NO	@@NULL@@			5
django_celery_beat_periodictask	queue	varchar(200)	YES	@@NULL@@			6
django_celery_beat_periodictask	exchange	varchar(200)	YES	@@NULL@@			7
django_celery_beat_periodictask	routing_key	varchar(200)	YES	@@NULL@@			8
django_celery_beat_periodictask	expires	datetime(6)	YES	@@NULL@@			9
django_celery_beat_periodictask	enabled	tinyint(1)	NO	@@NULL@@			10
django_celery_beat_periodictask	last_run_at	datetime(6)	YES	@@NULL@@			11
django_celery_beat_periodictask	total_run_count	int unsigned	NO	@@NULL@@			12
django_celery_beat_periodictask	date_changed	datetime(6)	NO	@@NULL@@			13
django_celery_beat_periodictask	description	longtext	NO	@@NULL@@			14
django_celery_beat_periodictask	crontab_id	int	YES	@@NULL@@			15
django_celery_beat_periodictask	interval_id	int	YES	@@NULL@@			16
django_celery_beat_periodictask	solar_id	int	YES	@@NULL@@			17
django_celery_beat_periodictask	one_off	tinyint(1)	NO	@@NULL@@			18
django_celery_beat_periodictask	start_time	datetime(6)	YES	@@NULL@@			19
django_celery_beat_periodictask	priority	int unsigned	YES	@@NULL@@			20
django_celery_beat_periodictask	headers	longtext	NO	@@NULL@@			21
django_celery_beat_periodictask	clocked_id	int	YES	@@NULL@@			22
django_celery_beat_periodictask	expire_seconds	int unsigned	YES	@@NULL@@			23
django_celery_beat_periodictasks	ident	smallint	NO	@@NULL@@			1
django_celery_beat_periodictasks	last_update	datetime(6)	NO	@@NULL@@			2
django_celery_beat_solarschedule	id	int	NO	@@NULL@@	auto_increment		1
django_celery_beat_solarschedule	event	varchar(24)	NO	@@NULL@@			2
django_celery_beat_solarschedule	latitude	decimal(9,6)	NO	@@NULL@@			3
django_celery_beat_solarschedule	longitude	decimal(9,6)	NO	@@NULL@@			4
django_celery_results_chordcounter	id	int	NO	@@NULL@@	auto_increment		1
django_celery_results_chordcounter	group_id	varchar(255)	NO	@@NULL@@			2
django_celery_results_chordcounter	sub_tasks	longtext	NO	@@NULL@@			3
django_celery_results_chordcounter	count	int unsigned	NO	@@NULL@@			4
django_celery_results_groupresult	id	int	NO	@@NULL@@	auto_increment		1
django_celery_results_groupresult	group_id	varchar(255)	NO	@@NULL@@			2
django_celery_results_groupresult	date_created	datetime(6)	NO	@@NULL@@			3
django_celery_results_groupresult	date_done	datetime(6)	NO	@@NULL@@			4
django_celery_results_groupresult	content_type	varchar(128)	NO	@@NULL@@			5
django_celery_results_groupresult	content_encoding	varchar(64)	NO	@@NULL@@			6
django_celery_results_groupresult	result	longtext	YES	@@NULL@@			7
django_celery_results_taskresult	id	int	NO	@@NULL@@	auto_increment		1
django_celery_results_taskresult	task_id	varchar(255)	NO	@@NULL@@			2
django_celery_results_taskresult	status	varchar(50)	NO	@@NULL@@			3
django_celery_results_taskresult	content_type	varchar(128)	NO	@@NULL@@			4
django_celery_results_taskresult	content_encoding	varchar(64)	NO	@@NULL@@			5
django_celery_results_taskresult	result	longtext	YES	@@NULL@@			6
django_celery_results_taskresult	date_done	datetime(6)	NO	@@NULL@@			7
django_celery_results_taskresult	traceback	longtext	YES	@@NULL@@			8
django_celery_results_taskresult	meta	longtext	YES	@@NULL@@			9
django_celery_results_taskresult	task_args	longtext	YES	@@NULL@@			10
django_celery_results_taskresult	task_kwargs	longtext	YES	@@NULL@@			11
django_celery_results_taskresult	task_name	varchar(255)	YES	@@NULL@@			12
django_celery_results_taskresult	worker	varchar(100)	YES	@@NULL@@			13
django_celery_results_taskresult	date_created	datetime(6)	NO	@@NULL@@			14
django_celery_results_taskresult	periodic_task_name	varchar(255)	YES	@@NULL@@			15
django_content_type	id	int	NO	@@NULL@@	auto_increment		1
django_content_type	app_label	varchar(100)	NO	@@NULL@@			2
django_content_type	model	varchar(100)	NO	@@NULL@@			3
django_migrations	id	bigint	NO	@@NULL@@	auto_increment		1
django_migrations	app	varchar(255)	NO	@@NULL@@			2
django_migrations	name	varchar(255)	NO	@@NULL@@			3
django_migrations	applied	datetime(6)	NO	@@NULL@@			4
django_session	session_key	varchar(40)	NO	@@NULL@@			1
django_session	session_data	longtext	NO	@@NULL@@			2
django_session	expire_date	datetime(6)	NO	@@NULL@@			3
external_data_d	date_time	datetime	YES	@@NULL@@			1
external_data_d	qr_code	varchar(255)	YES	@@NULL@@			2
external_data_d	result	varchar(255)	YES	@@NULL@@			3
external_data_d	data01	varchar(50)	YES	@@NULL@@			4
external_data_d	data02	varchar(50)	YES	@@NULL@@			5
external_data_d	data03	varchar(50)	YES	@@NULL@@			6
external_data_d	data04	varchar(50)	YES	@@NULL@@			7
external_data_d	data05	varchar(50)	YES	@@NULL@@			8
external_data_d	data06	varchar(50)	YES	@@NULL@@			9
external_data_d	data07	varchar(50)	YES	@@NULL@@			10
external_data_d	data08	varchar(50)	YES	@@NULL@@			11
external_data_d	data09	varchar(50)	YES	@@NULL@@			12
external_data_d	data10	varchar(50)	YES	@@NULL@@			13
external_data_d	data11	varchar(50)	YES	@@NULL@@			14
external_data_d	data12	varchar(50)	YES	@@NULL@@			15
external_data_d	data13	varchar(50)	YES	@@NULL@@			16
external_data_d	data14	varchar(50)	YES	@@NULL@@			17
external_data_d	data15	varchar(50)	YES	@@NULL@@			18
external_data_d	data16	varchar(50)	YES	@@NULL@@			19
external_data_d	data17	varchar(50)	YES	@@NULL@@			20
external_data_d	data18	varchar(50)	YES	@@NULL@@			21
external_data_d	data19	varchar(50)	YES	@@NULL@@			22
external_data_d	data20	varchar(50)	YES	@@NULL@@			23
external_data_d	data21	varchar(50)	YES	@@NULL@@			24
external_data_d	data22	varchar(50)	YES	@@NULL@@			25
external_data_d	data23	varchar(50)	YES	@@NULL@@			26
external_data_d	data24	varchar(50)	YES	@@NULL@@			27
external_data_d	data25	varchar(50)	YES	@@NULL@@			28
external_data_d	data26	varchar(50)	YES	@@NULL@@			29
external_data_d	data27	varchar(50)	YES	@@NULL@@			30
external_data_d	data28	varchar(50)	YES	@@NULL@@			31
external_data_d	data29	varchar(50)	YES	@@NULL@@			32
external_data_d	data30	varchar(50)	YES	@@NULL@@			33
external_data_d	data31	varchar(50)	YES	@@NULL@@			34
external_data_d	data32	varchar(50)	YES	@@NULL@@			35
external_data_d	data33	varchar(50)	YES	@@NULL@@			36
external_data_d	data34	varchar(50)	YES	@@NULL@@			37
external_data_d	data35	varchar(50)	YES	@@NULL@@			38
external_data_d	data36	varchar(50)	YES	@@NULL@@			39
external_data_d	data37	varchar(50)	YES	@@NULL@@			40
external_data_d	data38	varchar(50)	YES	@@NULL@@			41
external_data_d	data39	varchar(50)	YES	@@NULL@@			42
external_data_d	data40	varchar(50)	YES	@@NULL@@			43
external_data_d	data41	varchar(50)	YES	@@NULL@@			44
external_data_d	data42	varchar(50)	YES	@@NULL@@			45
external_data_d	data43	varchar(50)	YES	@@NULL@@			46
external_data_d	data44	varchar(50)	YES	@@NULL@@			47
external_data_d	data45	varchar(50)	YES	@@NULL@@			48
external_data_d	data46	varchar(50)	YES	@@NULL@@			49
external_data_d	data47	varchar(50)	YES	@@NULL@@			50
external_data_d	data48	varchar(50)	YES	@@NULL@@			51
external_data_d	data49	varchar(50)	YES	@@NULL@@			52
external_data_d	data50	varchar(50)	YES	@@NULL@@			53
external_data_d	data51	varchar(50)	YES	@@NULL@@			54
external_data_d	data52	varchar(50)	YES	@@NULL@@			55
external_data_d	data53	varchar(50)	YES	@@NULL@@			56
external_data_d	data54	varchar(50)	YES	@@NULL@@			57
external_data_d	data55	varchar(50)	YES	@@NULL@@			58
external_data_d	data56	varchar(50)	YES	@@NULL@@			59
external_data_d	data57	varchar(50)	YES	@@NULL@@			60
external_data_d	data58	varchar(50)	YES	@@NULL@@			61
external_data_d	data59	varchar(50)	YES	@@NULL@@			62
external_data_d	title1	varchar(50)	YES	@@NULL@@			63
external_data_d	create_datetime	datetime	YES	CURRENT_TIMESTAMP	DEFAULT_GENERATED on update CURRENT_TIMESTAMP		64
external_data_d	ID	bigint	NO	@@NULL@@	auto_increment		65
external_data_d	_MASK_TO_V2	bigint	YES	@@NULL@@			66
external_data_d	_MUSID_SYNC_V2	int unsigned	YES	@@NULL@@			67
external_data_d	_MASK_FROM_V2	timestamp	NO	CURRENT_TIMESTAMP	DEFAULT_GENERATED on update CURRENT_TIMESTAMP		68
external_data_jzt	date_time	datetime	YES	@@NULL@@			1
external_data_jzt	qr_code	varchar(255)	YES	@@NULL@@			2
external_data_jzt	result	varchar(20)	YES	@@NULL@@			3
external_data_jzt	data01	varchar(50)	YES	@@NULL@@			4
external_data_jzt	data02	varchar(50)	YES	@@NULL@@			5
external_data_jzt	data03	varchar(50)	YES	@@NULL@@			6
external_data_jzt	data04	varchar(50)	YES	@@NULL@@			7
external_data_jzt	data05	varchar(50)	YES	@@NULL@@			8
external_data_jzt	data06	varchar(50)	YES	@@NULL@@			9
external_data_jzt	data07	varchar(50)	YES	@@NULL@@			10
external_data_jzt	data08	varchar(50)	YES	@@NULL@@			11
external_data_jzt	data09	varchar(50)	YES	@@NULL@@			12
external_data_jzt	data10	varchar(50)	YES	@@NULL@@			13
external_data_jzt	data11	varchar(50)	YES	@@NULL@@			14
external_data_jzt	data12	varchar(50)	YES	@@NULL@@			15
external_data_jzt	data13	varchar(50)	YES	@@NULL@@			16
external_data_jzt	data14	varchar(50)	YES	@@NULL@@			17
external_data_jzt	data15	varchar(50)	YES	@@NULL@@			18
external_data_jzt	data16	varchar(50)	YES	@@NULL@@			19
external_data_jzt	data17	varchar(50)	YES	@@NULL@@			20
external_data_jzt	data18	varchar(50)	YES	@@NULL@@			21
external_data_jzt	data19	varchar(50)	YES	@@NULL@@			22
external_data_jzt	data20	varchar(50)	YES	@@NULL@@			23
external_data_jzt	data21	varchar(50)	YES	@@NULL@@			24
external_data_jzt	data22	varchar(50)	YES	@@NULL@@			25
external_data_jzt	data23	varchar(50)	YES	@@NULL@@			26
external_data_jzt	data24	varchar(50)	YES	@@NULL@@			27
external_data_jzt	data25	varchar(50)	YES	@@NULL@@			28
external_data_jzt	data26	varchar(50)	YES	@@NULL@@			29
external_data_jzt	data27	varchar(50)	YES	@@NULL@@			30
external_data_jzt	data28	varchar(50)	YES	@@NULL@@			31
external_data_jzt	data29	varchar(50)	YES	@@NULL@@			32
external_data_jzt	data30	varchar(50)	YES	@@NULL@@			33
external_data_jzt	data31	varchar(50)	YES	@@NULL@@			34
external_data_jzt	data32	varchar(50)	YES	@@NULL@@			35
external_data_jzt	data33	varchar(50)	YES	@@NULL@@			36
external_data_jzt	data34	varchar(50)	YES	@@NULL@@			37
external_data_jzt	data35	varchar(50)	YES	@@NULL@@			38
external_data_jzt	data36	varchar(50)	YES	@@NULL@@			39
external_data_jzt	data37	varchar(50)	YES	@@NULL@@			40
external_data_jzt	data38	varchar(50)	YES	@@NULL@@			41
external_data_jzt	data39	varchar(50)	YES	@@NULL@@			42
external_data_jzt	data40	varchar(50)	YES	@@NULL@@			43
external_data_jzt	data41	varchar(50)	YES	@@NULL@@			44
external_data_jzt	data42	varchar(50)	YES	@@NULL@@			45
external_data_jzt	data43	varchar(50)	YES	@@NULL@@			46
external_data_jzt	data44	varchar(50)	YES	@@NULL@@			47
external_data_jzt	data45	varchar(50)	YES	@@NULL@@			48
external_data_jzt	data46	varchar(50)	YES	@@NULL@@			49
external_data_jzt	data47	varchar(50)	YES	@@NULL@@			50
external_data_jzt	title1	varchar(20)	YES	@@NULL@@			51
external_data_jzt	create_datetime	datetime	YES	CURRENT_TIMESTAMP	DEFAULT_GENERATED on update CURRENT_TIMESTAMP		52
external_data_jzt	ID	int	NO	@@NULL@@	auto_increment		53
external_data_jzt	_MASK_TO_V2	bigint	YES	@@NULL@@			54
external_data_jzt	_MUSID_SYNC_V2	int unsigned	YES	@@NULL@@			55
external_data_jzt	_MASK_FROM_V2	timestamp	NO	CURRENT_TIMESTAMP	DEFAULT_GENERATED on update CURRENT_TIMESTAMP		56
external_data_ym	date_time	datetime	YES	@@NULL@@			1
external_data_ym	qr_code	varchar(255)	YES	@@NULL@@			2
external_data_ym	variety	varchar(10)	YES	@@NULL@@			3
external_data_ym	type	varchar(10)	YES	@@NULL@@			4
external_data_ym	set_pressure	decimal(10,0)	YES	@@NULL@@			5
external_data_ym	pressure_val	decimal(10,0)	YES	@@NULL@@			6
external_data_ym	_MASK_TO_V2	bigint	YES	@@NULL@@			7
external_data_ym	ID	bigint	NO	@@NULL@@	auto_increment		8
external_data_ym	_MUSID_SYNC_V2	int unsigned	YES	@@NULL@@			9
external_data_ym	_MASK_FROM_V2	timestamp	NO	CURRENT_TIMESTAMP	DEFAULT_GENERATED on update CURRENT_TIMESTAMP		10
extraneous_product_qrcode	id	bigint	NO	@@NULL@@	auto_increment		1
extraneous_product_qrcode	state	int	YES	@@NULL@@			2
extraneous_product_qrcode	unqualified_content	varchar(255)	YES	@@NULL@@			3
extraneous_product_qrcode	processed_content	varchar(255)	YES	@@NULL@@			4
extraneous_product_qrcode	remark	varchar(255)	YES	@@NULL@@			5
extraneous_product_qrcode	new_product_code	varchar(255)	YES	@@NULL@@			6
extraneous_product_qrcode	old_product_code	varchar(255)	YES	@@NULL@@			7
extraneous_product_qrcode	product_name	varchar(50)	YES	@@NULL@@			8
extraneous_product_qrcode	userinfo	varchar(50)	YES	@@NULL@@			9
extraneous_product_qrcode	is_active	tinyint(1)	YES	@@NULL@@			10
extraneous_product_qrcode	update_datetime	datetime(6)	YES	@@NULL@@			11
extraneous_product_qrcode	create_datetime	datetime(6)	YES	@@NULL@@			12
extraneous_product_qrcode	system_user	tinyint(1)	YES	@@NULL@@			13
extraneous_product_qrcode	box_code	varchar(100)	YES	@@NULL@@			14
extraneous_product_qrcode	img	json	YES	@@NULL@@			15
extraneous_product_qrcode	operate_state	varchar(50)	YES	@@NULL@@			16
extraneous_product_qrcode	creator_id	bigint	YES	@@NULL@@			17
extraneous_product_qrcode	line_name	varchar(40)	YES	@@NULL@@			18
extraneous_product_qrcode	phase	int	YES	@@NULL@@			19
extraneous_product_qrcode	belong_dept	int	YES	@@NULL@@			20
extraneous_product_qrcode	modifier	varchar(255)	YES	@@NULL@@			21
extraneous_product_qrcode	picture	json	YES	@@NULL@@			22
extraneous_product_qrcode	exception_record_datetime	datetime	YES	@@NULL@@			23
extraneous_product_qrcode	cc_user	json	YES	@@NULL@@			24
extraneous_product_qrcode	production_manager	varchar(30)	YES	@@NULL@@			25
extraneous_product_qrcode	quality_directer	varchar(30)	YES	@@NULL@@			26
extraneous_product_qrcode	rework_record_header_id	bigint	YES	@@NULL@@			27
extraneous_product_qrcode	temporary_state	int	YES	@@NULL@@			28
extraneous_product_qrcode	rework_defects	json	YES	@@NULL@@			29
extraneous_product_qrcode	rework_datetime	datetime	YES	@@NULL@@			30
extraneous_product_qrcode	worker	varchar(20)	YES	@@NULL@@			31
extraneous_product_qrcode	_MASK_FROM_V2	timestamp	NO	CURRENT_TIMESTAMP	DEFAULT_GENERATED on update CURRENT_TIMESTAMP		32
extraneous_product_qrcode	belong	int	YES	@@NULL@@			33
generator_abnormal_tool_filtering_data	id	bigint	NO	@@NULL@@	auto_increment		1
generator_abnormal_tool_filtering_data	remark	varchar(255)	YES	@@NULL@@			2
generator_abnormal_tool_filtering_data	modifier	varchar(255)	YES	@@NULL@@			3
generator_abnormal_tool_filtering_data	belong_dept	int	YES	@@NULL@@			4
generator_abnormal_tool_filtering_data	update_datetime	datetime(6)	YES	@@NULL@@			5
generator_abnormal_tool_filtering_data	create_datetime	datetime(6)	YES	@@NULL@@			6
generator_abnormal_tool_filtering_data	sort	int	YES	@@NULL@@			7
generator_abnormal_tool_filtering_data	barcode	varchar(255)	YES	@@NULL@@			8
generator_abnormal_tool_filtering_data	creator_id	bigint	YES	@@NULL@@			9
generator_abnormal_tool_filtering_data	is_resolved	tinyint(1)	NO	@@NULL@@			10
generator_abnormal_tool_filtering_data	push_datetime	datetime(6)	YES	@@NULL@@			11
generator_abnormal_tool_filtering_data	pushed_exception_item	varchar(255)	YES	@@NULL@@			12
generator_alarm_records	id	bigint	NO	@@NULL@@	auto_increment		1
generator_alarm_records	remark	varchar(255)	YES	@@NULL@@			2
generator_alarm_records	modifier	varchar(255)	YES	@@NULL@@			3
generator_alarm_records	belong_dept	int	YES	@@NULL@@			4
generator_alarm_records	update_datetime	datetime(6)	YES	@@NULL@@			5
generator_alarm_records	create_datetime	datetime(6)	YES	@@NULL@@			6
generator_alarm_records	sort	int	YES	@@NULL@@			7
generator_alarm_records	push_status	varchar(255)	YES	@@NULL@@			8
generator_alarm_records	priority	varchar(255)	YES	@@NULL@@			9
generator_alarm_records	description	longtext	YES	@@NULL@@			10
generator_alarm_records	type	varchar(255)	YES	@@NULL@@			11
generator_alarm_records	date_time	datetime(6)	YES	@@NULL@@			12
generator_alarm_records	creator_id	bigint	YES	@@NULL@@			13
generator_alarm_records	device_id	bigint	YES	@@NULL@@			14
generator_answer_list	id	bigint	NO	@@NULL@@	auto_increment		1
generator_answer_list	remark	varchar(255)	YES	@@NULL@@			2
generator_answer_list	modifier	varchar(255)	YES	@@NULL@@			3
generator_answer_list	belong_dept	int	YES	@@NULL@@			4
generator_answer_list	update_datetime	datetime(6)	YES	@@NULL@@			5
generator_answer_list	create_datetime	datetime(6)	YES	@@NULL@@			6
generator_answer_list	sort	int	YES	@@NULL@@			7
generator_answer_list	link	varchar(255)	YES	@@NULL@@			8
generator_answer_list	dept_name	varchar(50)	YES	@@NULL@@			9
generator_answer_list	title	varchar(50)	YES	@@NULL@@			10
generator_answer_list	creator_id	bigint	YES	@@NULL@@			11
generator_answer_list	headline	varchar(50)	YES	@@NULL@@			12
generator_answer_list	passing_score	int	YES	@@NULL@@			13
generator_answer_list	code	json	YES	@@NULL@@			14
generator_answer_list	choice_q	int	YES	@@NULL@@			15
generator_answer_list	content	longtext	YES	@@NULL@@			16
generator_answer_list	estimate_q	int	YES	@@NULL@@			17
generator_answer_list	must_do	varchar(255)	YES	@@NULL@@			18
generator_answer_list	type	tinyint(1)	YES	@@NULL@@			19
generator_answer_sheet	id	bigint	NO	@@NULL@@	auto_increment		1
generator_answer_sheet	remark	varchar(255)	YES	@@NULL@@			2
generator_answer_sheet	modifier	varchar(255)	YES	@@NULL@@			3
generator_answer_sheet	belong_dept	int	YES	@@NULL@@			4
generator_answer_sheet	update_datetime	datetime(6)	YES	@@NULL@@			5
generator_answer_sheet	create_datetime	datetime(6)	YES	@@NULL@@			6
generator_answer_sheet	sort	int	YES	@@NULL@@			7
generator_answer_sheet	score	double	YES	@@NULL@@			8
generator_answer_sheet	dept_name	varchar(50)	YES	@@NULL@@			9
generator_answer_sheet	name	varchar(50)	YES	@@NULL@@			10
generator_answer_sheet	title	varchar(50)	YES	@@NULL@@			11
generator_answer_sheet	creator_id	bigint	YES	@@NULL@@			12
generator_answer_sheet	answer_type	int	YES	@@NULL@@			13
generator_answer_sheet	code	varchar(50)	YES	@@NULL@@			14
generator_answer_sheet	headline	varchar(50)	YES	@@NULL@@			15
generator_answer_sheet	info	longtext	YES	@@NULL@@			16
generator_answer_sheet	score_type	int	YES	@@NULL@@			17
generator_answer_sheet	time	varchar(50)	YES	@@NULL@@			18
generator_answer_sheet	submit_time	datetime(6)	YES	@@NULL@@			19
generator_authorization	id	bigint	NO	@@NULL@@	auto_increment		1
generator_authorization	remark	varchar(255)	YES	@@NULL@@			2
generator_authorization	modifier	varchar(255)	YES	@@NULL@@			3
generator_authorization	belong_dept	int	YES	@@NULL@@			4
generator_authorization	update_datetime	datetime(6)	YES	@@NULL@@			5
generator_authorization	create_datetime	datetime(6)	YES	@@NULL@@			6
generator_authorization	sort	int	YES	@@NULL@@			7
generator_authorization	code	varchar(100)	YES	@@NULL@@			8
generator_authorization	userinfo	varchar(100)	YES	@@NULL@@			9
generator_authorization	creator_id	bigint	YES	@@NULL@@			10
generator_authorization	is_active	int	YES	@@NULL@@			11
generator_authorization	work_dept	json	YES	@@NULL@@			12
generator_bad_product	id	bigint	NO	@@NULL@@	auto_increment		1
generator_bad_product	remark	varchar(255)	YES	@@NULL@@			2
generator_bad_product	modifier	varchar(255)	YES	@@NULL@@			3
generator_bad_product	belong_dept	int	YES	@@NULL@@			4
generator_bad_product	update_datetime	datetime(6)	YES	@@NULL@@			5
generator_bad_product	create_datetime	datetime(6)	YES	@@NULL@@			6
generator_bad_product	sort	int	YES	@@NULL@@			7
generator_bad_product	method	longtext	YES	@@NULL@@			8
generator_bad_product	reason	longtext	YES	@@NULL@@			9
generator_bad_product	responser	varchar(255)	YES	@@NULL@@			10
generator_bad_product	find_method	varchar(20)	YES	@@NULL@@			11
generator_bad_product	finder	varchar(20)	YES	@@NULL@@			12
generator_bad_product	debug_work	int	YES	@@NULL@@			13
generator_bad_product	debug_data	int	YES	@@NULL@@			14
generator_bad_product	details	longtext	YES	@@NULL@@			15
generator_bad_product	picture	json	YES	@@NULL@@			16
generator_bad_product	type	varchar(20)	YES	@@NULL@@			17
generator_bad_product	code	varchar(255)	YES	@@NULL@@			18
generator_bad_product	date	datetime(6)	YES	@@NULL@@			19
generator_bad_product	job_code	varchar(255)	YES	@@NULL@@			20
generator_bad_product	creator_id	bigint	YES	@@NULL@@			21
generator_bad_product	product_name	varchar(50)	YES	@@NULL@@			22
generator_bad_product	scrap_waste	int	YES	@@NULL@@			23
generator_bad_product	ticket_id	bigint	YES	@@NULL@@			24
generator_bad_product	responsible_dept	varchar(255)	YES	@@NULL@@			25
generator_bad_product_record	id	bigint	NO	@@NULL@@	auto_increment		1
generator_bad_product_record	remark	varchar(255)	YES	@@NULL@@			2
generator_bad_product_record	modifier	varchar(255)	YES	@@NULL@@			3
generator_bad_product_record	belong_dept	int	YES	@@NULL@@			4
generator_bad_product_record	update_datetime	datetime(6)	YES	@@NULL@@			5
generator_bad_product_record	create_datetime	datetime(6)	YES	@@NULL@@			6
generator_bad_product_record	sort	int	YES	@@NULL@@			7
generator_bad_product_record	box_code	varchar(255)	YES	@@NULL@@			8
generator_bad_product_record	state	int	YES	@@NULL@@			9
generator_bad_product_record	type	varchar(20)	YES	@@NULL@@			10
generator_bad_product_record	job_code	varchar(255)	YES	@@NULL@@			11
generator_bad_product_record	product_name	varchar(20)	YES	@@NULL@@			12
generator_bad_product_record	product_qrcode	varchar(50)	YES	@@NULL@@			13
generator_bad_product_record	creator_id	bigint	YES	@@NULL@@			14
generator_bad_product_record	scan_time	datetime	YES	@@NULL@@			15
generator_bad_product_record	p_state	int	YES	@@NULL@@			16
generator_bad_product_record	bad_product_id	bigint	YES	@@NULL@@			17
generator_bad_product_record	_MASK_FROM_V2	timestamp	NO	CURRENT_TIMESTAMP	DEFAULT_GENERATED on update CURRENT_TIMESTAMP		18
generator_bad_product_view	id	bigint	NO	0			1
generator_bad_product_view	remark	varchar(255)	YES	@@NULL@@			2
generator_bad_product_view	modifier	varchar(255)	YES	@@NULL@@			3
generator_bad_product_view	belong_dept	int	YES	@@NULL@@			4
generator_bad_product_view	update_datetime	datetime(6)	YES	@@NULL@@			5
generator_bad_product_view	create_datetime	datetime(6)	YES	@@NULL@@			6
generator_bad_product_view	sort	int	YES	@@NULL@@			7
generator_bad_product_view	method	longtext	YES	@@NULL@@			8
generator_bad_product_view	reason	longtext	YES	@@NULL@@			9
generator_bad_product_view	responser	varchar(255)	YES	@@NULL@@			10
generator_bad_product_view	find_method	varchar(20)	YES	@@NULL@@			11
generator_bad_product_view	finder	varchar(20)	YES	@@NULL@@			12
generator_bad_product_view	debug_work	int	YES	@@NULL@@			13
generator_bad_product_view	debug_data	int	YES	@@NULL@@			14
generator_bad_product_view	details	longtext	YES	@@NULL@@			15
generator_bad_product_view	picture	json	YES	@@NULL@@			16
generator_bad_product_view	type	varchar(20)	YES	@@NULL@@			17
generator_bad_product_view	code	varchar(255)	YES	@@NULL@@			18
generator_bad_product_view	date	datetime(6)	YES	@@NULL@@			19
generator_bad_product_view	job_code	varchar(255)	YES	@@NULL@@			20
generator_bad_product_view	creator_id	bigint	YES	@@NULL@@			21
generator_bad_product_view	product_name	varchar(50)	YES	@@NULL@@			22
generator_bad_product_view	scrap_waste	int	YES	@@NULL@@			23
generator_bad_product_view	ticket_id	bigint	YES	@@NULL@@			24
generator_bad_product_view	product	varchar(50)	YES	@@NULL@@			25
generator_box_code_verify	id	bigint	NO	@@NULL@@	auto_increment		1
generator_box_code_verify	remark	varchar(255)	YES	@@NULL@@			2
generator_box_code_verify	modifier	varchar(255)	YES	@@NULL@@			3
generator_box_code_verify	belong_dept	int	YES	@@NULL@@			4
generator_box_code_verify	update_datetime	datetime(6)	YES	@@NULL@@			5
generator_box_code_verify	create_datetime	datetime(6)	YES	@@NULL@@			6
generator_box_code_verify	sort	int	YES	@@NULL@@			7
generator_box_code_verify	image	json	YES	@@NULL@@			8
generator_box_code_verify	cc	json	YES	@@NULL@@			9
generator_box_code_verify	product_qr	varchar(50)	YES	@@NULL@@			10
generator_box_code_verify	product_qr_verified	int	YES	@@NULL@@			11
generator_box_code_verify	p_state	int	YES	@@NULL@@			12
generator_box_code_verify	ai_state	int	YES	@@NULL@@			13
generator_box_code_verify	number	int	YES	@@NULL@@			14
generator_box_code_verify	product_name	varchar(20)	YES	@@NULL@@			15
generator_box_code_verify	box_code	varchar(50)	YES	@@NULL@@			16
generator_box_code_verify	creator_id	bigint	YES	@@NULL@@			17
generator_box_code_verify	flag	tinyint(1)	YES	@@NULL@@			18
generator_box_code_verify	image_md5	json	YES	@@NULL@@			19
generator_box_code_verify	customer_box_code	varchar(500)	YES	@@NULL@@			20
generator_box_code_verify	customer_box_code_bind_time	datetime(6)	YES	@@NULL@@			21
generator_box_code_verify	customer_box_code_binder	varchar(100)	YES	@@NULL@@			22
generator_calibration_record	id	bigint	NO	@@NULL@@	auto_increment		1
generator_calibration_record	remark	varchar(255)	YES	@@NULL@@			2
generator_calibration_record	modifier	varchar(255)	YES	@@NULL@@			3
generator_calibration_record	belong_dept	int	YES	@@NULL@@			4
generator_calibration_record	update_datetime	datetime(6)	YES	@@NULL@@			5
generator_calibration_record	create_datetime	datetime(6)	YES	@@NULL@@			6
generator_calibration_record	sort	int	YES	@@NULL@@			7
generator_calibration_record	images	json	YES	@@NULL@@			8
generator_calibration_record	number	varchar(100)	YES	@@NULL@@			9
generator_calibration_record	result	varchar(10)	YES	@@NULL@@			10
generator_calibration_record	cycle_days	int unsigned	YES	@@NULL@@			11
generator_calibration_record	next_date	date	YES	@@NULL@@			12
generator_calibration_record	date	date	YES	@@NULL@@			13
generator_calibration_record	creator_id	bigint	YES	@@NULL@@			14
generator_calibration_record	instrument_id	bigint	YES	@@NULL@@			15
generator_capability_score	id	bigint	NO	@@NULL@@	auto_increment		1
generator_capability_score	site	varchar(20)	YES	@@NULL@@		工作地点	2
generator_capability_score	dept	varchar(30)	YES	@@NULL@@		所属部门	3
generator_capability_score	job_code	varchar(255)	YES	@@NULL@@		线级工作代号	4
generator_capability_score	product_name	varchar(500)	YES	@@NULL@@		产品名称(多个拼接)	5
generator_capability_score	line_type	varchar(20)	YES	@@NULL@@		工作类型:手动/自动	6
generator_capability_score	category	varchar(20)	YES	@@NULL@@		类别:线级手动/线级自动/辅助	7
generator_capability_score	plan_output	int	YES	@@NULL@@		计划产量(每班)	8
generator_capability_score	user_code	varchar(20)	YES	@@NULL@@		工号	9
generator_capability_score	user_name	varchar(30)	YES	@@NULL@@		姓名	10
generator_capability_score	work_days	int	YES	@@NULL@@		工作天数	11
generator_capability_score	unit_hours	decimal(13,4)	YES	@@NULL@@		单件工时(小时)	12
generator_capability_score	oph	decimal(10,2)	YES	@@NULL@@			13
generator_capability_score	attain_rate	decimal(8,4)	YES	@@NULL@@		产量达成率	14
generator_capability_score	quality_rate	decimal(8,4)	YES	@@NULL@@		良率	15
generator_capability_score	downtime_rate	decimal(8,4)	YES	@@NULL@@		宕机率	16
generator_capability_score	eff_score	decimal(6,4)	YES	@@NULL@@		效率子分	17
generator_capability_score	attain_score	decimal(6,4)	YES	@@NULL@@		达成子分	18
generator_capability_score	stability_score	decimal(6,4)	YES	@@NULL@@			19
generator_capability_score	exp_score	decimal(6,4)	YES	@@NULL@@		经验子分	20
generator_capability_score	recency_days	int	YES	@@NULL@@		距最近一次作业天数	21
generator_capability_score	recency_score	decimal(6,4)	YES	@@NULL@@		近期性子分	22
generator_capability_score	score	decimal(6,4)	YES	@@NULL@@		综合评分S(0~1)	23
generator_capability_score	rank_in_line	int	YES	@@NULL@@		该线内排名	24
generator_capability_score	day_cap	tinyint(1)	NO	0		白班做过	25
generator_capability_score	night_cap	tinyint(1)	NO	0		夜班做过	26
generator_capability_score	calc_time	datetime	YES	@@NULL@@		本次计算时间	27
generator_cmm_inspection_log	id	bigint	NO	@@NULL@@	auto_increment		1
generator_cmm_inspection_log	remark	varchar(255)	YES	@@NULL@@			2
generator_cmm_inspection_log	modifier	varchar(255)	YES	@@NULL@@			3
generator_cmm_inspection_log	belong_dept	int	YES	@@NULL@@			4
generator_cmm_inspection_log	update_datetime	datetime(6)	YES	CURRENT_TIMESTAMP(6)	DEFAULT_GENERATED on update CURRENT_TIMESTAMP(6)		5
generator_cmm_inspection_log	create_datetime	datetime(6)	YES	CURRENT_TIMESTAMP(6)	DEFAULT_GENERATED on update CURRENT_TIMESTAMP(6)		6
generator_cmm_inspection_log	sort	int	YES	1			7
generator_cmm_inspection_log	remarks	varchar(255)	YES	@@NULL@@			8
generator_cmm_inspection_log	person	varchar(255)	YES	@@NULL@@			9
generator_cmm_inspection_log	status	varchar(255)	YES	@@NULL@@			10
generator_cmm_inspection_log	result	varchar(255)	YES	@@NULL@@			11
generator_cmm_inspection_log	temperature	varchar(255)	YES	@@NULL@@			12
generator_cmm_inspection_log	time	datetime(6)	YES	@@NULL@@			13
generator_cmm_inspection_log	inspection_person	varchar(255)	YES	@@NULL@@			14
generator_cmm_inspection_log	first_article_reason	varchar(255)	YES	@@NULL@@			15
generator_cmm_inspection_log	is_first_article	varchar(255)	YES	@@NULL@@			16
generator_cmm_inspection_log	inspection_status	varchar(255)	YES	@@NULL@@			17
generator_cmm_inspection_log	mold_no	varchar(255)	YES	@@NULL@@			18
generator_cmm_inspection_log	production_line_no	varchar(255)	YES	@@NULL@@			19
generator_cmm_inspection_log	qr_code	varchar(255)	YES	@@NULL@@			20
generator_cmm_inspection_log	product_name	varchar(255)	YES	@@NULL@@			21
generator_cmm_inspection_log	inspection_time	datetime(6)	YES	@@NULL@@			22
generator_cmm_inspection_log	creator_id	bigint	YES	@@NULL@@			23
generator_cmm_inspection_log	_MASK_TO_V2	bigint	YES	@@NULL@@			24
generator_cmm_inspection_log	_MUSID_SYNC_V2	int unsigned	YES	@@NULL@@			25
generator_commentsmessage	id	bigint	NO	@@NULL@@	auto_increment		1
generator_commentsmessage	remark	varchar(255)	YES	@@NULL@@			2
generator_commentsmessage	modifier	varchar(255)	YES	@@NULL@@			3
generator_commentsmessage	belong_dept	int	YES	@@NULL@@			4
generator_commentsmessage	update_datetime	datetime(6)	YES	@@NULL@@			5
generator_commentsmessage	create_datetime	datetime(6)	YES	@@NULL@@			6
generator_commentsmessage	odd_numbers	varchar(255)	YES	@@NULL@@			7
generator_commentsmessage	parentId	int	YES	@@NULL@@			8
generator_commentsmessage	postDate	varchar(255)	YES	@@NULL@@			9
generator_commentsmessage	receiverId	int	YES	@@NULL@@			10
generator_commentsmessage	senderId	int	YES	@@NULL@@			11
generator_commentsmessage	senderName	varchar(255)	YES	@@NULL@@			12
generator_commentsmessage	text	varchar(255)	YES	@@NULL@@			13
generator_commentsmessage	sort	int	YES	@@NULL@@			14
generator_commentsmessage	receiverName	varchar(255)	YES	@@NULL@@			15
generator_commentsmessage	creator_id	bigint	YES	@@NULL@@			16
generator_company	id	bigint	NO	@@NULL@@	auto_increment		1
generator_company	remark	varchar(255)	YES	@@NULL@@			2
generator_company	modifier	varchar(255)	YES	@@NULL@@			3
generator_company	belong_dept	int	YES	@@NULL@@			4
generator_company	update_datetime	datetime(6)	YES	@@NULL@@			5
generator_company	create_datetime	datetime(6)	YES	@@NULL@@			6
generator_company	sort	int	YES	@@NULL@@			7
generator_company	is_active	tinyint(1)	NO	@@NULL@@			8
generator_company	business_scope	longtext	YES	@@NULL@@			9
generator_company	phone_number	varchar(30)	YES	@@NULL@@			10
generator_company	address	varchar(255)	YES	@@NULL@@			11
generator_company	type	varchar(100)	YES	@@NULL@@			12
generator_company	legal_representative	varchar(80)	YES	@@NULL@@			13
generator_company	registration_number	varchar(100)	YES	@@NULL@@			14
generator_company	name	varchar(255)	YES	@@NULL@@			15
generator_company	creator_id	bigint	YES	@@NULL@@			16
generator_company	use_dept	varchar(30)	YES	@@NULL@@			17
generator_company	relationship	int	YES	@@NULL@@			18
generator_cooperation	id	bigint	NO	@@NULL@@	auto_increment		1
generator_cooperation	modifier	varchar(255)	YES	@@NULL@@			2
generator_cooperation	belong_dept	int	YES	@@NULL@@			3
generator_cooperation	update_datetime	datetime(6)	YES	@@NULL@@			4
generator_cooperation	create_datetime	datetime(6)	YES	@@NULL@@			5
generator_cooperation	sort	int	YES	@@NULL@@			6
generator_cooperation	support_staff	json	YES	@@NULL@@			7
generator_cooperation	end_datetime	datetime(6)	YES	@@NULL@@			8
generator_cooperation	cc_send	json	YES	@@NULL@@			9
generator_cooperation	remark	longtext	YES	@@NULL@@			10
generator_cooperation	priority	varchar(20)	YES	@@NULL@@			11
generator_cooperation	product_name	varchar(50)	YES	@@NULL@@			12
generator_cooperation	job_code_name	varchar(80)	YES	@@NULL@@			13
generator_cooperation	date_time	datetime(6)	YES	@@NULL@@			14
generator_cooperation	type	varchar(20)	YES	@@NULL@@			15
generator_cooperation	creator_id	bigint	YES	@@NULL@@			16
generator_cooperation	devices	varchar(80)	YES	@@NULL@@			17
generator_cooperation	purchase	json	YES	@@NULL@@			18
generator_cooperation	target	varchar(40)	YES	@@NULL@@			19
generator_cooperation	picture	json	YES	@@NULL@@			20
generator_cooperation	message	json	YES	@@NULL@@			21
generator_cooperation	tangential_process	json	YES	@@NULL@@			22
generator_cooperation	state	int	YES	@@NULL@@			23
generator_customer_order	id	bigint	NO	@@NULL@@	auto_increment		1
generator_customer_order	remark	varchar(255)	YES	@@NULL@@			2
generator_customer_order	modifier	varchar(255)	YES	@@NULL@@			3
generator_customer_order	belong_dept	int	YES	@@NULL@@			4
generator_customer_order	update_datetime	datetime(6)	YES	@@NULL@@			5
generator_customer_order	create_datetime	datetime(6)	YES	@@NULL@@			6
generator_customer_order	sort	int	YES	@@NULL@@			7
generator_customer_order	image	varchar(255)	YES	@@NULL@@			8
generator_customer_order	count	int	YES	@@NULL@@			9
generator_customer_order	box_number	int	YES	@@NULL@@			10
generator_customer_order	number	int	YES	@@NULL@@			11
generator_customer_order	product_name	varchar(20)	YES	@@NULL@@			12
generator_customer_order	customer_name	varchar(30)	YES	@@NULL@@			13
generator_customer_order	site	varchar(30)	YES	@@NULL@@			14
generator_customer_order	date	date	YES	@@NULL@@			15
generator_customer_order	creator_id	bigint	YES	@@NULL@@			16
generator_customer_order	customer_order_number	varchar(30)	YES	@@NULL@@			17
generator_customer_order	order_state	tinyint(1)	YES	@@NULL@@			18
generator_daily_tool_summary	id	bigint	NO	@@NULL@@	auto_increment		1
generator_daily_tool_summary	remark	varchar(255)	YES	@@NULL@@			2
generator_daily_tool_summary	modifier	varchar(255)	YES	@@NULL@@			3
generator_daily_tool_summary	belong_dept	int	YES	@@NULL@@			4
generator_daily_tool_summary	update_datetime	datetime(6)	YES	@@NULL@@			5
generator_daily_tool_summary	create_datetime	datetime(6)	YES	@@NULL@@			6
generator_daily_tool_summary	sort	int	YES	@@NULL@@			7
generator_daily_tool_summary	date_time	date	YES	@@NULL@@			8
generator_daily_tool_summary	model	varchar(255)	YES	@@NULL@@			9
generator_daily_tool_summary	bar_code	varchar(255)	YES	@@NULL@@			10
generator_daily_tool_summary	creator_id	bigint	YES	@@NULL@@			11
generator_dailyreport	id	bigint	NO	@@NULL@@	auto_increment		1
generator_dailyreport	remark	varchar(255)	YES	@@NULL@@			2
generator_dailyreport	modifier	varchar(255)	YES	@@NULL@@			3
generator_dailyreport	belong_dept	int	YES	@@NULL@@			4
generator_dailyreport	update_datetime	datetime(6)	YES	@@NULL@@			5
generator_dailyreport	create_datetime	datetime(6)	YES	@@NULL@@			6
generator_dailyreport	sort	int	YES	@@NULL@@			7
generator_dailyreport	report_date	date	NO	@@NULL@@			8
generator_dailyreport	details	longtext	YES	@@NULL@@			9
generator_dailyreport	tomorrow_plan	longtext	YES	@@NULL@@			10
generator_dailyreport	creator_id	bigint	YES	@@NULL@@			11
generator_dailyreport	cc_users	json	YES	@@NULL@@			12
generator_dailyreport	comments	json	YES	@@NULL@@			13
generator_dailytask	id	bigint	NO	@@NULL@@	auto_increment		1
generator_dailytask	remark	varchar(255)	YES	@@NULL@@			2
generator_dailytask	modifier	varchar(255)	YES	@@NULL@@			3
generator_dailytask	belong_dept	int	YES	@@NULL@@			4
generator_dailytask	update_datetime	datetime(6)	YES	@@NULL@@			5
generator_dailytask	create_datetime	datetime(6)	YES	@@NULL@@			6
generator_dailytask	sort	int	YES	@@NULL@@			7
generator_dailytask	task_date	date	NO	@@NULL@@			8
generator_dailytask	percentage	int	NO	@@NULL@@			9
generator_dailytask	creator_id	bigint	YES	@@NULL@@			10
generator_dailytask	project_id	bigint	YES	@@NULL@@			11
generator_dailytask	is_systemTask	tinyint(1)	NO	@@NULL@@			12
generator_dailytask	name	varchar(50)	YES	@@NULL@@			13
generator_defective_product	id	bigint	NO	@@NULL@@	auto_increment		1
generator_defective_product	remark	varchar(255)	YES	@@NULL@@			2
generator_defective_product	modifier	varchar(255)	YES	@@NULL@@			3
generator_defective_product	belong_dept	int	YES	@@NULL@@			4
generator_defective_product	update_datetime	datetime(6)	YES	@@NULL@@			5
generator_defective_product	create_datetime	datetime(6)	YES	@@NULL@@			6
generator_defective_product	sort	int	YES	@@NULL@@			7
generator_defective_product	quantity	int	YES	@@NULL@@			8
generator_defective_product	reason	varchar(30)	YES	@@NULL@@			9
generator_defective_product	discoverer	varchar(30)	YES	@@NULL@@			10
generator_defective_product	discovery_method	varchar(30)	YES	@@NULL@@			11
generator_defective_product	responsible_person	varchar(30)	YES	@@NULL@@			12
generator_defective_product	type	varchar(30)	YES	@@NULL@@			13
generator_defective_product	product	varchar(30)	YES	@@NULL@@			14
generator_defective_product	date	date	YES	@@NULL@@			15
generator_defective_product	creator_id	bigint	YES	@@NULL@@			16
generator_definition_five_s	id	bigint	NO	@@NULL@@	auto_increment		1
generator_definition_five_s	remark	varchar(255)	YES	@@NULL@@			2
generator_definition_five_s	modifier	varchar(255)	YES	@@NULL@@			3
generator_definition_five_s	belong_dept	int	YES	@@NULL@@			4
generator_definition_five_s	update_datetime	datetime(6)	YES	@@NULL@@			5
generator_definition_five_s	create_datetime	datetime(6)	YES	@@NULL@@			6
generator_definition_five_s	sort	int	YES	@@NULL@@			7
generator_definition_five_s	objective	longtext	YES	@@NULL@@			8
generator_definition_five_s	implementation_benefits	longtext	YES	@@NULL@@			9
generator_definition_five_s	activity_object	longtext	YES	@@NULL@@			10
generator_definition_five_s	project_5s	longtext	YES	@@NULL@@			11
generator_definition_five_s	creator_id	bigint	YES	@@NULL@@			12
generator_device_cutting_fluid_check	id	bigint	NO	@@NULL@@	auto_increment		1
generator_device_cutting_fluid_check	remark	varchar(255)	YES	@@NULL@@			2
generator_device_cutting_fluid_check	modifier	varchar(255)	YES	@@NULL@@			3
generator_device_cutting_fluid_check	belong_dept	int	YES	@@NULL@@			4
generator_device_cutting_fluid_check	update_datetime	datetime(6)	YES	@@NULL@@			5
generator_device_cutting_fluid_check	create_datetime	datetime(6)	YES	@@NULL@@			6
generator_device_cutting_fluid_check	sort	int	YES	@@NULL@@			7
generator_device_cutting_fluid_check	inspection_content	json	YES	@@NULL@@			8
generator_device_cutting_fluid_check	creator_id	bigint	YES	@@NULL@@			9
generator_device_cutting_fluid_check	inspector_id	bigint	YES	@@NULL@@			10
generator_device_eff	id	bigint	NO	@@NULL@@	auto_increment		1
generator_device_eff	remark	varchar(255)	YES	@@NULL@@			2
generator_device_eff	modifier	varchar(255)	YES	@@NULL@@			3
generator_device_eff	belong_dept	int	YES	@@NULL@@			4
generator_device_eff	update_datetime	datetime(6)	YES	@@NULL@@			5
generator_device_eff	create_datetime	datetime(6)	YES	@@NULL@@			6
generator_device_eff	sort	int	YES	@@NULL@@			7
generator_device_eff	recommendations	longtext	YES	@@NULL@@			8
generator_device_eff	date_time	date	YES	@@NULL@@			9
generator_device_eff	production_count	int	YES	@@NULL@@			10
generator_device_eff	efficiency	decimal(13,2)	YES	@@NULL@@			11
generator_device_eff	downtime	decimal(13,1)	YES	@@NULL@@			12
generator_device_eff	runtime	decimal(13,1)	YES	@@NULL@@			13
generator_device_eff	creator_id	bigint	YES	@@NULL@@			14
generator_device_eff	device_id	bigint	YES	@@NULL@@			15
generator_devices	id	bigint	NO	@@NULL@@	auto_increment		1
generator_devices	remark	varchar(255)	YES	@@NULL@@			2
generator_devices	modifier	varchar(255)	YES	@@NULL@@			3
generator_devices	belong_dept	int	YES	@@NULL@@			4
generator_devices	update_datetime	datetime(6)	YES	@@NULL@@			5
generator_devices	create_datetime	datetime(6)	YES	@@NULL@@			6
generator_devices	sort	int	YES	@@NULL@@			7
generator_devices	status	varchar(255)	YES	@@NULL@@			8
generator_devices	last_maintenance	date	YES	@@NULL@@			9
generator_devices	ownership	varchar(255)	YES	@@NULL@@			10
generator_devices	manager	varchar(255)	YES	@@NULL@@			11
generator_devices	production_line	varchar(255)	YES	@@NULL@@			12
generator_devices	four_axis_config	varchar(255)	YES	@@NULL@@			13
generator_devices	tool_config	varchar(255)	YES	@@NULL@@			14
generator_devices	power_parameters	varchar(255)	YES	@@NULL@@			15
generator_devices	manufacturer	varchar(255)	YES	@@NULL@@			16
generator_devices	manufacturing_date	date	YES	@@NULL@@			17
generator_devices	arrival_date	date	YES	@@NULL@@			18
generator_devices	type_id	bigint	YES	@@NULL@@			19
generator_devices	internal_code	varchar(255)	YES	@@NULL@@			20
generator_devices	serial_code	varchar(255)	YES	@@NULL@@			21
generator_devices	model	varchar(255)	YES	@@NULL@@			22
generator_devices	name	varchar(255)	YES	@@NULL@@			23
generator_devices	creator_id	bigint	YES	@@NULL@@			24
generator_devices	dept_id	bigint	YES	@@NULL@@			25
generator_devices	is_delete	tinyint(1)	NO	@@NULL@@			26
generator_devices	history	json	YES	@@NULL@@			27
generator_devices	tool_list	json	YES	@@NULL@@			28
generator_devices	concentration_range	json	YES	@@NULL@@			29
generator_devices_log	id	bigint	NO	@@NULL@@			1
generator_devices_log	remark	varchar(255)	YES	@@NULL@@			2
generator_devices_log	modifier	varchar(255)	YES	@@NULL@@			3
generator_devices_log	belong_dept	int	YES	@@NULL@@			4
generator_devices_log	update_datetime	datetime(6)	YES	@@NULL@@			5
generator_devices_log	create_datetime	datetime(6)	YES	@@NULL@@			6
generator_devices_log	sort	int	YES	@@NULL@@			7
generator_devices_log	description	longtext	YES	@@NULL@@			8
generator_devices_log	status	varchar(255)	YES	@@NULL@@			9
generator_devices_log	date_time	datetime(6)	YES	@@NULL@@			10
generator_devices_log	device_id	bigint	YES	@@NULL@@			11
generator_devices_log	creator_id	bigint	YES	@@NULL@@			12
generator_djgkcsl	id	bigint	NO	@@NULL@@	auto_increment		1
generator_djgkcsl	remark	varchar(255)	YES	@@NULL@@			2
generator_djgkcsl	modifier	varchar(255)	YES	@@NULL@@			3
generator_djgkcsl	belong_dept	int	YES	@@NULL@@			4
generator_djgkcsl	update_datetime	datetime(6)	YES	@@NULL@@			5
generator_djgkcsl	create_datetime	datetime(6)	YES	@@NULL@@			6
generator_djgkcsl	sort	int	YES	@@NULL@@			7
generator_djgkcsl	数量	decimal(13,4)	YES	@@NULL@@			8
generator_djgkcsl	型号	varchar(255)	YES	@@NULL@@			9
generator_djgkcsl	条码	varchar(255)	YES	@@NULL@@			10
generator_djgkcsl	creator_id	bigint	YES	@@NULL@@			11
generator_djgsy	id	bigint	NO	@@NULL@@	auto_increment		1
generator_djgsy	remark	varchar(255)	YES	@@NULL@@			2
generator_djgsy	modifier	varchar(255)	YES	超级管理员			3
generator_djgsy	belong_dept	int	YES	@@NULL@@			4
generator_djgsy	update_datetime	datetime	YES	CURRENT_TIMESTAMP	DEFAULT_GENERATED on update CURRENT_TIMESTAMP		5
generator_djgsy	create_datetime	datetime	YES	CURRENT_TIMESTAMP	DEFAULT_GENERATED on update CURRENT_TIMESTAMP		6
generator_djgsy	sort	int	YES	1			7
generator_djgsy	machine_tool	varchar(255)	YES	@@NULL@@			8
generator_djgsy	number_of_layers	varchar(255)	YES	@@NULL@@			9
generator_djgsy	algorithm_detection_quantity	varchar(255)	YES	@@NULL@@			10
generator_djgsy	external_inspection_quantity	varchar(255)	YES	@@NULL@@			11
generator_djgsy	old_knife_barcode	varchar(255)	YES	@@NULL@@			12
generator_djgsy	new_knife_barcode	varchar(255)	YES	@@NULL@@			13
generator_djgsy	time_end	varchar(255)	YES	@@NULL@@			14
generator_djgsy	time_on	varchar(255)	YES	@@NULL@@			15
generator_djgsy	operator	varchar(255)	YES	@@NULL@@			16
generator_djgsy	action	varchar(255)	YES	@@NULL@@			17
generator_djgsy	creator_id	bigint	YES	1			18
generator_djgsy	_MASK_TO_V2	bigint	YES	@@NULL@@			19
generator_djgsy	CREATE_DATE	datetime	YES	@@NULL@@			20
generator_djgsy	CABINET_NUM	varchar(255)	YES	@@NULL@@			21
generator_djgsy	_MUSID_SYNC_V2	int unsigned	YES	@@NULL@@			22
generator_djgsy	reason_for_replacement	varchar(255)	YES	@@NULL@@			23
generator_djgsy	tool_model	varchar(255)	YES	@@NULL@@			24
generator_djkc	id	bigint	NO	@@NULL@@	auto_increment		1
generator_djkc	remark	varchar(255)	YES	@@NULL@@			2
generator_djkc	modifier	varchar(255)	YES	超级管理员			3
generator_djkc	belong_dept	int	YES	@@NULL@@			4
generator_djkc	update_datetime	datetime	YES	CURRENT_TIMESTAMP	DEFAULT_GENERATED on update CURRENT_TIMESTAMP		5
generator_djkc	create_datetime	datetime	YES	CURRENT_TIMESTAMP	DEFAULT_GENERATED on update CURRENT_TIMESTAMP		6
generator_djkc	sort	int	YES	1			7
generator_djkc	input_number_3	int	YES	@@NULL@@			8
generator_djkc	input_2	varchar(255)	YES	@@NULL@@			9
generator_djkc	input_1	varchar(255)	YES	@@NULL@@			10
generator_djkc	creator_id	bigint	YES	1			11
generator_djkc	input_number_2	int	YES	@@NULL@@			12
generator_djkc	input_number_1	int	YES	@@NULL@@			13
generator_djkc	input_5	varchar(255)	YES	@@NULL@@			14
generator_djkc	input_6	varchar(255)	YES	@@NULL@@			15
generator_djkc	_MASK_TO_V2	bigint	YES	@@NULL@@			16
generator_djkc	_MUSID_SYNC_V2	int unsigned	YES	@@NULL@@			17
generator_employment_registration	id	bigint	NO	@@NULL@@	auto_increment		1
generator_employment_registration	remark	varchar(255)	YES	@@NULL@@			2
generator_employment_registration	modifier	varchar(255)	YES	@@NULL@@			3
generator_employment_registration	belong_dept	int	YES	@@NULL@@			4
generator_employment_registration	update_datetime	datetime(6)	YES	@@NULL@@			5
generator_employment_registration	create_datetime	datetime(6)	YES	@@NULL@@			6
generator_employment_registration	sort	int	YES	@@NULL@@			7
generator_employment_registration	veteran_status	tinyint(1)	YES	@@NULL@@			8
generator_employment_registration	residence_permit	tinyint(1)	YES	@@NULL@@			9
generator_employment_registration	work_certificate	varchar(100)	YES	@@NULL@@			10
generator_employment_registration	political_status	varchar(10)	YES	@@NULL@@			11
generator_employment_registration	self_introduction	longtext	YES	@@NULL@@			12
generator_employment_registration	family_information	json	YES	@@NULL@@			13
generator_employment_registration	work_experience	json	YES	@@NULL@@			14
generator_employment_registration	major	varchar(30)	YES	@@NULL@@			15
generator_employment_registration	graduation_school	varchar(255)	YES	@@NULL@@			16
generator_employment_registration	graduation_date	date	YES	@@NULL@@			17
generator_employment_registration	education	varchar(20)	YES	@@NULL@@			18
generator_employment_registration	id_number	varchar(18)	YES	@@NULL@@			19
generator_employment_registration	household_registration_type	varchar(50)	YES	@@NULL@@			20
generator_employment_registration	emergency_contact_phone	varchar(30)	YES	@@NULL@@			21
generator_employment_registration	emergency_contact_name	varchar(30)	YES	@@NULL@@			22
generator_employment_registration	phone	varchar(20)	YES	@@NULL@@			23
generator_employment_registration	home_address	varchar(255)	YES	@@NULL@@			24
generator_employment_registration	postal_code	varchar(20)	YES	@@NULL@@			25
generator_employment_registration	registered_address	varchar(255)	YES	@@NULL@@			26
generator_employment_registration	marital_status	varchar(20)	YES	@@NULL@@			27
generator_employment_registration	weight_kg	decimal(5,2)	YES	@@NULL@@			28
generator_employment_registration	height_cm	decimal(5,2)	YES	@@NULL@@			29
generator_employment_registration	vision	varchar(50)	YES	@@NULL@@			30
generator_employment_registration	birth_date	date	YES	@@NULL@@			31
generator_employment_registration	health_status	varchar(100)	YES	@@NULL@@			32
generator_employment_registration	ethnicity	varchar(50)	YES	@@NULL@@			33
generator_employment_registration	native_place	varchar(255)	YES	@@NULL@@			34
generator_employment_registration	is_male	tinyint(1)	YES	@@NULL@@			35
generator_employment_registration	name	varchar(30)	YES	@@NULL@@			36
generator_employment_registration	position	varchar(30)	YES	@@NULL@@			37
generator_employment_registration	site	varchar(10)	YES	@@NULL@@			38
generator_employment_registration	creator_id	bigint	YES	@@NULL@@			39
generator_employment_registration	state	int	YES	@@NULL@@			40
generator_employment_registration	company	varchar(20)	YES	@@NULL@@			41
generator_eng_tool_knives	id	bigint	NO	@@NULL@@	auto_increment		1
generator_eng_tool_knives	remark	varchar(255)	YES	@@NULL@@			2
generator_eng_tool_knives	modifier	varchar(255)	YES	超级管理员			3
generator_eng_tool_knives	belong_dept	int	YES	@@NULL@@			4
generator_eng_tool_knives	update_datetime	datetime(6)	YES	CURRENT_TIMESTAMP(6)	DEFAULT_GENERATED on update CURRENT_TIMESTAMP(6)		5
generator_eng_tool_knives	create_datetime	datetime(6)	YES	CURRENT_TIMESTAMP(6)	DEFAULT_GENERATED on update CURRENT_TIMESTAMP(6)		6
generator_eng_tool_knives	sort	int	YES	1			7
generator_eng_tool_knives	remarks	varchar(255)	YES	@@NULL@@			8
generator_eng_tool_knives	factory	varchar(255)	YES	@@NULL@@			9
generator_eng_tool_knives	knife_leader	varchar(255)	YES	@@NULL@@			10
generator_eng_tool_knives	number_of_layers	varchar(255)	YES	@@NULL@@			11
generator_eng_tool_knives	cabinet_number	varchar(255)	YES	@@NULL@@			12
generator_eng_tool_knives	model	varchar(255)	YES	@@NULL@@			13
generator_eng_tool_knives	supplier	varchar(255)	YES	@@NULL@@			14
generator_eng_tool_knives	bar_code	varchar(255)	YES	@@NULL@@			15
generator_eng_tool_knives	time	datetime(6)	YES	@@NULL@@			16
generator_eng_tool_knives	creator_id	bigint	YES	@@NULL@@			17
generator_eng_tool_knives	_MASK_TO_V2	bigint	YES	@@NULL@@			18
generator_eng_tool_knives	_MUSID_SYNC_V2	int unsigned	YES	@@NULL@@			19
generator_equipment_inspection	id	bigint	NO	@@NULL@@	auto_increment		1
generator_equipment_inspection	remark	varchar(255)	YES	@@NULL@@			2
generator_equipment_inspection	modifier	varchar(255)	YES	@@NULL@@			3
generator_equipment_inspection	belong_dept	int	YES	@@NULL@@			4
generator_equipment_inspection	update_datetime	datetime(6)	YES	@@NULL@@			5
generator_equipment_inspection	create_datetime	datetime(6)	YES	@@NULL@@			6
generator_equipment_inspection	sort	int	YES	@@NULL@@			7
generator_equipment_inspection	inspection_details	json	YES	@@NULL@@			8
generator_equipment_inspection	inspection_time	datetime(6)	YES	@@NULL@@			9
generator_equipment_inspection	inspection_number	varchar(50)	YES	@@NULL@@			10
generator_equipment_inspection	creator_id	bigint	YES	@@NULL@@			11
generator_equipment_inspection	inspection_equipment_id	bigint	YES	@@NULL@@			12
generator_equipment_inspection	inspection_personnel_id	bigint	YES	@@NULL@@			13
generator_equipment_inspection	inspection_standards_id	bigint	YES	@@NULL@@			14
generator_equipment_maintenance_records	id	bigint	NO	@@NULL@@	auto_increment		1
generator_equipment_maintenance_records	remark	varchar(255)	YES	@@NULL@@			2
generator_equipment_maintenance_records	modifier	varchar(255)	YES	@@NULL@@			3
generator_equipment_maintenance_records	belong_dept	int	YES	@@NULL@@			4
generator_equipment_maintenance_records	update_datetime	datetime(6)	YES	@@NULL@@			5
generator_equipment_maintenance_records	create_datetime	datetime(6)	YES	@@NULL@@			6
generator_equipment_maintenance_records	sort	int	YES	@@NULL@@			7
generator_equipment_maintenance_records	remarks	varchar(255)	YES	@@NULL@@			8
generator_equipment_maintenance_records	related_photos	varchar(255)	YES	@@NULL@@			9
generator_equipment_maintenance_records	maintenance_details	json	YES	@@NULL@@			10
generator_equipment_maintenance_records	next_maintenance_date	date	YES	@@NULL@@			11
generator_equipment_maintenance_records	maintenance_date	date	YES	@@NULL@@			12
generator_equipment_maintenance_records	operator_id	bigint	YES	@@NULL@@			13
generator_equipment_maintenance_records	equipment_id	bigint	YES	@@NULL@@			14
generator_equipment_maintenance_records	maintenance_order_number	varchar(255)	YES	@@NULL@@			15
generator_equipment_maintenance_records	creator_id	bigint	YES	@@NULL@@			16
generator_equipment_maintenance_records	last_maintenance_date	date	YES	@@NULL@@			17
generator_equipment_maintenance_records	maintenance_type	varchar(255)	YES	@@NULL@@			18
generator_equipment_maintenance_records	states	int	YES	@@NULL@@			19
generator_equipment_repair	id	bigint	NO	@@NULL@@	auto_increment		1
generator_equipment_repair	remark	varchar(255)	YES	@@NULL@@			2
generator_equipment_repair	modifier	varchar(255)	YES	@@NULL@@			3
generator_equipment_repair	belong_dept	int	YES	@@NULL@@			4
generator_equipment_repair	update_datetime	datetime(6)	YES	@@NULL@@			5
generator_equipment_repair	create_datetime	datetime(6)	YES	@@NULL@@			6
generator_equipment_repair	sort	int	YES	@@NULL@@			7
generator_equipment_repair	warranty_number	varchar(40)	YES	@@NULL@@			8
generator_equipment_repair	evaluate	varchar(255)	YES	@@NULL@@			9
generator_equipment_repair	problem_description	varchar(255)	YES	@@NULL@@			10
generator_equipment_repair	cc_personnel	varchar(255)	YES	@@NULL@@			11
generator_equipment_repair	direct_time	datetime(6)	YES	@@NULL@@			12
generator_equipment_repair	repair_time	datetime(6)	YES	@@NULL@@			13
generator_equipment_repair	rate_time	datetime(6)	YES	@@NULL@@			14
generator_equipment_repair	malfunction	tinyint(1)	YES	@@NULL@@			15
generator_equipment_repair	repetition	tinyint(1)	YES	@@NULL@@			16
generator_equipment_repair	stop_time	varchar(20)	YES	@@NULL@@			17
generator_equipment_repair	maintain_time	varchar(20)	YES	@@NULL@@			18
generator_equipment_repair	order_time	varchar(20)	YES	@@NULL@@			19
generator_equipment_repair	inspection_states	int	YES	@@NULL@@			20
generator_equipment_repair	difficulty_level	int	YES	@@NULL@@			21
generator_equipment_repair	emergency_level	int	YES	@@NULL@@			22
generator_equipment_repair	is_active	int	YES	@@NULL@@			23
generator_equipment_repair	rate	int	YES	@@NULL@@			24
generator_equipment_repair	mountings	json	YES	@@NULL@@			25
generator_equipment_repair	cooperate	json	YES	@@NULL@@			26
generator_equipment_repair	history	json	YES	@@NULL@@			27
generator_equipment_repair	fault_detail	json	YES	@@NULL@@			28
generator_equipment_repair	creator_id	bigint	YES	@@NULL@@			29
generator_equipment_repair	device_id	bigint	YES	@@NULL@@			30
generator_equipment_repair	direct_writer_id	bigint	YES	@@NULL@@			31
generator_equipment_repair	repair_applicant_id	bigint	YES	@@NULL@@			32
generator_equipment_repair	img	json	YES	@@NULL@@			33
generator_equipment_repair	message	json	YES	@@NULL@@			34
generator_equipment_repair	cnc_personnel	varchar(40)	YES	@@NULL@@			35
generator_equipment_repair	fault_class	varchar(40)	YES	@@NULL@@			36
generator_equipment_repair	zl_personnel	varchar(255)	YES	@@NULL@@			37
generator_equipment_repair	after_img	json	YES	@@NULL@@			38
generator_equipment_repair_report	id	bigint	NO	@@NULL@@	auto_increment		1
generator_equipment_repair_report	remark	varchar(255)	YES	@@NULL@@			2
generator_equipment_repair_report	modifier	varchar(255)	YES	@@NULL@@			3
generator_equipment_repair_report	belong_dept	int	YES	@@NULL@@			4
generator_equipment_repair_report	update_datetime	datetime(6)	YES	@@NULL@@			5
generator_equipment_repair_report	create_datetime	datetime(6)	YES	@@NULL@@			6
generator_equipment_repair_report	sort	int	YES	@@NULL@@			7
generator_equipment_repair_report	explanation_of_handling_situation	longtext	YES	@@NULL@@			8
generator_equipment_repair_report	fault_details	json	YES	@@NULL@@			9
generator_equipment_repair_report	repair_completion_date	datetime(6)	YES	@@NULL@@			10
generator_equipment_repair_report	problem_confirmation	varchar(255)	YES	@@NULL@@			11
generator_equipment_repair_report	maintenance_personnel_id	bigint	YES	@@NULL@@			12
generator_equipment_repair_report	related_photos	varchar(255)	YES	@@NULL@@			13
generator_equipment_repair_report	problem_description	longtext	YES	@@NULL@@			14
generator_equipment_repair_report	equipment_id	bigint	YES	@@NULL@@			15
generator_equipment_repair_report	repair_time	varchar(255)	YES	@@NULL@@			16
generator_equipment_repair_report	repair_applicant_id	bigint	YES	@@NULL@@			17
generator_equipment_repair_report	warranty_number	varchar(255)	YES	@@NULL@@			18
generator_equipment_repair_report	creator_id	bigint	YES	@@NULL@@			19
generator_equipment_repair_report	inspection_states	varchar(255)	YES	@@NULL@@			20
generator_equipment_repair_report	history	varchar(1000)	YES	@@NULL@@			21
generator_equipment_repair_report	quality_id	bigint	YES	@@NULL@@			22
generator_equipment_repair_report	rate	varchar(255)	YES	@@NULL@@			23
generator_equipment_repair_report_cc_personnel	id	bigint	NO	@@NULL@@	auto_increment		1
generator_equipment_repair_report_cc_personnel	equipmentrepairreport_id	bigint	NO	@@NULL@@			2
generator_equipment_repair_report_cc_personnel	users_id	bigint	NO	@@NULL@@			3
generator_equipment_repair_view	id	bigint	NO	0			1
generator_equipment_repair_view	remark	varchar(255)	YES	@@NULL@@			2
generator_equipment_repair_view	modifier	varchar(255)	YES	@@NULL@@			3
generator_equipment_repair_view	belong_dept	int	YES	@@NULL@@			4
generator_equipment_repair_view	update_datetime	datetime(6)	YES	@@NULL@@			5
generator_equipment_repair_view	create_datetime	datetime(6)	YES	@@NULL@@			6
generator_equipment_repair_view	sort	int	YES	@@NULL@@			7
generator_equipment_repair_view	warranty_number	varchar(40)	YES	@@NULL@@			8
generator_equipment_repair_view	evaluate	varchar(255)	YES	@@NULL@@			9
generator_equipment_repair_view	problem_description	varchar(255)	YES	@@NULL@@			10
generator_equipment_repair_view	cc_personnel	varchar(255)	YES	@@NULL@@			11
generator_equipment_repair_view	direct_time	datetime(6)	YES	@@NULL@@			12
generator_equipment_repair_view	repair_time	datetime(6)	YES	@@NULL@@			13
generator_equipment_repair_view	rate_time	datetime(6)	YES	@@NULL@@			14
generator_equipment_repair_view	malfunction	tinyint(1)	YES	@@NULL@@			15
generator_equipment_repair_view	repetition	tinyint(1)	YES	@@NULL@@			16
generator_equipment_repair_view	stop_time	varchar(20)	YES	@@NULL@@			17
generator_equipment_repair_view	maintain_time	varchar(20)	YES	@@NULL@@			18
generator_equipment_repair_view	order_time	varchar(20)	YES	@@NULL@@			19
generator_equipment_repair_view	inspection_states	int	YES	@@NULL@@			20
generator_equipment_repair_view	difficulty_level	int	YES	@@NULL@@			21
generator_equipment_repair_view	emergency_level	int	YES	@@NULL@@			22
generator_equipment_repair_view	is_active	int	YES	@@NULL@@			23
generator_equipment_repair_view	rate	int	YES	@@NULL@@			24
generator_equipment_repair_view	mountings	json	YES	@@NULL@@			25
generator_equipment_repair_view	cooperate	json	YES	@@NULL@@			26
generator_equipment_repair_view	history	json	YES	@@NULL@@			27
generator_equipment_repair_view	fault_detail	json	YES	@@NULL@@			28
generator_equipment_repair_view	creator_id	bigint	YES	@@NULL@@			29
generator_equipment_repair_view	device_id	bigint	YES	@@NULL@@			30
generator_equipment_repair_view	direct_writer_id	bigint	YES	@@NULL@@			31
generator_equipment_repair_view	repair_applicant_id	bigint	YES	@@NULL@@			32
generator_equipment_repair_view	img	json	YES	@@NULL@@			33
generator_equipment_repair_view	message	json	YES	@@NULL@@			34
generator_equipment_repair_view	cnc_personnel	varchar(40)	YES	@@NULL@@			35
generator_equipment_repair_view	fault_class	varchar(40)	YES	@@NULL@@			36
generator_equipment_repair_view	zl_personnel	varchar(255)	YES	@@NULL@@			37
generator_equipment_repair_view	name	varchar(255)	YES	@@NULL@@			38
generator_equipment_repair_view	status	varchar(255)	YES	@@NULL@@			39
generator_equipment_repair_view	last_maintenance	date	YES	@@NULL@@			40
generator_equipment_repair_view	ownership	varchar(255)	YES	@@NULL@@			41
generator_equipment_repair_view	manager	varchar(255)	YES	@@NULL@@			42
generator_equipment_repair_view	production_line	varchar(255)	YES	@@NULL@@			43
generator_equipment_repair_view	four_axis_config	varchar(255)	YES	@@NULL@@			44
generator_equipment_repair_view	tool_config	varchar(255)	YES	@@NULL@@			45
generator_equipment_repair_view	power_parameters	varchar(255)	YES	@@NULL@@			46
generator_equipment_repair_view	manufacturer	varchar(255)	YES	@@NULL@@			47
generator_equipment_repair_view	manufacturing_date	date	YES	@@NULL@@			48
generator_equipment_repair_view	arrival_date	date	YES	@@NULL@@			49
generator_equipment_repair_view	internal_code	varchar(255)	YES	@@NULL@@			50
generator_equipment_repair_view	serial_code	varchar(255)	YES	@@NULL@@			51
generator_equipment_repair_view	model	varchar(255)	YES	@@NULL@@			52
generator_exception_qrcode	id	bigint	NO	@@NULL@@	auto_increment		1
generator_exception_qrcode	remark	varchar(255)	YES	@@NULL@@			2
generator_exception_qrcode	modifier	varchar(255)	YES	@@NULL@@			3
generator_exception_qrcode	belong_dept	int	YES	@@NULL@@			4
generator_exception_qrcode	update_datetime	datetime(6)	YES	@@NULL@@			5
generator_exception_qrcode	create_datetime	datetime(6)	YES	@@NULL@@			6
generator_exception_qrcode	sort	int	YES	@@NULL@@			7
generator_exception_qrcode	type	varchar(20)	YES	@@NULL@@			8
generator_exception_qrcode	qrcode	varchar(255)	YES	@@NULL@@			9
generator_exception_qrcode	creator_id	bigint	YES	@@NULL@@			10
generator_finance_rule	id	bigint	NO	@@NULL@@	auto_increment		1
generator_finance_rule	remark	varchar(255)	YES	@@NULL@@			2
generator_finance_rule	modifier	varchar(255)	YES	@@NULL@@			3
generator_finance_rule	belong_dept	int	YES	@@NULL@@			4
generator_finance_rule	update_datetime	datetime(6)	YES	@@NULL@@			5
generator_finance_rule	create_datetime	datetime(6)	YES	@@NULL@@			6
generator_finance_rule	sort	int	YES	@@NULL@@			7
generator_finance_rule	value	decimal(13,2)	YES	@@NULL@@			8
generator_finance_rule	rule_name	varchar(20)	YES	@@NULL@@			9
generator_finance_rule	creator_id	bigint	YES	@@NULL@@			10
generator_finance_rule	compute_rule	varchar(255)	YES	@@NULL@@			11
generator_finance_rule	site	varchar(20)	YES	@@NULL@@			12
generator_finance_rule	attendance	decimal(13,2)	YES	@@NULL@@			13
generator_finance_rule	double	decimal(13,2)	YES	@@NULL@@			14
generator_finance_rule	money	decimal(13,2)	YES	@@NULL@@			15
generator_finance_rule	work_hours	int	YES	@@NULL@@			16
generator_finance_subsidies	id	bigint	NO	@@NULL@@	auto_increment		1
generator_finance_subsidies	remark	varchar(255)	YES	@@NULL@@			2
generator_finance_subsidies	modifier	varchar(255)	YES	@@NULL@@			3
generator_finance_subsidies	belong_dept	int	YES	@@NULL@@			4
generator_finance_subsidies	update_datetime	datetime(6)	YES	@@NULL@@			5
generator_finance_subsidies	create_datetime	datetime(6)	YES	@@NULL@@			6
generator_finance_subsidies	sort	int	YES	@@NULL@@			7
generator_finance_subsidies	subsidies	decimal(13,2)	YES	@@NULL@@			8
generator_finance_subsidies	site	varchar(20)	YES	@@NULL@@			9
generator_finance_subsidies	value	decimal(13,2)	YES	@@NULL@@			10
generator_finance_subsidies	name	varchar(30)	YES	@@NULL@@			11
generator_finance_subsidies	creator_id	bigint	YES	@@NULL@@			12
generator_fixture_maintenance_rc	id	bigint	NO	@@NULL@@	auto_increment		1
generator_fixture_maintenance_rc	remark	varchar(255)	YES	@@NULL@@			2
generator_fixture_maintenance_rc	modifier	varchar(255)	YES	@@NULL@@			3
generator_fixture_maintenance_rc	belong_dept	int	YES	@@NULL@@			4
generator_fixture_maintenance_rc	update_datetime	datetime(6)	YES	@@NULL@@			5
generator_fixture_maintenance_rc	create_datetime	datetime(6)	YES	@@NULL@@			6
generator_fixture_maintenance_rc	sort	int	YES	@@NULL@@			7
generator_fixture_maintenance_rc	content	longtext	YES	@@NULL@@			8
generator_fixture_maintenance_rc	after_img	varchar(255)	YES	@@NULL@@			9
generator_fixture_maintenance_rc	before_img	varchar(255)	YES	@@NULL@@			10
generator_fixture_maintenance_rc	user	varchar(255)	YES	@@NULL@@			11
generator_fixture_maintenance_rc	type	varchar(255)	YES	@@NULL@@			12
generator_fixture_maintenance_rc	date_time	datetime(6)	YES	@@NULL@@			13
generator_fixture_maintenance_rc	creator_id	bigint	YES	@@NULL@@			14
generator_fixture_maintenance_rc	fixture_id	bigint	YES	@@NULL@@			15
generator_fixture_usage_rc	id	bigint	NO	@@NULL@@	auto_increment		1
generator_fixture_usage_rc	remark	varchar(255)	YES	@@NULL@@			2
generator_fixture_usage_rc	modifier	varchar(255)	YES	@@NULL@@			3
generator_fixture_usage_rc	belong_dept	int	YES	@@NULL@@			4
generator_fixture_usage_rc	update_datetime	datetime(6)	YES	@@NULL@@			5
generator_fixture_usage_rc	create_datetime	datetime(6)	YES	@@NULL@@			6
generator_fixture_usage_rc	sort	int	YES	@@NULL@@			7
generator_fixture_usage_rc	status	varchar(255)	YES	@@NULL@@			8
generator_fixture_usage_rc	user	varchar(255)	YES	@@NULL@@			9
generator_fixture_usage_rc	purpose_use	longtext	YES	@@NULL@@			10
generator_fixture_usage_rc	date_time	datetime(6)	YES	@@NULL@@			11
generator_fixture_usage_rc	creator_id	bigint	YES	@@NULL@@			12
generator_fixture_usage_rc	fixture_id	bigint	YES	@@NULL@@			13
generator_fixtures	id	bigint	NO	@@NULL@@	auto_increment		1
generator_fixtures	remark	varchar(255)	YES	@@NULL@@			2
generator_fixtures	modifier	varchar(255)	YES	@@NULL@@			3
generator_fixtures	belong_dept	int	YES	@@NULL@@			4
generator_fixtures	update_datetime	datetime(6)	YES	@@NULL@@			5
generator_fixtures	create_datetime	datetime(6)	YES	@@NULL@@			6
generator_fixtures	sort	int	YES	@@NULL@@			7
generator_fixtures	status	varchar(255)	YES	@@NULL@@			8
generator_fixtures	date_time	datetime(6)	YES	@@NULL@@			9
generator_fixtures	manufacturer	varchar(255)	YES	@@NULL@@			10
generator_fixtures	material	varchar(255)	YES	@@NULL@@			11
generator_fixtures	url	varchar(255)	YES	@@NULL@@			12
generator_fixtures	size	varchar(255)	YES	@@NULL@@			13
generator_fixtures	type	varchar(255)	YES	@@NULL@@			14
generator_fixtures	name	varchar(255)	YES	@@NULL@@			15
generator_fixtures	code	varchar(255)	YES	@@NULL@@			16
generator_fixtures	creator_id	bigint	YES	@@NULL@@			17
generator_fixtures	device_id	bigint	YES	@@NULL@@			18
generator_historicaljobcode	id	bigint	NO	@@NULL@@			1
generator_historicaljobcode	remark	varchar(255)	YES	@@NULL@@			2
generator_historicaljobcode	modifier	varchar(255)	YES	@@NULL@@			3
generator_historicaljobcode	belong_dept	int	YES	@@NULL@@			4
generator_historicaljobcode	update_datetime	datetime(6)	YES	@@NULL@@			5
generator_historicaljobcode	create_datetime	datetime(6)	YES	@@NULL@@			6
generator_historicaljobcode	sort	int	YES	@@NULL@@			7
generator_historicaljobcode	is_active	tinyint(1)	NO	@@NULL@@			8
generator_historicaljobcode	is_delete	tinyint(1)	NO	@@NULL@@			9
generator_historicaljobcode	incentive_system	json	YES	@@NULL@@			10
generator_historicaljobcode	is_production	varchar(20)	YES	@@NULL@@			11
generator_historicaljobcode	range_price	json	YES	@@NULL@@			12
generator_historicaljobcode	piecework_price	decimal(10,2)	YES	@@NULL@@			13
generator_historicaljobcode	settlement_method	varchar(20)	YES	@@NULL@@			14
generator_historicaljobcode	type	varchar(20)	YES	@@NULL@@			15
generator_historicaljobcode	name	varchar(255)	YES	@@NULL@@			16
generator_historicaljobcode	dept	varchar(30)	YES	@@NULL@@			17
generator_historicaljobcode	contribution_ratio	decimal(8,2)	YES	@@NULL@@			18
generator_historicaljobcode	is_sign	tinyint(1)	NO	@@NULL@@			19
generator_historicaljobcode	is_floor	tinyint(1)	NO	@@NULL@@			20
generator_historicaljobcode	plan_output	int	YES	@@NULL@@			21
generator_historicaljobcode	history_id	int	NO	@@NULL@@	auto_increment		22
generator_historicaljobcode	history_date	datetime(6)	NO	@@NULL@@			23
generator_historicaljobcode	history_change_reason	varchar(100)	YES	@@NULL@@			24
generator_historicaljobcode	history_type	varchar(1)	NO	@@NULL@@			25
generator_historicaljobcode	creator_id	bigint	YES	@@NULL@@			26
generator_historicaljobcode	history_user_id	bigint	YES	@@NULL@@			27
generator_historicaljobcode	parent_id	bigint	YES	@@NULL@@			28
generator_historicaljobcode	station_group	varchar(100)	YES	@@NULL@@			29
generator_historicaljobcode_devices	id	bigint	NO	@@NULL@@			1
generator_historicaljobcode_devices	remark	varchar(255)	YES	@@NULL@@			2
generator_historicaljobcode_devices	modifier	varchar(255)	YES	@@NULL@@			3
generator_historicaljobcode_devices	belong_dept	int	YES	@@NULL@@			4
generator_historicaljobcode_devices	update_datetime	datetime(6)	YES	@@NULL@@			5
generator_historicaljobcode_devices	create_datetime	datetime(6)	YES	@@NULL@@			6
generator_historicaljobcode_devices	sort	int	YES	@@NULL@@			7
generator_historicaljobcode_devices	is_active	tinyint(1)	NO	@@NULL@@			8
generator_historicaljobcode_devices	history_id	int	NO	@@NULL@@	auto_increment		9
generator_historicaljobcode_devices	history_date	datetime(6)	NO	@@NULL@@			10
generator_historicaljobcode_devices	history_change_reason	varchar(100)	YES	@@NULL@@			11
generator_historicaljobcode_devices	history_type	varchar(1)	NO	@@NULL@@			12
generator_historicaljobcode_devices	creator_id	bigint	YES	@@NULL@@			13
generator_historicaljobcode_devices	devices_id	bigint	YES	@@NULL@@			14
generator_historicaljobcode_devices	history_user_id	bigint	YES	@@NULL@@			15
generator_historicaljobcode_devices	job_code_id	bigint	YES	@@NULL@@			16
generator_historicalpurchaseorder	id	bigint	NO	@@NULL@@			1
generator_historicalpurchaseorder	remark	varchar(255)	YES	@@NULL@@			2
generator_historicalpurchaseorder	modifier	varchar(255)	YES	@@NULL@@			3
generator_historicalpurchaseorder	belong_dept	int	YES	@@NULL@@			4
generator_historicalpurchaseorder	update_datetime	datetime(6)	YES	@@NULL@@			5
generator_historicalpurchaseorder	create_datetime	datetime(6)	YES	@@NULL@@			6
generator_historicalpurchaseorder	sort	int	YES	@@NULL@@			7
generator_historicalpurchaseorder	order_belong	varchar(30)	YES	@@NULL@@			8
generator_historicalpurchaseorder	total_price	decimal(13,2)	YES	@@NULL@@			9
generator_historicalpurchaseorder	state	int	YES	@@NULL@@			10
generator_historicalpurchaseorder	order_type	int	YES	@@NULL@@			11
generator_historicalpurchaseorder	approval_process	json	YES	@@NULL@@			12
generator_historicalpurchaseorder	order_number	varchar(50)	YES	@@NULL@@			13
generator_historicalpurchaseorder	supplier_name	varchar(50)	YES	@@NULL@@			14
generator_historicalpurchaseorder	payment_term	varchar(50)	YES	@@NULL@@			15
generator_historicalpurchaseorder	deposit_bank	varchar(50)	YES	@@NULL@@			16
generator_historicalpurchaseorder	bank_account	varchar(50)	YES	@@NULL@@			17
generator_historicalpurchaseorder	paid_amount	decimal(13,2)	YES	@@NULL@@			18
generator_historicalpurchaseorder	due_amount	decimal(13,2)	YES	@@NULL@@			19
generator_historicalpurchaseorder	history_id	int	NO	@@NULL@@	auto_increment		20
generator_historicalpurchaseorder	history_date	datetime(6)	NO	@@NULL@@			21
generator_historicalpurchaseorder	history_change_reason	varchar(100)	YES	@@NULL@@			22
generator_historicalpurchaseorder	history_type	varchar(1)	NO	@@NULL@@			23
generator_historicalpurchaseorder	creator_id	bigint	YES	@@NULL@@			24
generator_historicalpurchaseorder	history_user_id	bigint	YES	@@NULL@@			25
generator_historicalpurchaseorder	operation_id	varchar(36)	YES	@@NULL@@			26
generator_historicalpurchaseorder	operation_label	varchar(100)	YES	@@NULL@@			27
generator_historicalpurchaseorderdetail	id	bigint	NO	@@NULL@@			1
generator_historicalpurchaseorderdetail	remark	varchar(255)	YES	@@NULL@@			2
generator_historicalpurchaseorderdetail	modifier	varchar(255)	YES	@@NULL@@			3
generator_historicalpurchaseorderdetail	belong_dept	int	YES	@@NULL@@			4
generator_historicalpurchaseorderdetail	update_datetime	datetime(6)	YES	@@NULL@@			5
generator_historicalpurchaseorderdetail	create_datetime	datetime(6)	YES	@@NULL@@			6
generator_historicalpurchaseorderdetail	sort	int	YES	@@NULL@@			7
generator_historicalpurchaseorderdetail	delivery_address	varchar(255)	YES	@@NULL@@			8
generator_historicalpurchaseorderdetail	picture	json	YES	@@NULL@@			9
generator_historicalpurchaseorderdetail	approval_comment	varchar(255)	YES	@@NULL@@			10
generator_historicalpurchaseorderdetail	operation_reason	varchar(255)	YES	@@NULL@@			11
generator_historicalpurchaseorderdetail	state	int	YES	@@NULL@@			12
generator_historicalpurchaseorderdetail	predict_date	date	YES	@@NULL@@			13
generator_historicalpurchaseorderdetail	predict_days	smallint unsigned	YES	@@NULL@@			14
generator_historicalpurchaseorderdetail	amount	decimal(13,2)	YES	@@NULL@@			15
generator_historicalpurchaseorderdetail	tax_rate	decimal(6,2)	YES	@@NULL@@			16
generator_historicalpurchaseorderdetail	unit_price	decimal(15,4)	YES	@@NULL@@			17
generator_historicalpurchaseorderdetail	applicant	varchar(20)	YES	@@NULL@@			18
generator_historicalpurchaseorderdetail	project_name	varchar(50)	YES	@@NULL@@			19
generator_historicalpurchaseorderdetail	project_number	varchar(50)	YES	@@NULL@@			20
generator_historicalpurchaseorderdetail	material_subcategory	varchar(50)	YES	@@NULL@@			21
generator_historicalpurchaseorderdetail	material_category	varchar(20)	YES	@@NULL@@			22
generator_historicalpurchaseorderdetail	quantity	decimal(13,2)	YES	@@NULL@@			23
generator_historicalpurchaseorderdetail	stock_quantity	decimal(13,2)	YES	@@NULL@@			24
generator_historicalpurchaseorderdetail	unit	varchar(10)	YES	@@NULL@@			25
generator_historicalpurchaseorderdetail	brand	varchar(20)	YES	@@NULL@@			26
generator_historicalpurchaseorderdetail	config_requirement	varchar(255)	YES	@@NULL@@			27
generator_historicalpurchaseorderdetail	specification	varchar(50)	YES	@@NULL@@			28
generator_historicalpurchaseorderdetail	material_name	varchar(50)	YES	@@NULL@@			29
generator_historicalpurchaseorderdetail	purchase_requisition_detail_id	bigint	YES	@@NULL@@			30
generator_historicalpurchaseorderdetail	history_id	int	NO	@@NULL@@	auto_increment		31
generator_historicalpurchaseorderdetail	history_date	datetime(6)	NO	@@NULL@@			32
generator_historicalpurchaseorderdetail	history_change_reason	varchar(100)	YES	@@NULL@@			33
generator_historicalpurchaseorderdetail	history_type	varchar(1)	NO	@@NULL@@			34
generator_historicalpurchaseorderdetail	creator_id	bigint	YES	@@NULL@@			35
generator_historicalpurchaseorderdetail	history_user_id	bigint	YES	@@NULL@@			36
generator_historicalpurchaseorderdetail	purchase_order_id	bigint	YES	@@NULL@@			37
generator_historicalpurchaseorderdetail	purchase_requisition_id	bigint	YES	@@NULL@@			38
generator_historicalpurchaseorderdetail	supplier_material_map_id	bigint	YES	@@NULL@@			39
generator_historicalpurchaseorderdetail	operation_id	varchar(36)	YES	@@NULL@@			40
generator_historicalpurchaseorderdetail	operation_label	varchar(100)	YES	@@NULL@@			41
generator_historicalpurchaseorderdetail	settlement_status	int	YES	@@NULL@@			42
generator_historicalpurchaseorderdetailgh	id	bigint	NO	@@NULL@@			1
generator_historicalpurchaseorderdetailgh	remark	varchar(255)	YES	@@NULL@@			2
generator_historicalpurchaseorderdetailgh	modifier	varchar(255)	YES	@@NULL@@			3
generator_historicalpurchaseorderdetailgh	belong_dept	int	YES	@@NULL@@			4
generator_historicalpurchaseorderdetailgh	update_datetime	datetime(6)	YES	@@NULL@@			5
generator_historicalpurchaseorderdetailgh	create_datetime	datetime(6)	YES	@@NULL@@			6
generator_historicalpurchaseorderdetailgh	sort	int	YES	@@NULL@@			7
generator_historicalpurchaseorderdetailgh	delivery_address	varchar(255)	YES	@@NULL@@			8
generator_historicalpurchaseorderdetailgh	picture	json	YES	@@NULL@@			9
generator_historicalpurchaseorderdetailgh	approval_comment	varchar(255)	YES	@@NULL@@			10
generator_historicalpurchaseorderdetailgh	operation_reason	varchar(255)	YES	@@NULL@@			11
generator_historicalpurchaseorderdetailgh	state	int	YES	@@NULL@@			12
generator_historicalpurchaseorderdetailgh	predict_date	date	YES	@@NULL@@			13
generator_historicalpurchaseorderdetailgh	predict_days	smallint unsigned	YES	@@NULL@@			14
generator_historicalpurchaseorderdetailgh	amount	decimal(13,2)	YES	@@NULL@@			15
generator_historicalpurchaseorderdetailgh	tax_rate	decimal(6,2)	YES	@@NULL@@			16
generator_historicalpurchaseorderdetailgh	unit_price	decimal(15,4)	YES	@@NULL@@			17
generator_historicalpurchaseorderdetailgh	applicant	varchar(20)	YES	@@NULL@@			18
generator_historicalpurchaseorderdetailgh	project_name	varchar(50)	YES	@@NULL@@			19
generator_historicalpurchaseorderdetailgh	project_number	varchar(50)	YES	@@NULL@@			20
generator_historicalpurchaseorderdetailgh	material_subcategory	varchar(50)	YES	@@NULL@@			21
generator_historicalpurchaseorderdetailgh	material_category	varchar(20)	YES	@@NULL@@			22
generator_historicalpurchaseorderdetailgh	quantity	decimal(13,2)	YES	@@NULL@@			23
generator_historicalpurchaseorderdetailgh	stock_quantity	decimal(13,2)	YES	@@NULL@@			24
generator_historicalpurchaseorderdetailgh	unit	varchar(10)	YES	@@NULL@@			25
generator_historicalpurchaseorderdetailgh	brand	varchar(20)	YES	@@NULL@@			26
generator_historicalpurchaseorderdetailgh	config_requirement	varchar(255)	YES	@@NULL@@			27
generator_historicalpurchaseorderdetailgh	specification	varchar(50)	YES	@@NULL@@			28
generator_historicalpurchaseorderdetailgh	material_name	varchar(50)	YES	@@NULL@@			29
generator_historicalpurchaseorderdetailgh	purchase_requisition_detail_id	bigint	YES	@@NULL@@			30
generator_historicalpurchaseorderdetailgh	history_id	int	NO	@@NULL@@	auto_increment		31
generator_historicalpurchaseorderdetailgh	history_date	datetime(6)	NO	@@NULL@@			32
generator_historicalpurchaseorderdetailgh	history_change_reason	varchar(100)	YES	@@NULL@@			33
generator_historicalpurchaseorderdetailgh	history_type	varchar(1)	NO	@@NULL@@			34
generator_historicalpurchaseorderdetailgh	creator_id	bigint	YES	@@NULL@@			35
generator_historicalpurchaseorderdetailgh	history_user_id	bigint	YES	@@NULL@@			36
generator_historicalpurchaseorderdetailgh	purchase_order_id	bigint	YES	@@NULL@@			37
generator_historicalpurchaseorderdetailgh	purchase_requisition_id	bigint	YES	@@NULL@@			38
generator_historicalpurchaseorderdetailgh	supplier_material_map_id	bigint	YES	@@NULL@@			39
generator_historicalpurchaseorderdetailgh	operation_id	varchar(36)	YES	@@NULL@@			40
generator_historicalpurchaseorderdetailgh	operation_label	varchar(100)	YES	@@NULL@@			41
generator_historicalpurchaseorderdetailgh	settlement_status	int	YES	@@NULL@@			42
generator_historicalpurchaseorderdetailtf	id	bigint	NO	@@NULL@@			1
generator_historicalpurchaseorderdetailtf	remark	varchar(255)	YES	@@NULL@@			2
generator_historicalpurchaseorderdetailtf	modifier	varchar(255)	YES	@@NULL@@			3
generator_historicalpurchaseorderdetailtf	belong_dept	int	YES	@@NULL@@			4
generator_historicalpurchaseorderdetailtf	update_datetime	datetime(6)	YES	@@NULL@@			5
generator_historicalpurchaseorderdetailtf	create_datetime	datetime(6)	YES	@@NULL@@			6
generator_historicalpurchaseorderdetailtf	sort	int	YES	@@NULL@@			7
generator_historicalpurchaseorderdetailtf	delivery_address	varchar(255)	YES	@@NULL@@			8
generator_historicalpurchaseorderdetailtf	picture	json	YES	@@NULL@@			9
generator_historicalpurchaseorderdetailtf	approval_comment	varchar(255)	YES	@@NULL@@			10
generator_historicalpurchaseorderdetailtf	operation_reason	varchar(255)	YES	@@NULL@@			11
generator_historicalpurchaseorderdetailtf	state	int	YES	@@NULL@@			12
generator_historicalpurchaseorderdetailtf	predict_date	date	YES	@@NULL@@			13
generator_historicalpurchaseorderdetailtf	predict_days	smallint unsigned	YES	@@NULL@@			14
generator_historicalpurchaseorderdetailtf	amount	decimal(13,2)	YES	@@NULL@@			15
generator_historicalpurchaseorderdetailtf	tax_rate	decimal(6,2)	YES	@@NULL@@			16
generator_historicalpurchaseorderdetailtf	unit_price	decimal(15,4)	YES	@@NULL@@			17
generator_historicalpurchaseorderdetailtf	applicant	varchar(20)	YES	@@NULL@@			18
generator_historicalpurchaseorderdetailtf	project_name	varchar(50)	YES	@@NULL@@			19
generator_historicalpurchaseorderdetailtf	project_number	varchar(50)	YES	@@NULL@@			20
generator_historicalpurchaseorderdetailtf	material_subcategory	varchar(50)	YES	@@NULL@@			21
generator_historicalpurchaseorderdetailtf	material_category	varchar(20)	YES	@@NULL@@			22
generator_historicalpurchaseorderdetailtf	quantity	decimal(13,2)	YES	@@NULL@@			23
generator_historicalpurchaseorderdetailtf	stock_quantity	decimal(13,2)	YES	@@NULL@@			24
generator_historicalpurchaseorderdetailtf	unit	varchar(10)	YES	@@NULL@@			25
generator_historicalpurchaseorderdetailtf	brand	varchar(20)	YES	@@NULL@@			26
generator_historicalpurchaseorderdetailtf	config_requirement	varchar(255)	YES	@@NULL@@			27
generator_historicalpurchaseorderdetailtf	specification	varchar(50)	YES	@@NULL@@			28
generator_historicalpurchaseorderdetailtf	material_name	varchar(50)	YES	@@NULL@@			29
generator_historicalpurchaseorderdetailtf	purchase_requisition_detail_id	bigint	YES	@@NULL@@			30
generator_historicalpurchaseorderdetailtf	history_id	int	NO	@@NULL@@	auto_increment		31
generator_historicalpurchaseorderdetailtf	history_date	datetime(6)	NO	@@NULL@@			32
generator_historicalpurchaseorderdetailtf	history_change_reason	varchar(100)	YES	@@NULL@@			33
generator_historicalpurchaseorderdetailtf	history_type	varchar(1)	NO	@@NULL@@			34
generator_historicalpurchaseorderdetailtf	creator_id	bigint	YES	@@NULL@@			35
generator_historicalpurchaseorderdetailtf	history_user_id	bigint	YES	@@NULL@@			36
generator_historicalpurchaseorderdetailtf	purchase_order_id	bigint	YES	@@NULL@@			37
generator_historicalpurchaseorderdetailtf	purchase_requisition_id	bigint	YES	@@NULL@@			38
generator_historicalpurchaseorderdetailtf	supplier_material_map_id	bigint	YES	@@NULL@@			39
generator_historicalpurchaseorderdetailtf	operation_id	varchar(36)	YES	@@NULL@@			40
generator_historicalpurchaseorderdetailtf	operation_label	varchar(100)	YES	@@NULL@@			41
generator_historicalpurchaseorderdetailtf	settlement_status	int	YES	@@NULL@@			42
generator_historicalpurchaseorderdetailzt	id	bigint	NO	@@NULL@@			1
generator_historicalpurchaseorderdetailzt	remark	varchar(255)	YES	@@NULL@@			2
generator_historicalpurchaseorderdetailzt	modifier	varchar(255)	YES	@@NULL@@			3
generator_historicalpurchaseorderdetailzt	belong_dept	int	YES	@@NULL@@			4
generator_historicalpurchaseorderdetailzt	update_datetime	datetime(6)	YES	@@NULL@@			5
generator_historicalpurchaseorderdetailzt	create_datetime	datetime(6)	YES	@@NULL@@			6
generator_historicalpurchaseorderdetailzt	sort	int	YES	@@NULL@@			7
generator_historicalpurchaseorderdetailzt	delivery_address	varchar(255)	YES	@@NULL@@			8
generator_historicalpurchaseorderdetailzt	picture	json	YES	@@NULL@@			9
generator_historicalpurchaseorderdetailzt	approval_comment	varchar(255)	YES	@@NULL@@			10
generator_historicalpurchaseorderdetailzt	operation_reason	varchar(255)	YES	@@NULL@@			11
generator_historicalpurchaseorderdetailzt	state	int	YES	@@NULL@@			12
generator_historicalpurchaseorderdetailzt	predict_date	date	YES	@@NULL@@			13
generator_historicalpurchaseorderdetailzt	predict_days	smallint unsigned	YES	@@NULL@@			14
generator_historicalpurchaseorderdetailzt	amount	decimal(13,2)	YES	@@NULL@@			15
generator_historicalpurchaseorderdetailzt	tax_rate	decimal(6,2)	YES	@@NULL@@			16
generator_historicalpurchaseorderdetailzt	unit_price	decimal(15,4)	YES	@@NULL@@			17
generator_historicalpurchaseorderdetailzt	applicant	varchar(20)	YES	@@NULL@@			18
generator_historicalpurchaseorderdetailzt	project_name	varchar(50)	YES	@@NULL@@			19
generator_historicalpurchaseorderdetailzt	project_number	varchar(50)	YES	@@NULL@@			20
generator_historicalpurchaseorderdetailzt	material_subcategory	varchar(50)	YES	@@NULL@@			21
generator_historicalpurchaseorderdetailzt	material_category	varchar(20)	YES	@@NULL@@			22
generator_historicalpurchaseorderdetailzt	quantity	decimal(13,2)	YES	@@NULL@@			23
generator_historicalpurchaseorderdetailzt	stock_quantity	decimal(13,2)	YES	@@NULL@@			24
generator_historicalpurchaseorderdetailzt	unit	varchar(10)	YES	@@NULL@@			25
generator_historicalpurchaseorderdetailzt	brand	varchar(20)	YES	@@NULL@@			26
generator_historicalpurchaseorderdetailzt	config_requirement	varchar(255)	YES	@@NULL@@			27
generator_historicalpurchaseorderdetailzt	specification	varchar(50)	YES	@@NULL@@			28
generator_historicalpurchaseorderdetailzt	material_name	varchar(50)	YES	@@NULL@@			29
generator_historicalpurchaseorderdetailzt	purchase_requisition_detail_id	bigint	YES	@@NULL@@			30
generator_historicalpurchaseorderdetailzt	history_id	int	NO	@@NULL@@	auto_increment		31
generator_historicalpurchaseorderdetailzt	history_date	datetime(6)	NO	@@NULL@@			32
generator_historicalpurchaseorderdetailzt	history_change_reason	varchar(100)	YES	@@NULL@@			33
generator_historicalpurchaseorderdetailzt	history_type	varchar(1)	NO	@@NULL@@			34
generator_historicalpurchaseorderdetailzt	creator_id	bigint	YES	@@NULL@@			35
generator_historicalpurchaseorderdetailzt	history_user_id	bigint	YES	@@NULL@@			36
generator_historicalpurchaseorderdetailzt	purchase_order_id	bigint	YES	@@NULL@@			37
generator_historicalpurchaseorderdetailzt	purchase_requisition_id	bigint	YES	@@NULL@@			38
generator_historicalpurchaseorderdetailzt	supplier_material_map_id	bigint	YES	@@NULL@@			39
generator_historicalpurchaseorderdetailzt	operation_id	varchar(36)	YES	@@NULL@@			40
generator_historicalpurchaseorderdetailzt	operation_label	varchar(100)	YES	@@NULL@@			41
generator_historicalpurchaseorderdetailzt	settlement_status	int	YES	@@NULL@@			42
generator_historicalpurchaseordergh	id	bigint	NO	@@NULL@@			1
generator_historicalpurchaseordergh	remark	varchar(255)	YES	@@NULL@@			2
generator_historicalpurchaseordergh	modifier	varchar(255)	YES	@@NULL@@			3
generator_historicalpurchaseordergh	belong_dept	int	YES	@@NULL@@			4
generator_historicalpurchaseordergh	update_datetime	datetime(6)	YES	@@NULL@@			5
generator_historicalpurchaseordergh	create_datetime	datetime(6)	YES	@@NULL@@			6
generator_historicalpurchaseordergh	sort	int	YES	@@NULL@@			7
generator_historicalpurchaseordergh	order_belong	varchar(30)	YES	@@NULL@@			8
generator_historicalpurchaseordergh	total_price	decimal(13,2)	YES	@@NULL@@			9
generator_historicalpurchaseordergh	state	int	YES	@@NULL@@			10
generator_historicalpurchaseordergh	order_type	int	YES	@@NULL@@			11
generator_historicalpurchaseordergh	approval_process	json	YES	@@NULL@@			12
generator_historicalpurchaseordergh	order_number	varchar(50)	YES	@@NULL@@			13
generator_historicalpurchaseordergh	supplier_name	varchar(50)	YES	@@NULL@@			14
generator_historicalpurchaseordergh	payment_term	varchar(50)	YES	@@NULL@@			15
generator_historicalpurchaseordergh	deposit_bank	varchar(50)	YES	@@NULL@@			16
generator_historicalpurchaseordergh	bank_account	varchar(50)	YES	@@NULL@@			17
generator_historicalpurchaseordergh	paid_amount	decimal(13,2)	YES	@@NULL@@			18
generator_historicalpurchaseordergh	due_amount	decimal(13,2)	YES	@@NULL@@			19
generator_historicalpurchaseordergh	history_id	int	NO	@@NULL@@	auto_increment		20
generator_historicalpurchaseordergh	history_date	datetime(6)	NO	@@NULL@@			21
generator_historicalpurchaseordergh	history_change_reason	varchar(100)	YES	@@NULL@@			22
generator_historicalpurchaseordergh	history_type	varchar(1)	NO	@@NULL@@			23
generator_historicalpurchaseordergh	creator_id	bigint	YES	@@NULL@@			24
generator_historicalpurchaseordergh	history_user_id	bigint	YES	@@NULL@@			25
generator_historicalpurchaseordergh	operation_id	varchar(36)	YES	@@NULL@@			26
generator_historicalpurchaseordergh	operation_label	varchar(100)	YES	@@NULL@@			27
generator_historicalpurchaseordertf	id	bigint	NO	@@NULL@@			1
generator_historicalpurchaseordertf	remark	varchar(255)	YES	@@NULL@@			2
generator_historicalpurchaseordertf	modifier	varchar(255)	YES	@@NULL@@			3
generator_historicalpurchaseordertf	belong_dept	int	YES	@@NULL@@			4
generator_historicalpurchaseordertf	update_datetime	datetime(6)	YES	@@NULL@@			5
generator_historicalpurchaseordertf	create_datetime	datetime(6)	YES	@@NULL@@			6
generator_historicalpurchaseordertf	sort	int	YES	@@NULL@@			7
generator_historicalpurchaseordertf	order_belong	varchar(30)	YES	@@NULL@@			8
generator_historicalpurchaseordertf	total_price	decimal(13,2)	YES	@@NULL@@			9
generator_historicalpurchaseordertf	state	int	YES	@@NULL@@			10
generator_historicalpurchaseordertf	order_type	int	YES	@@NULL@@			11
generator_historicalpurchaseordertf	approval_process	json	YES	@@NULL@@			12
generator_historicalpurchaseordertf	order_number	varchar(50)	YES	@@NULL@@			13
generator_historicalpurchaseordertf	supplier_name	varchar(50)	YES	@@NULL@@			14
generator_historicalpurchaseordertf	payment_term	varchar(50)	YES	@@NULL@@			15
generator_historicalpurchaseordertf	deposit_bank	varchar(50)	YES	@@NULL@@			16
generator_historicalpurchaseordertf	bank_account	varchar(50)	YES	@@NULL@@			17
generator_historicalpurchaseordertf	paid_amount	decimal(13,2)	YES	@@NULL@@			18
generator_historicalpurchaseordertf	due_amount	decimal(13,2)	YES	@@NULL@@			19
generator_historicalpurchaseordertf	history_id	int	NO	@@NULL@@	auto_increment		20
generator_historicalpurchaseordertf	history_date	datetime(6)	NO	@@NULL@@			21
generator_historicalpurchaseordertf	history_change_reason	varchar(100)	YES	@@NULL@@			22
generator_historicalpurchaseordertf	history_type	varchar(1)	NO	@@NULL@@			23
generator_historicalpurchaseordertf	creator_id	bigint	YES	@@NULL@@			24
generator_historicalpurchaseordertf	history_user_id	bigint	YES	@@NULL@@			25
generator_historicalpurchaseordertf	operation_id	varchar(36)	YES	@@NULL@@			26
generator_historicalpurchaseordertf	operation_label	varchar(100)	YES	@@NULL@@			27
generator_historicalpurchaseorderzt	id	bigint	NO	@@NULL@@			1
generator_historicalpurchaseorderzt	remark	varchar(255)	YES	@@NULL@@			2
generator_historicalpurchaseorderzt	modifier	varchar(255)	YES	@@NULL@@			3
generator_historicalpurchaseorderzt	belong_dept	int	YES	@@NULL@@			4
generator_historicalpurchaseorderzt	update_datetime	datetime(6)	YES	@@NULL@@			5
generator_historicalpurchaseorderzt	create_datetime	datetime(6)	YES	@@NULL@@			6
generator_historicalpurchaseorderzt	sort	int	YES	@@NULL@@			7
generator_historicalpurchaseorderzt	order_belong	varchar(30)	YES	@@NULL@@			8
generator_historicalpurchaseorderzt	total_price	decimal(13,2)	YES	@@NULL@@			9
generator_historicalpurchaseorderzt	state	int	YES	@@NULL@@			10
generator_historicalpurchaseorderzt	order_type	int	YES	@@NULL@@			11
generator_historicalpurchaseorderzt	approval_process	json	YES	@@NULL@@			12
generator_historicalpurchaseorderzt	order_number	varchar(50)	YES	@@NULL@@			13
generator_historicalpurchaseorderzt	supplier_name	varchar(50)	YES	@@NULL@@			14
generator_historicalpurchaseorderzt	payment_term	varchar(50)	YES	@@NULL@@			15
generator_historicalpurchaseorderzt	deposit_bank	varchar(50)	YES	@@NULL@@			16
generator_historicalpurchaseorderzt	bank_account	varchar(50)	YES	@@NULL@@			17
generator_historicalpurchaseorderzt	paid_amount	decimal(13,2)	YES	@@NULL@@			18
generator_historicalpurchaseorderzt	due_amount	decimal(13,2)	YES	@@NULL@@			19
generator_historicalpurchaseorderzt	history_id	int	NO	@@NULL@@	auto_increment		20
generator_historicalpurchaseorderzt	history_date	datetime(6)	NO	@@NULL@@			21
generator_historicalpurchaseorderzt	history_change_reason	varchar(100)	YES	@@NULL@@			22
generator_historicalpurchaseorderzt	history_type	varchar(1)	NO	@@NULL@@			23
generator_historicalpurchaseorderzt	creator_id	bigint	YES	@@NULL@@			24
generator_historicalpurchaseorderzt	history_user_id	bigint	YES	@@NULL@@			25
generator_historicalpurchaseorderzt	operation_id	varchar(36)	YES	@@NULL@@			26
generator_historicalpurchaseorderzt	operation_label	varchar(100)	YES	@@NULL@@			27
generator_historicalpurchaserequisition	id	bigint	NO	@@NULL@@			1
generator_historicalpurchaserequisition	remark	varchar(255)	YES	@@NULL@@			2
generator_historicalpurchaserequisition	modifier	varchar(255)	YES	@@NULL@@			3
generator_historicalpurchaserequisition	belong_dept	int	YES	@@NULL@@			4
generator_historicalpurchaserequisition	update_datetime	datetime(6)	YES	@@NULL@@			5
generator_historicalpurchaserequisition	create_datetime	datetime(6)	YES	@@NULL@@			6
generator_historicalpurchaserequisition	sort	int	YES	@@NULL@@			7
generator_historicalpurchaserequisition	requisition_reason	int	YES	@@NULL@@			8
generator_historicalpurchaserequisition	state	int	YES	@@NULL@@			9
generator_historicalpurchaserequisition	requisition_type	int	YES	@@NULL@@			10
generator_historicalpurchaserequisition	approval_process	json	YES	@@NULL@@			11
generator_historicalpurchaserequisition	requisition_number	varchar(50)	YES	@@NULL@@			12
generator_historicalpurchaserequisition	history_id	int	NO	@@NULL@@	auto_increment		13
generator_historicalpurchaserequisition	history_date	datetime(6)	NO	@@NULL@@			14
generator_historicalpurchaserequisition	history_change_reason	varchar(100)	YES	@@NULL@@			15
generator_historicalpurchaserequisition	history_type	varchar(1)	NO	@@NULL@@			16
generator_historicalpurchaserequisition	creator_id	bigint	YES	@@NULL@@			17
generator_historicalpurchaserequisition	history_user_id	bigint	YES	@@NULL@@			18
generator_historicalpurchaserequisition	operation_id	varchar(36)	YES	@@NULL@@			19
generator_historicalpurchaserequisition	operation_label	varchar(100)	YES	@@NULL@@			20
generator_historicalpurchaserequisitiondetail	id	bigint	NO	@@NULL@@			1
generator_historicalpurchaserequisitiondetail	remark	varchar(255)	YES	@@NULL@@			2
generator_historicalpurchaserequisitiondetail	modifier	varchar(255)	YES	@@NULL@@			3
generator_historicalpurchaserequisitiondetail	belong_dept	int	YES	@@NULL@@			4
generator_historicalpurchaserequisitiondetail	update_datetime	datetime(6)	YES	@@NULL@@			5
generator_historicalpurchaserequisitiondetail	create_datetime	datetime(6)	YES	@@NULL@@			6
generator_historicalpurchaserequisitiondetail	sort	int	YES	@@NULL@@			7
generator_historicalpurchaserequisitiondetail	operation_reason	varchar(255)	YES	@@NULL@@			8
generator_historicalpurchaserequisitiondetail	requisition_state	int	YES	@@NULL@@			9
generator_historicalpurchaserequisitiondetail	delivery_address	varchar(255)	YES	@@NULL@@			10
generator_historicalpurchaserequisitiondetail	required_time	date	YES	@@NULL@@			11
generator_historicalpurchaserequisitiondetail	picture	json	YES	@@NULL@@			12
generator_historicalpurchaserequisitiondetail	approval_comment	varchar(255)	YES	@@NULL@@			13
generator_historicalpurchaserequisitiondetail	project_name	varchar(50)	YES	@@NULL@@			14
generator_historicalpurchaserequisitiondetail	project_number	varchar(50)	YES	@@NULL@@			15
generator_historicalpurchaserequisitiondetail	material_subcategory	varchar(50)	YES	@@NULL@@			16
generator_historicalpurchaserequisitiondetail	material_category	varchar(20)	YES	@@NULL@@			17
generator_historicalpurchaserequisitiondetail	quantity	decimal(13,2)	YES	@@NULL@@			18
generator_historicalpurchaserequisitiondetail	unit	varchar(10)	YES	@@NULL@@			19
generator_historicalpurchaserequisitiondetail	brand	varchar(20)	YES	@@NULL@@			20
generator_historicalpurchaserequisitiondetail	config_requirement	varchar(255)	YES	@@NULL@@			21
generator_historicalpurchaserequisitiondetail	specification	varchar(50)	YES	@@NULL@@			22
generator_historicalpurchaserequisitiondetail	material_name	varchar(50)	YES	@@NULL@@			23
generator_historicalpurchaserequisitiondetail	history_id	int	NO	@@NULL@@	auto_increment		24
generator_historicalpurchaserequisitiondetail	history_date	datetime(6)	NO	@@NULL@@			25
generator_historicalpurchaserequisitiondetail	history_change_reason	varchar(100)	YES	@@NULL@@			26
generator_historicalpurchaserequisitiondetail	history_type	varchar(1)	NO	@@NULL@@			27
generator_historicalpurchaserequisitiondetail	creator_id	bigint	YES	@@NULL@@			28
generator_historicalpurchaserequisitiondetail	history_user_id	bigint	YES	@@NULL@@			29
generator_historicalpurchaserequisitiondetail	purchase_requisition_id	bigint	YES	@@NULL@@			30
generator_historicalpurchaserequisitiondetail	operation_id	varchar(36)	YES	@@NULL@@			31
generator_historicalpurchaserequisitiondetail	operation_label	varchar(100)	YES	@@NULL@@			32
generator_historicalpurchaserequisitiondetailgh	id	bigint	NO	@@NULL@@			1
generator_historicalpurchaserequisitiondetailgh	remark	varchar(255)	YES	@@NULL@@			2
generator_historicalpurchaserequisitiondetailgh	modifier	varchar(255)	YES	@@NULL@@			3
generator_historicalpurchaserequisitiondetailgh	belong_dept	int	YES	@@NULL@@			4
generator_historicalpurchaserequisitiondetailgh	update_datetime	datetime(6)	YES	@@NULL@@			5
generator_historicalpurchaserequisitiondetailgh	create_datetime	datetime(6)	YES	@@NULL@@			6
generator_historicalpurchaserequisitiondetailgh	sort	int	YES	@@NULL@@			7
generator_historicalpurchaserequisitiondetailgh	operation_reason	varchar(255)	YES	@@NULL@@			8
generator_historicalpurchaserequisitiondetailgh	requisition_state	int	YES	@@NULL@@			9
generator_historicalpurchaserequisitiondetailgh	delivery_address	varchar(255)	YES	@@NULL@@			10
generator_historicalpurchaserequisitiondetailgh	required_time	date	YES	@@NULL@@			11
generator_historicalpurchaserequisitiondetailgh	picture	json	YES	@@NULL@@			12
generator_historicalpurchaserequisitiondetailgh	approval_comment	varchar(255)	YES	@@NULL@@			13
generator_historicalpurchaserequisitiondetailgh	project_name	varchar(50)	YES	@@NULL@@			14
generator_historicalpurchaserequisitiondetailgh	project_number	varchar(50)	YES	@@NULL@@			15
generator_historicalpurchaserequisitiondetailgh	material_subcategory	varchar(50)	YES	@@NULL@@			16
generator_historicalpurchaserequisitiondetailgh	material_category	varchar(20)	YES	@@NULL@@			17
generator_historicalpurchaserequisitiondetailgh	quantity	decimal(13,2)	YES	@@NULL@@			18
generator_historicalpurchaserequisitiondetailgh	unit	varchar(10)	YES	@@NULL@@			19
generator_historicalpurchaserequisitiondetailgh	brand	varchar(20)	YES	@@NULL@@			20
generator_historicalpurchaserequisitiondetailgh	config_requirement	varchar(255)	YES	@@NULL@@			21
generator_historicalpurchaserequisitiondetailgh	specification	varchar(50)	YES	@@NULL@@			22
generator_historicalpurchaserequisitiondetailgh	material_name	varchar(50)	YES	@@NULL@@			23
generator_historicalpurchaserequisitiondetailgh	history_id	int	NO	@@NULL@@	auto_increment		24
generator_historicalpurchaserequisitiondetailgh	history_date	datetime(6)	NO	@@NULL@@			25
generator_historicalpurchaserequisitiondetailgh	history_change_reason	varchar(100)	YES	@@NULL@@			26
generator_historicalpurchaserequisitiondetailgh	history_type	varchar(1)	NO	@@NULL@@			27
generator_historicalpurchaserequisitiondetailgh	creator_id	bigint	YES	@@NULL@@			28
generator_historicalpurchaserequisitiondetailgh	history_user_id	bigint	YES	@@NULL@@			29
generator_historicalpurchaserequisitiondetailgh	purchase_requisition_id	bigint	YES	@@NULL@@			30
generator_historicalpurchaserequisitiondetailgh	operation_id	varchar(36)	YES	@@NULL@@			31
generator_historicalpurchaserequisitiondetailgh	operation_label	varchar(100)	YES	@@NULL@@			32
generator_historicalpurchaserequisitiondetailtf	id	bigint	NO	@@NULL@@			1
generator_historicalpurchaserequisitiondetailtf	remark	varchar(255)	YES	@@NULL@@			2
generator_historicalpurchaserequisitiondetailtf	modifier	varchar(255)	YES	@@NULL@@			3
generator_historicalpurchaserequisitiondetailtf	belong_dept	int	YES	@@NULL@@			4
generator_historicalpurchaserequisitiondetailtf	update_datetime	datetime(6)	YES	@@NULL@@			5
generator_historicalpurchaserequisitiondetailtf	create_datetime	datetime(6)	YES	@@NULL@@			6
generator_historicalpurchaserequisitiondetailtf	sort	int	YES	@@NULL@@			7
generator_historicalpurchaserequisitiondetailtf	operation_reason	varchar(255)	YES	@@NULL@@			8
generator_historicalpurchaserequisitiondetailtf	requisition_state	int	YES	@@NULL@@			9
generator_historicalpurchaserequisitiondetailtf	delivery_address	varchar(255)	YES	@@NULL@@			10
generator_historicalpurchaserequisitiondetailtf	required_time	date	YES	@@NULL@@			11
generator_historicalpurchaserequisitiondetailtf	picture	json	YES	@@NULL@@			12
generator_historicalpurchaserequisitiondetailtf	approval_comment	varchar(255)	YES	@@NULL@@			13
generator_historicalpurchaserequisitiondetailtf	project_name	varchar(50)	YES	@@NULL@@			14
generator_historicalpurchaserequisitiondetailtf	project_number	varchar(50)	YES	@@NULL@@			15
generator_historicalpurchaserequisitiondetailtf	material_subcategory	varchar(50)	YES	@@NULL@@			16
generator_historicalpurchaserequisitiondetailtf	material_category	varchar(20)	YES	@@NULL@@			17
generator_historicalpurchaserequisitiondetailtf	quantity	decimal(13,2)	YES	@@NULL@@			18
generator_historicalpurchaserequisitiondetailtf	unit	varchar(10)	YES	@@NULL@@			19
generator_historicalpurchaserequisitiondetailtf	brand	varchar(20)	YES	@@NULL@@			20
generator_historicalpurchaserequisitiondetailtf	config_requirement	varchar(255)	YES	@@NULL@@			21
generator_historicalpurchaserequisitiondetailtf	specification	varchar(50)	YES	@@NULL@@			22
generator_historicalpurchaserequisitiondetailtf	material_name	varchar(50)	YES	@@NULL@@			23
generator_historicalpurchaserequisitiondetailtf	history_id	int	NO	@@NULL@@	auto_increment		24
generator_historicalpurchaserequisitiondetailtf	history_date	datetime(6)	NO	@@NULL@@			25
generator_historicalpurchaserequisitiondetailtf	history_change_reason	varchar(100)	YES	@@NULL@@			26
generator_historicalpurchaserequisitiondetailtf	history_type	varchar(1)	NO	@@NULL@@			27
generator_historicalpurchaserequisitiondetailtf	creator_id	bigint	YES	@@NULL@@			28
generator_historicalpurchaserequisitiondetailtf	history_user_id	bigint	YES	@@NULL@@			29
generator_historicalpurchaserequisitiondetailtf	purchase_requisition_id	bigint	YES	@@NULL@@			30
generator_historicalpurchaserequisitiondetailtf	operation_id	varchar(36)	YES	@@NULL@@			31
generator_historicalpurchaserequisitiondetailtf	operation_label	varchar(100)	YES	@@NULL@@			32
generator_historicalpurchaserequisitiondetailzt	id	bigint	NO	@@NULL@@			1
generator_historicalpurchaserequisitiondetailzt	remark	varchar(255)	YES	@@NULL@@			2
generator_historicalpurchaserequisitiondetailzt	modifier	varchar(255)	YES	@@NULL@@			3
generator_historicalpurchaserequisitiondetailzt	belong_dept	int	YES	@@NULL@@			4
generator_historicalpurchaserequisitiondetailzt	update_datetime	datetime(6)	YES	@@NULL@@			5
generator_historicalpurchaserequisitiondetailzt	create_datetime	datetime(6)	YES	@@NULL@@			6
generator_historicalpurchaserequisitiondetailzt	sort	int	YES	@@NULL@@			7
generator_historicalpurchaserequisitiondetailzt	operation_reason	varchar(255)	YES	@@NULL@@			8
generator_historicalpurchaserequisitiondetailzt	requisition_state	int	YES	@@NULL@@			9
generator_historicalpurchaserequisitiondetailzt	delivery_address	varchar(255)	YES	@@NULL@@			10
generator_historicalpurchaserequisitiondetailzt	required_time	date	YES	@@NULL@@			11
generator_historicalpurchaserequisitiondetailzt	picture	json	YES	@@NULL@@			12
generator_historicalpurchaserequisitiondetailzt	approval_comment	varchar(255)	YES	@@NULL@@			13
generator_historicalpurchaserequisitiondetailzt	project_name	varchar(50)	YES	@@NULL@@			14
generator_historicalpurchaserequisitiondetailzt	project_number	varchar(50)	YES	@@NULL@@			15
generator_historicalpurchaserequisitiondetailzt	material_subcategory	varchar(50)	YES	@@NULL@@			16
generator_historicalpurchaserequisitiondetailzt	material_category	varchar(20)	YES	@@NULL@@			17
generator_historicalpurchaserequisitiondetailzt	quantity	decimal(13,2)	YES	@@NULL@@			18
generator_historicalpurchaserequisitiondetailzt	unit	varchar(10)	YES	@@NULL@@			19
generator_historicalpurchaserequisitiondetailzt	brand	varchar(20)	YES	@@NULL@@			20
generator_historicalpurchaserequisitiondetailzt	config_requirement	varchar(255)	YES	@@NULL@@			21
generator_historicalpurchaserequisitiondetailzt	specification	varchar(50)	YES	@@NULL@@			22
generator_historicalpurchaserequisitiondetailzt	material_name	varchar(50)	YES	@@NULL@@			23
generator_historicalpurchaserequisitiondetailzt	history_id	int	NO	@@NULL@@	auto_increment		24
generator_historicalpurchaserequisitiondetailzt	history_date	datetime(6)	NO	@@NULL@@			25
generator_historicalpurchaserequisitiondetailzt	history_change_reason	varchar(100)	YES	@@NULL@@			26
generator_historicalpurchaserequisitiondetailzt	history_type	varchar(1)	NO	@@NULL@@			27
generator_historicalpurchaserequisitiondetailzt	creator_id	bigint	YES	@@NULL@@			28
generator_historicalpurchaserequisitiondetailzt	history_user_id	bigint	YES	@@NULL@@			29
generator_historicalpurchaserequisitiondetailzt	purchase_requisition_id	bigint	YES	@@NULL@@			30
generator_historicalpurchaserequisitiondetailzt	operation_id	varchar(36)	YES	@@NULL@@			31
generator_historicalpurchaserequisitiondetailzt	operation_label	varchar(100)	YES	@@NULL@@			32
generator_historicalpurchaserequisitiongh	id	bigint	NO	@@NULL@@			1
generator_historicalpurchaserequisitiongh	remark	varchar(255)	YES	@@NULL@@			2
generator_historicalpurchaserequisitiongh	modifier	varchar(255)	YES	@@NULL@@			3
generator_historicalpurchaserequisitiongh	belong_dept	int	YES	@@NULL@@			4
generator_historicalpurchaserequisitiongh	update_datetime	datetime(6)	YES	@@NULL@@			5
generator_historicalpurchaserequisitiongh	create_datetime	datetime(6)	YES	@@NULL@@			6
generator_historicalpurchaserequisitiongh	sort	int	YES	@@NULL@@			7
generator_historicalpurchaserequisitiongh	requisition_reason	int	YES	@@NULL@@			8
generator_historicalpurchaserequisitiongh	state	int	YES	@@NULL@@			9
generator_historicalpurchaserequisitiongh	requisition_type	int	YES	@@NULL@@			10
generator_historicalpurchaserequisitiongh	approval_process	json	YES	@@NULL@@			11
generator_historicalpurchaserequisitiongh	requisition_number	varchar(50)	YES	@@NULL@@			12
generator_historicalpurchaserequisitiongh	history_id	int	NO	@@NULL@@	auto_increment		13
generator_historicalpurchaserequisitiongh	history_date	datetime(6)	NO	@@NULL@@			14
generator_historicalpurchaserequisitiongh	history_change_reason	varchar(100)	YES	@@NULL@@			15
generator_historicalpurchaserequisitiongh	history_type	varchar(1)	NO	@@NULL@@			16
generator_historicalpurchaserequisitiongh	creator_id	bigint	YES	@@NULL@@			17
generator_historicalpurchaserequisitiongh	history_user_id	bigint	YES	@@NULL@@			18
generator_historicalpurchaserequisitiongh	operation_id	varchar(36)	YES	@@NULL@@			19
generator_historicalpurchaserequisitiongh	operation_label	varchar(100)	YES	@@NULL@@			20
generator_historicalpurchaserequisitiontf	id	bigint	NO	@@NULL@@			1
generator_historicalpurchaserequisitiontf	remark	varchar(255)	YES	@@NULL@@			2
generator_historicalpurchaserequisitiontf	modifier	varchar(255)	YES	@@NULL@@			3
generator_historicalpurchaserequisitiontf	belong_dept	int	YES	@@NULL@@			4
generator_historicalpurchaserequisitiontf	update_datetime	datetime(6)	YES	@@NULL@@			5
generator_historicalpurchaserequisitiontf	create_datetime	datetime(6)	YES	@@NULL@@			6
generator_historicalpurchaserequisitiontf	sort	int	YES	@@NULL@@			7
generator_historicalpurchaserequisitiontf	requisition_reason	int	YES	@@NULL@@			8
generator_historicalpurchaserequisitiontf	state	int	YES	@@NULL@@			9
generator_historicalpurchaserequisitiontf	requisition_type	int	YES	@@NULL@@			10
generator_historicalpurchaserequisitiontf	approval_process	json	YES	@@NULL@@			11
generator_historicalpurchaserequisitiontf	requisition_number	varchar(50)	YES	@@NULL@@			12
generator_historicalpurchaserequisitiontf	history_id	int	NO	@@NULL@@	auto_increment		13
generator_historicalpurchaserequisitiontf	history_date	datetime(6)	NO	@@NULL@@			14
generator_historicalpurchaserequisitiontf	history_change_reason	varchar(100)	YES	@@NULL@@			15
generator_historicalpurchaserequisitiontf	history_type	varchar(1)	NO	@@NULL@@			16
generator_historicalpurchaserequisitiontf	creator_id	bigint	YES	@@NULL@@			17
generator_historicalpurchaserequisitiontf	history_user_id	bigint	YES	@@NULL@@			18
generator_historicalpurchaserequisitiontf	operation_id	varchar(36)	YES	@@NULL@@			19
generator_historicalpurchaserequisitiontf	operation_label	varchar(100)	YES	@@NULL@@			20
generator_historicalpurchaserequisitionzt	id	bigint	NO	@@NULL@@			1
generator_historicalpurchaserequisitionzt	remark	varchar(255)	YES	@@NULL@@			2
generator_historicalpurchaserequisitionzt	modifier	varchar(255)	YES	@@NULL@@			3
generator_historicalpurchaserequisitionzt	belong_dept	int	YES	@@NULL@@			4
generator_historicalpurchaserequisitionzt	update_datetime	datetime(6)	YES	@@NULL@@			5
generator_historicalpurchaserequisitionzt	create_datetime	datetime(6)	YES	@@NULL@@			6
generator_historicalpurchaserequisitionzt	sort	int	YES	@@NULL@@			7
generator_historicalpurchaserequisitionzt	requisition_reason	int	YES	@@NULL@@			8
generator_historicalpurchaserequisitionzt	state	int	YES	@@NULL@@			9
generator_historicalpurchaserequisitionzt	requisition_type	int	YES	@@NULL@@			10
generator_historicalpurchaserequisitionzt	approval_process	json	YES	@@NULL@@			11
generator_historicalpurchaserequisitionzt	requisition_number	varchar(50)	YES	@@NULL@@			12
generator_historicalpurchaserequisitionzt	history_id	int	NO	@@NULL@@	auto_increment		13
generator_historicalpurchaserequisitionzt	history_date	datetime(6)	NO	@@NULL@@			14
generator_historicalpurchaserequisitionzt	history_change_reason	varchar(100)	YES	@@NULL@@			15
generator_historicalpurchaserequisitionzt	history_type	varchar(1)	NO	@@NULL@@			16
generator_historicalpurchaserequisitionzt	creator_id	bigint	YES	@@NULL@@			17
generator_historicalpurchaserequisitionzt	history_user_id	bigint	YES	@@NULL@@			18
generator_historicalpurchaserequisitionzt	operation_id	varchar(36)	YES	@@NULL@@			19
generator_historicalpurchaserequisitionzt	operation_label	varchar(100)	YES	@@NULL@@			20
generator_holiday_date	id	bigint	NO	@@NULL@@	auto_increment		1
generator_holiday_date	remark	varchar(255)	YES	@@NULL@@			2
generator_holiday_date	modifier	varchar(255)	YES	@@NULL@@			3
generator_holiday_date	belong_dept	int	YES	@@NULL@@			4
generator_holiday_date	update_datetime	datetime(6)	YES	@@NULL@@			5
generator_holiday_date	create_datetime	datetime(6)	YES	@@NULL@@			6
generator_holiday_date	sort	int	YES	@@NULL@@			7
generator_holiday_date	holiday_name	varchar(20)	YES	@@NULL@@			8
generator_holiday_date	date_time	date	YES	@@NULL@@			9
generator_holiday_date	creator_id	bigint	YES	@@NULL@@			10
generator_holiday_date	settle_rule	varchar(20)	YES	@@NULL@@			11
generator_inform	id	bigint	NO	@@NULL@@	auto_increment		1
generator_inform	remark	varchar(255)	YES	@@NULL@@			2
generator_inform	modifier	varchar(255)	YES	@@NULL@@			3
generator_inform	belong_dept	int	YES	@@NULL@@			4
generator_inform	update_datetime	datetime(6)	YES	@@NULL@@			5
generator_inform	create_datetime	datetime(6)	YES	@@NULL@@			6
generator_inform	sort	int	YES	@@NULL@@			7
generator_inform	remind_record	json	YES	@@NULL@@			8
generator_inform	state	int	YES	@@NULL@@			9
generator_inform	remind_state	json	YES	@@NULL@@			10
generator_inform	remind_method	json	YES	@@NULL@@			11
generator_inform	remind_user	json	YES	@@NULL@@			12
generator_inform	remind_group	varchar(100)	YES	@@NULL@@			13
generator_inform	department	varchar(50)	YES	@@NULL@@			14
generator_inform	end_time	date	YES	@@NULL@@			15
generator_inform	start_time	date	YES	@@NULL@@			16
generator_inform	content	longtext	YES	@@NULL@@			17
generator_inform	type	varchar(20)	YES	@@NULL@@			18
generator_inform	name	varchar(100)	YES	@@NULL@@			19
generator_inform	creator_id	bigint	YES	@@NULL@@			20
generator_inform	avatar	varchar(255)	YES	@@NULL@@			21
generator_ingredients	id	bigint	NO	@@NULL@@	auto_increment		1
generator_ingredients	remark	varchar(255)	YES	@@NULL@@			2
generator_ingredients	modifier	varchar(255)	YES	@@NULL@@			3
generator_ingredients	belong_dept	int	YES	@@NULL@@			4
generator_ingredients	update_datetime	datetime(6)	YES	@@NULL@@			5
generator_ingredients	create_datetime	datetime(6)	YES	@@NULL@@			6
generator_ingredients	sort	int	YES	@@NULL@@			7
generator_ingredients	is_active	int	YES	@@NULL@@			8
generator_ingredients	unit	varchar(20)	YES	@@NULL@@			9
generator_ingredients	number	decimal(10,2)	YES	@@NULL@@			10
generator_ingredients	manufacturer	varchar(30)	YES	@@NULL@@			11
generator_ingredients	stock_time	datetime(6)	YES	@@NULL@@			12
generator_ingredients	apply_time	datetime(6)	YES	@@NULL@@			13
generator_ingredients	i_class	varchar(20)	YES	@@NULL@@			14
generator_ingredients	name	varchar(30)	YES	@@NULL@@			15
generator_ingredients	ingredients_number	varchar(50)	YES	@@NULL@@			16
generator_ingredients	creator_id	bigint	YES	@@NULL@@			17
generator_ingredients	use_dept	varchar(30)	YES	@@NULL@@			18
generator_ingredients	code	varchar(30)	YES	@@NULL@@			19
generator_ingredients	stock_code	varchar(40)	YES	@@NULL@@			20
generator_ingredients	alarm	json	YES	@@NULL@@			21
generator_ingredients	alarm_btn	tinyint(1)	YES	@@NULL@@			22
generator_ingredients	percentage	decimal(5,2)	YES	@@NULL@@			23
generator_ingredients	warning	json	YES	@@NULL@@			24
generator_ingredients	warning_btn	tinyint(1)	YES	@@NULL@@			25
generator_ingredients	PO	varchar(30)	YES	@@NULL@@			26
generator_ingredients	unit_price	decimal(11,4)	YES	@@NULL@@			27
generator_ingredients	grouping	tinyint(1)	YES	@@NULL@@			28
generator_ingredients	parent_id	bigint	YES	@@NULL@@			29
generator_ingredients	site	varchar(20)	YES	@@NULL@@			30
generator_ingredients_split	id	bigint	NO	@@NULL@@	auto_increment		1
generator_ingredients_split	remark	varchar(255)	YES	@@NULL@@			2
generator_ingredients_split	modifier	varchar(255)	YES	@@NULL@@			3
generator_ingredients_split	belong_dept	int	YES	@@NULL@@			4
generator_ingredients_split	update_datetime	datetime(6)	YES	@@NULL@@			5
generator_ingredients_split	create_datetime	datetime(6)	YES	@@NULL@@			6
generator_ingredients_split	sort	int	YES	@@NULL@@			7
generator_ingredients_split	stock	json	YES	@@NULL@@			8
generator_ingredients_split	entirety	int	YES	@@NULL@@			9
generator_ingredients_split	in_warehouse_user	varchar(20)	YES	@@NULL@@			10
generator_ingredients_split	in_warehouse_time	datetime(6)	YES	@@NULL@@			11
generator_ingredients_split	state	int	YES	@@NULL@@			12
generator_ingredients_split	unit	varchar(20)	YES	@@NULL@@			13
generator_ingredients_split	number	decimal(10,2)	YES	@@NULL@@			14
generator_ingredients_split	i_class	varchar(50)	YES	@@NULL@@			15
generator_ingredients_split	name	varchar(30)	YES	@@NULL@@			16
generator_ingredients_split	creator_id	bigint	YES	@@NULL@@			17
generator_ingredients_split	ingredients_id	bigint	YES	@@NULL@@			18
generator_ingredients_split	stock_dept	varchar(20)	YES	@@NULL@@			19
generator_ingredients_split	stock_time	datetime(6)	YES	@@NULL@@			20
generator_ingredients_split	stock_user	varchar(20)	YES	@@NULL@@			21
generator_ingredients_split	index	varchar(30)	YES	@@NULL@@			22
generator_ingredients_split	bar_code	varchar(50)	YES	@@NULL@@			23
generator_ingredients_split	send_time	datetime(6)	YES	@@NULL@@			24
generator_inspection_items	id	bigint	NO	@@NULL@@	auto_increment		1
generator_inspection_items	remark	varchar(255)	YES	@@NULL@@			2
generator_inspection_items	modifier	varchar(255)	YES	@@NULL@@			3
generator_inspection_items	belong_dept	int	YES	@@NULL@@			4
generator_inspection_items	update_datetime	datetime(6)	YES	@@NULL@@			5
generator_inspection_items	create_datetime	datetime(6)	YES	@@NULL@@			6
generator_inspection_items	sort	int	YES	@@NULL@@			7
generator_inspection_items	inspection_standards	longtext	YES	@@NULL@@			8
generator_inspection_items	inspection_item	longtext	YES	@@NULL@@			9
generator_inspection_items	inspection_object_id	bigint	YES	@@NULL@@			10
generator_inspection_items	classification_5s_id	bigint	YES	@@NULL@@			11
generator_inspection_items	creator_id	bigint	YES	@@NULL@@			12
generator_inspection_points	id	bigint	NO	@@NULL@@	auto_increment		1
generator_inspection_points	remark	varchar(255)	YES	@@NULL@@			2
generator_inspection_points	modifier	varchar(255)	YES	@@NULL@@			3
generator_inspection_points	belong_dept	int	YES	@@NULL@@			4
generator_inspection_points	update_datetime	datetime(6)	YES	@@NULL@@			5
generator_inspection_points	create_datetime	datetime(6)	YES	@@NULL@@			6
generator_inspection_points	sort	int	YES	@@NULL@@			7
generator_inspection_points	code	varchar(255)	YES	@@NULL@@			8
generator_inspection_points	dot	varchar(20)	YES	@@NULL@@			9
generator_inspection_points	area	varchar(20)	YES	@@NULL@@			10
generator_inspection_points	creator_id	bigint	YES	@@NULL@@			11
generator_inspection_standards	id	bigint	NO	@@NULL@@	auto_increment		1
generator_inspection_standards	remark	varchar(255)	YES	@@NULL@@			2
generator_inspection_standards	modifier	varchar(255)	YES	@@NULL@@			3
generator_inspection_standards	belong_dept	int	YES	@@NULL@@			4
generator_inspection_standards	update_datetime	datetime(6)	YES	@@NULL@@			5
generator_inspection_standards	create_datetime	datetime(6)	YES	@@NULL@@			6
generator_inspection_standards	sort	int	YES	@@NULL@@			7
generator_inspection_standards	inspection_details	json	YES	@@NULL@@			8
generator_inspection_standards	device_type	varchar(50)	YES	@@NULL@@			9
generator_inspection_standards	creator_id	bigint	YES	@@NULL@@			10
generator_inspection_standards	device_name_id	bigint	YES	@@NULL@@			11
generator_inspection_standards	annual_maintenance_details	json	YES	@@NULL@@			12
generator_inspection_standards	monthly_maintenance_details	json	YES	@@NULL@@			13
generator_inspection_standards	quarterly_maintenance_details	json	YES	@@NULL@@			14
generator_jgdm	id	int	NO	@@NULL@@	auto_increment		1
generator_jgdm	remark	varchar(255)	YES	@@NULL@@			2
generator_jgdm	modifier	varchar(255)	YES	超级管理员			3
generator_jgdm	belong_dept	int	YES	@@NULL@@			4
generator_jgdm	update_datetime	datetime(6)	YES	@@NULL@@			5
generator_jgdm	create_datetime	datetime(6)	YES	@@NULL@@			6
generator_jgdm	sort	int	YES	1			7
generator_jgdm	input_4	varchar(255)	YES	@@NULL@@			8
generator_jgdm	select_3	varchar(255)	YES	@@NULL@@			9
generator_jgdm	select_2	varchar(255)	YES	@@NULL@@			10
generator_jgdm	date_picker_1	date	YES	@@NULL@@			11
generator_jgdm	creator_id	bigint	YES	@@NULL@@			12
generator_jgdm	_MASK_TO_V2	bigint	YES	@@NULL@@			13
generator_jgdm	_MUSID_SYNC_V2	int unsigned	YES	@@NULL@@			14
generator_job_code	id	bigint	NO	@@NULL@@	auto_increment		1
generator_job_code	remark	varchar(255)	YES	@@NULL@@			2
generator_job_code	modifier	varchar(255)	YES	@@NULL@@			3
generator_job_code	belong_dept	int	YES	@@NULL@@			4
generator_job_code	update_datetime	datetime(6)	YES	@@NULL@@			5
generator_job_code	create_datetime	datetime(6)	YES	@@NULL@@			6
generator_job_code	sort	int	YES	@@NULL@@			7
generator_job_code	is_active	tinyint(1)	NO	@@NULL@@			8
generator_job_code	is_delete	tinyint(1)	NO	@@NULL@@			9
generator_job_code	incentive_system	json	YES	@@NULL@@			10
generator_job_code	is_production	varchar(20)	YES	@@NULL@@			11
generator_job_code	piecework_price	decimal(10,2)	YES	@@NULL@@			12
generator_job_code	settlement_method	varchar(20)	YES	@@NULL@@			13
generator_job_code	type	varchar(20)	YES	@@NULL@@			14
generator_job_code	name	varchar(255)	YES	@@NULL@@			15
generator_job_code	dept	varchar(30)	YES	@@NULL@@			16
generator_job_code	history	longtext	YES	@@NULL@@			17
generator_job_code	creator_id	bigint	YES	@@NULL@@			18
generator_job_code	parent_id	bigint	YES	@@NULL@@			19
generator_job_code	contribution_ratio	decimal(8,2)	YES	@@NULL@@			20
generator_job_code	is_sign	tinyint(1)	NO	@@NULL@@			21
generator_job_code	range_price	json	YES	@@NULL@@			22
generator_job_code	is_floor	tinyint(1)	NO	@@NULL@@			23
generator_job_code	plan_output	int	YES	@@NULL@@			24
generator_job_code	station_group	varchar(100)	YES	@@NULL@@			25
generator_job_code_product	id	bigint	NO	@@NULL@@	auto_increment		1
generator_job_code_product	jobcode_id	bigint	NO	@@NULL@@			2
generator_job_code_product	product_id	bigint	NO	@@NULL@@			3
generator_jobcode_devices	id	bigint	NO	@@NULL@@	auto_increment		1
generator_jobcode_devices	remark	varchar(255)	YES	@@NULL@@			2
generator_jobcode_devices	modifier	varchar(255)	YES	@@NULL@@			3
generator_jobcode_devices	belong_dept	int	YES	@@NULL@@			4
generator_jobcode_devices	update_datetime	datetime(6)	YES	@@NULL@@			5
generator_jobcode_devices	create_datetime	datetime(6)	YES	@@NULL@@			6
generator_jobcode_devices	sort	int	YES	@@NULL@@			7
generator_jobcode_devices	creator_id	bigint	YES	@@NULL@@			8
generator_jobcode_devices	devices_id	bigint	NO	@@NULL@@			9
generator_jobcode_devices	job_code_id	bigint	NO	@@NULL@@			10
generator_jobcode_devices	is_active	tinyint(1)	NO	@@NULL@@			11
generator_knife_detail	id	bigint	NO	@@NULL@@	auto_increment		1
generator_knife_detail	remark	varchar(255)	YES	@@NULL@@			2
generator_knife_detail	modifier	varchar(255)	YES	超级管理员			3
generator_knife_detail	belong_dept	int	YES	@@NULL@@			4
generator_knife_detail	update_datetime	datetime(6)	YES	CURRENT_TIMESTAMP(6)	DEFAULT_GENERATED on update CURRENT_TIMESTAMP(6)		5
generator_knife_detail	create_datetime	datetime(6)	YES	CURRENT_TIMESTAMP(6)	DEFAULT_GENERATED on update CURRENT_TIMESTAMP(6)		6
generator_knife_detail	sort	int	YES	1			7
generator_knife_detail	remarks	varchar(255)	YES	@@NULL@@			8
generator_knife_detail	cabinet_number	varchar(255)	YES	@@NULL@@			9
generator_knife_detail	machine_tool	varchar(255)	YES	@@NULL@@			10
generator_knife_detail	production_line	varchar(255)	YES	@@NULL@@			11
generator_knife_detail	is_in_cabinet	varchar(255)	YES	@@NULL@@			12
generator_knife_detail	new_knife_quantity	varchar(255)	YES	@@NULL@@			13
generator_knife_detail	used_knife_layer_count	varchar(255)	YES	@@NULL@@			14
generator_knife_detail	new_knife_layer_count	varchar(255)	YES	@@NULL@@			15
generator_knife_detail	new_knife_column_count	varchar(255)	YES	@@NULL@@			16
generator_knife_detail	online_knife_processing_volume	varchar(255)	YES	@@NULL@@			17
generator_knife_detail	offline_knife_processing_volume	varchar(255)	YES	@@NULL@@			18
generator_knife_detail	knife_recycling_person	varchar(255)	YES	@@NULL@@			19
generator_knife_detail	knife_recycling_time	varchar(255)	YES	@@NULL@@			20
generator_knife_detail	knife_dismounting_person	varchar(255)	YES	@@NULL@@			21
generator_knife_detail	knife_dismounting_time	varchar(255)	YES	@@NULL@@			22
generator_knife_detail	knife_mounting_person	varchar(255)	YES	@@NULL@@			23
generator_knife_detail	knife_mounting_time	varchar(255)	YES	@@NULL@@			24
generator_knife_detail	knife_placing_person	varchar(255)	YES	@@NULL@@			25
generator_knife_detail	knife_placing_time	varchar(255)	YES	@@NULL@@			26
generator_knife_detail	model	varchar(255)	YES	@@NULL@@			27
generator_knife_detail	barcode	varchar(255)	YES	@@NULL@@			28
generator_knife_detail	creator_id	bigint	YES	@@NULL@@			29
generator_knife_detail	knife_usage_hours	varchar(255)	YES	@@NULL@@			30
generator_knife_detail	used_knife_quantity	varchar(255)	YES	@@NULL@@			31
generator_knife_detail	_MASK_TO_V2	bigint	YES	@@NULL@@			32
generator_knife_detail	_MUSID_SYNC_V2	int unsigned	YES	@@NULL@@			33
generator_knife_life_standards	id	bigint	NO	@@NULL@@	auto_increment		1
generator_knife_life_standards	remark	varchar(255)	YES	@@NULL@@			2
generator_knife_life_standards	modifier	varchar(255)	YES	@@NULL@@			3
generator_knife_life_standards	belong_dept	int	YES	@@NULL@@			4
generator_knife_life_standards	update_datetime	datetime(6)	YES	@@NULL@@			5
generator_knife_life_standards	create_datetime	datetime(6)	YES	@@NULL@@			6
generator_knife_life_standards	sort	int	YES	@@NULL@@			7
generator_knife_life_standards	tool_model	varchar(100)	YES	@@NULL@@			8
generator_knife_life_standards	production	varchar(20)	YES	@@NULL@@			9
generator_knife_life_standards	std_completed_quatitiy	int	YES	@@NULL@@			10
generator_knife_life_standards	std_usage_hour	double	YES	@@NULL@@			11
generator_knife_life_standards	production_line_id	varchar(100)	YES	@@NULL@@			12
generator_knife_life_standards	bar_code	varchar(100)	YES	@@NULL@@			13
generator_knife_life_standards	creator_id	bigint	YES	@@NULL@@			14
generator_knife_life_standards_copy1	id	bigint	NO	@@NULL@@	auto_increment		1
generator_knife_life_standards_copy1	remark	varchar(255)	YES	@@NULL@@			2
generator_knife_life_standards_copy1	modifier	varchar(255)	YES	@@NULL@@			3
generator_knife_life_standards_copy1	belong_dept	int	YES	@@NULL@@			4
generator_knife_life_standards_copy1	update_datetime	datetime(6)	YES	@@NULL@@			5
generator_knife_life_standards_copy1	create_datetime	datetime(6)	YES	@@NULL@@			6
generator_knife_life_standards_copy1	sort	int	YES	@@NULL@@			7
generator_knife_life_standards_copy1	tool_model	varchar(100)	YES	@@NULL@@			8
generator_knife_life_standards_copy1	production	varchar(20)	YES	@@NULL@@			9
generator_knife_life_standards_copy1	std_completed_quatitiy	int	YES	@@NULL@@			10
generator_knife_life_standards_copy1	std_usage_hour	double	YES	@@NULL@@			11
generator_knife_life_standards_copy1	production_line_id	varchar(100)	YES	@@NULL@@			12
generator_knife_life_standards_copy1	bar_code	varchar(100)	YES	@@NULL@@			13
generator_knife_life_standards_copy1	creator_id	bigint	YES	@@NULL@@			14
generator_knife_life_standards_view	id	bigint	NO	0			1
generator_knife_life_standards_view	remark	varchar(255)	YES	@@NULL@@			2
generator_knife_life_standards_view	modifier	varchar(255)	YES	@@NULL@@			3
generator_knife_life_standards_view	belong_dept	int	YES	@@NULL@@			4
generator_knife_life_standards_view	update_datetime	datetime(6)	YES	@@NULL@@			5
generator_knife_life_standards_view	create_datetime	datetime(6)	YES	@@NULL@@			6
generator_knife_life_standards_view	sort	int	YES	@@NULL@@			7
generator_knife_life_standards_view	tool_model	varchar(100)	YES	@@NULL@@			8
generator_knife_life_standards_view	production	varchar(20)	YES	@@NULL@@			9
generator_knife_life_standards_view	std_completed_quatitiy	int	YES	@@NULL@@			10
generator_knife_life_standards_view	std_usage_hour	double	YES	@@NULL@@			11
generator_knife_life_standards_view	production_line_id	varchar(100)	YES	@@NULL@@			12
generator_knife_life_standards_view	bar_code	varchar(100)	YES	@@NULL@@			13
generator_knife_life_standards_view	creator_id	bigint	YES	@@NULL@@			14
generator_knife_loss_view	barcode	varchar(20)	YES	@@NULL@@			1
generator_knife_loss_view	tool_model	varchar(100)	YES	@@NULL@@			2
generator_knife_loss_view	std_usage_hour	double	YES	@@NULL@@			3
generator_knife_loss_view	std_completed_quatitiy	int	YES	@@NULL@@			4
generator_knife_loss_view	tool_usage_hours	double	YES	@@NULL@@			5
generator_knife_loss_view	online_tool_processing_quantity	int	YES	@@NULL@@			6
generator_knife_loss_view	offline_tool_processing_quantity	int	YES	@@NULL@@			7
generator_knife_loss_view	tool_cabinet_old_knife_recycling_time	datetime(6)	YES	@@NULL@@			8
generator_knife_requisition	id	bigint	NO	@@NULL@@	auto_increment		1
generator_knife_requisition	remark	varchar(255)	YES	@@NULL@@			2
generator_knife_requisition	modifier	varchar(255)	YES	@@NULL@@			3
generator_knife_requisition	belong_dept	int	YES	@@NULL@@			4
generator_knife_requisition	update_datetime	datetime(6)	YES	@@NULL@@			5
generator_knife_requisition	create_datetime	datetime(6)	YES	@@NULL@@			6
generator_knife_requisition	sort	int	YES	@@NULL@@			7
generator_knife_requisition	newbar_code	varchar(20)	YES	@@NULL@@			8
generator_knife_requisition	trade_in	varchar(20)	YES	@@NULL@@			9
generator_knife_requisition	use_dept	varchar(20)	YES	@@NULL@@			10
generator_knife_requisition	dept	varchar(20)	YES	@@NULL@@			11
generator_knife_requisition	material_handler	varchar(20)	YES	@@NULL@@			12
generator_knife_requisition	money	decimal(10,3)	YES	@@NULL@@			13
generator_knife_requisition	unit_price	decimal(10,3)	YES	@@NULL@@			14
generator_knife_requisition	number	int	YES	@@NULL@@			15
generator_knife_requisition	unit	varchar(10)	YES	@@NULL@@			16
generator_knife_requisition	name	varchar(80)	YES	@@NULL@@			17
generator_knife_requisition	bar_code	varchar(20)	YES	@@NULL@@			18
generator_knife_requisition	subclass	varchar(20)	YES	@@NULL@@			19
generator_knife_requisition	classes	varchar(20)	YES	@@NULL@@			20
generator_knife_requisition	project	varchar(20)	YES	@@NULL@@			21
generator_knife_requisition	supplier	varchar(50)	YES	@@NULL@@			22
generator_knife_requisition	date_time	date	YES	@@NULL@@			23
generator_knife_requisition	creator_id	bigint	YES	@@NULL@@			24
generator_knife_requisition	month_time	varchar(20)	YES	@@NULL@@			25
generator_knife_requisition	PO	varchar(20)	YES	@@NULL@@			26
generator_knife_requisition	abnormal_info	json	YES	@@NULL@@			27
generator_knife_requisition	_MASK_FROM_V2	timestamp	NO	CURRENT_TIMESTAMP	DEFAULT_GENERATED on update CURRENT_TIMESTAMP		28
generator_knife_statistics	id	bigint	NO	@@NULL@@	auto_increment		1
generator_knife_statistics	remark	varchar(255)	YES	@@NULL@@			2
generator_knife_statistics	modifier	varchar(255)	YES	@@NULL@@			3
generator_knife_statistics	belong_dept	int	YES	@@NULL@@			4
generator_knife_statistics	update_datetime	datetime(6)	YES	@@NULL@@			5
generator_knife_statistics	create_datetime	datetime(6)	YES	@@NULL@@			6
generator_knife_statistics	sort	int	YES	@@NULL@@			7
generator_knife_statistics	combined_production_line	varchar(100)	YES	@@NULL@@			8
generator_knife_statistics	combined_tool_model	varchar(80)	YES	@@NULL@@			9
generator_knife_statistics	online_tool_processing_quantity	int	YES	@@NULL@@			10
generator_knife_statistics	offline_tool_processing_quantity	int	YES	@@NULL@@			11
generator_knife_statistics	tool_usage_hours	double	YES	@@NULL@@			12
generator_knife_statistics	line_number	varchar(10)	YES	@@NULL@@			13
generator_knife_statistics	blade_change_time_old	datetime(6)	YES	@@NULL@@			14
generator_knife_statistics	installed_new_blade_barcode	varchar(255)	YES	@@NULL@@			15
generator_knife_statistics	blade_model_old	varchar(80)	YES	@@NULL@@			16
generator_knife_statistics	old_blade_barcode_after_change	varchar(255)	YES	@@NULL@@			17
generator_knife_statistics	blade_change_production_line_old	varchar(100)	YES	@@NULL@@			18
generator_knife_statistics	blade_change_machine_old	varchar(50)	YES	@@NULL@@			19
generator_knife_statistics	blade_changer_old	varchar(20)	YES	@@NULL@@			20
generator_knife_statistics	blade_change_factory_old	varchar(20)	YES	@@NULL@@			21
generator_knife_statistics	blade_change_time_new	datetime(6)	YES	@@NULL@@			22
generator_knife_statistics	new_blade_barcode_after_change	varchar(255)	YES	@@NULL@@			23
generator_knife_statistics	blade_model_new	varchar(80)	YES	@@NULL@@			24
generator_knife_statistics	removed_old_blade_barcode	varchar(255)	YES	@@NULL@@			25
generator_knife_statistics	blade_change_production_line_new	varchar(100)	YES	@@NULL@@			26
generator_knife_statistics	blade_change_machine_new	varchar(50)	YES	@@NULL@@			27
generator_knife_statistics	blade_changer_new	varchar(20)	YES	@@NULL@@			28
generator_knife_statistics	blade_change_factory_new	varchar(20)	YES	@@NULL@@			29
generator_knife_statistics	return_time	datetime(6)	YES	@@NULL@@			30
generator_knife_statistics	return_barcode	varchar(255)	YES	@@NULL@@			31
generator_knife_statistics	return_model	varchar(80)	YES	@@NULL@@			32
generator_knife_statistics	return_factory	varchar(20)	YES	@@NULL@@			33
generator_knife_statistics	production_department_knife_receiving_time	datetime(6)	YES	@@NULL@@			34
generator_knife_statistics	production_department_knife_barcode	varchar(255)	YES	@@NULL@@			35
generator_knife_statistics	production_department_knife_model	varchar(80)	YES	@@NULL@@			36
generator_knife_statistics	production_department_knife_receiving_layer	int	YES	@@NULL@@			37
generator_knife_statistics	production_department_knife_receiver	varchar(20)	YES	@@NULL@@			38
generator_knife_statistics	production_department_knife_receiving_factory	varchar(20)	YES	@@NULL@@			39
generator_knife_statistics	engineering_department_knife_receiving_time	datetime(6)	YES	@@NULL@@			40
generator_knife_statistics	engineering_department_knife_barcode	varchar(255)	YES	@@NULL@@			41
generator_knife_statistics	engineering_department_knife_model	varchar(80)	YES	@@NULL@@			42
generator_knife_statistics	engineering_department_knife_receiver	varchar(20)	YES	@@NULL@@			43
generator_knife_statistics	engineering_department_knife_receiving_factory	varchar(20)	YES	@@NULL@@			44
generator_knife_statistics	input_time_old	datetime(6)	YES	@@NULL@@			45
generator_knife_statistics	installed_new_knife_barcode	varchar(255)	YES	@@NULL@@			46
generator_knife_statistics	update_time_old	datetime(6)	YES	@@NULL@@			47
generator_knife_statistics	shift_old	varchar(20)	YES	@@NULL@@			48
generator_knife_statistics	knife_change_reason_old	varchar(255)	YES	@@NULL@@			49
generator_knife_statistics	knife_model_old	varchar(80)	YES	@@NULL@@			50
generator_knife_statistics	old_knife_barcode_after_change	varchar(255)	YES	@@NULL@@			51
generator_knife_statistics	knife_change_production_line_old	varchar(100)	YES	@@NULL@@			52
generator_knife_statistics	machine_knife_changer_old	varchar(20)	YES	@@NULL@@			53
generator_knife_statistics	knife_change_factory_old	varchar(20)	YES	@@NULL@@			54
generator_knife_statistics	input_time_new	datetime(6)	YES	@@NULL@@			55
generator_knife_statistics	new_knife_barcode_after_change	varchar(255)	YES	@@NULL@@			56
generator_knife_statistics	update_time_new	datetime(6)	YES	@@NULL@@			57
generator_knife_statistics	shift_new	varchar(20)	YES	@@NULL@@			58
generator_knife_statistics	knife_change_reason_new	varchar(255)	YES	@@NULL@@			59
generator_knife_statistics	knife_model_new	varchar(80)	YES	@@NULL@@			60
generator_knife_statistics	removed_old_knife_barcode	varchar(255)	YES	@@NULL@@			61
generator_knife_statistics	knife_change_production_line_new	varchar(100)	YES	@@NULL@@			62
generator_knife_statistics	machine_knife_changer_new	varchar(20)	YES	@@NULL@@			63
generator_knife_statistics	knife_change_factory_new	varchar(20)	YES	@@NULL@@			64
generator_knife_statistics	tool_cabinet_old_knife_recycling_time	datetime(6)	YES	@@NULL@@			65
generator_knife_statistics	tool_cabinet_old_knife_recycling_barcode	varchar(255)	YES	@@NULL@@			66
generator_knife_statistics	tool_cabinet_old_knife_recycling_model	varchar(80)	YES	@@NULL@@			67
generator_knife_statistics	tool_cabinet_old_knife_recycling_layer	int	YES	@@NULL@@			68
generator_knife_statistics	tool_cabinet_old_knife_recycling_admin	varchar(20)	YES	@@NULL@@			69
generator_knife_statistics	tool_cabinet_old_knife_recycling_factory	varchar(20)	YES	@@NULL@@			70
generator_knife_statistics	tool_cabinet_knife_storage_time	datetime(6)	YES	@@NULL@@			71
generator_knife_statistics	tool_cabinet_knife_storage_barcode	varchar(255)	YES	@@NULL@@			72
generator_knife_statistics	tool_cabinet_knife_storage_model	varchar(80)	YES	@@NULL@@			73
generator_knife_statistics	tool_cabinet_knife_storage_layer	int	YES	@@NULL@@			74
generator_knife_statistics	tool_cabinet_knife_receiver	varchar(20)	YES	@@NULL@@			75
generator_knife_statistics	tool_cabinet_knife_storage_factory	varchar(20)	YES	@@NULL@@			76
generator_knife_statistics	material_issue_date	datetime(6)	YES	@@NULL@@			77
generator_knife_statistics	project	varchar(20)	YES	@@NULL@@			78
generator_knife_statistics	sub_category	varchar(20)	YES	@@NULL@@			79
generator_knife_statistics	barcode	varchar(20)	YES	@@NULL@@			80
generator_knife_statistics	has_material_record	varchar(255)	YES	@@NULL@@			81
generator_knife_statistics	cabinet_number	varchar(10)	YES	@@NULL@@			82
generator_knife_statistics	supplier	varchar(50)	YES	@@NULL@@			83
generator_knife_statistics	material_name	varchar(80)	YES	@@NULL@@			84
generator_knife_statistics	unit	varchar(10)	YES	@@NULL@@			85
generator_knife_statistics	quantity	int	YES	@@NULL@@			86
generator_knife_statistics	unit_price	decimal(10,3)	YES	@@NULL@@			87
generator_knife_statistics	amount	decimal(10,3)	YES	@@NULL@@			88
generator_knife_statistics	material_receiver	varchar(20)	YES	@@NULL@@			89
generator_knife_statistics	department	varchar(20)	YES	@@NULL@@			90
generator_knife_statistics	use_department	varchar(20)	YES	@@NULL@@			91
generator_knife_statistics	creator_id	bigint	YES	@@NULL@@			92
generator_knife_statistics	barcode_extraction	varchar(20)	YES	@@NULL@@			93
generator_knife_statistics	supplier_extraction	varchar(50)	YES	@@NULL@@			94
generator_knife_statistics	merge_barcodes	varchar(50)	YES	@@NULL@@			95
generator_knife_statistics	merge_time	varchar(50)	YES	@@NULL@@			96
generator_knife_statistics	_MASK_FROM_V2	timestamp	NO	CURRENT_TIMESTAMP	DEFAULT_GENERATED on update CURRENT_TIMESTAMP		97
generator_knife_statistics_view	id	bigint	NO	0			1
generator_knife_statistics_view	remark	varchar(255)	YES	@@NULL@@			2
generator_knife_statistics_view	modifier	varchar(255)	YES	@@NULL@@			3
generator_knife_statistics_view	belong_dept	int	YES	@@NULL@@			4
generator_knife_statistics_view	update_datetime	datetime(6)	YES	@@NULL@@			5
generator_knife_statistics_view	create_datetime	datetime(6)	YES	@@NULL@@			6
generator_knife_statistics_view	sort	int	YES	@@NULL@@			7
generator_knife_statistics_view	combined_production_line	varchar(100)	YES	@@NULL@@			8
generator_knife_statistics_view	combined_tool_model	varchar(80)	YES	@@NULL@@			9
generator_knife_statistics_view	online_tool_processing_quantity	int	YES	@@NULL@@			10
generator_knife_statistics_view	offline_tool_processing_quantity	int	YES	@@NULL@@			11
generator_knife_statistics_view	tool_usage_hours	double	YES	@@NULL@@			12
generator_knife_statistics_view	line_number	varchar(10)	YES	@@NULL@@			13
generator_knife_statistics_view	blade_change_time_old	datetime(6)	YES	@@NULL@@			14
generator_knife_statistics_view	installed_new_blade_barcode	varchar(255)	YES	@@NULL@@			15
generator_knife_statistics_view	blade_model_old	varchar(80)	YES	@@NULL@@			16
generator_knife_statistics_view	old_blade_barcode_after_change	varchar(255)	YES	@@NULL@@			17
generator_knife_statistics_view	blade_change_production_line_old	varchar(100)	YES	@@NULL@@			18
generator_knife_statistics_view	blade_change_machine_old	varchar(50)	YES	@@NULL@@			19
generator_knife_statistics_view	blade_changer_old	varchar(20)	YES	@@NULL@@			20
generator_knife_statistics_view	blade_change_factory_old	varchar(20)	YES	@@NULL@@			21
generator_knife_statistics_view	blade_change_time_new	datetime(6)	YES	@@NULL@@			22
generator_knife_statistics_view	new_blade_barcode_after_change	varchar(255)	YES	@@NULL@@			23
generator_knife_statistics_view	blade_model_new	varchar(80)	YES	@@NULL@@			24
generator_knife_statistics_view	removed_old_blade_barcode	varchar(255)	YES	@@NULL@@			25
generator_knife_statistics_view	blade_change_production_line_new	varchar(100)	YES	@@NULL@@			26
generator_knife_statistics_view	blade_change_machine_new	varchar(50)	YES	@@NULL@@			27
generator_knife_statistics_view	blade_changer_new	varchar(20)	YES	@@NULL@@			28
generator_knife_statistics_view	blade_change_factory_new	varchar(20)	YES	@@NULL@@			29
generator_knife_statistics_view	return_time	datetime(6)	YES	@@NULL@@			30
generator_knife_statistics_view	return_barcode	varchar(255)	YES	@@NULL@@			31
generator_knife_statistics_view	return_model	varchar(80)	YES	@@NULL@@			32
generator_knife_statistics_view	return_factory	varchar(20)	YES	@@NULL@@			33
generator_knife_statistics_view	production_department_knife_receiving_time	datetime(6)	YES	@@NULL@@			34
generator_knife_statistics_view	production_department_knife_barcode	varchar(255)	YES	@@NULL@@			35
generator_knife_statistics_view	production_department_knife_model	varchar(80)	YES	@@NULL@@			36
generator_knife_statistics_view	production_department_knife_receiving_layer	int	YES	@@NULL@@			37
generator_knife_statistics_view	production_department_knife_receiver	varchar(20)	YES	@@NULL@@			38
generator_knife_statistics_view	production_department_knife_receiving_factory	varchar(20)	YES	@@NULL@@			39
generator_knife_statistics_view	engineering_department_knife_receiving_time	datetime(6)	YES	@@NULL@@			40
generator_knife_statistics_view	engineering_department_knife_barcode	varchar(255)	YES	@@NULL@@			41
generator_knife_statistics_view	engineering_department_knife_model	varchar(80)	YES	@@NULL@@			42
generator_knife_statistics_view	engineering_department_knife_receiver	varchar(20)	YES	@@NULL@@			43
generator_knife_statistics_view	engineering_department_knife_receiving_factory	varchar(20)	YES	@@NULL@@			44
generator_knife_statistics_view	input_time_old	datetime(6)	YES	@@NULL@@			45
generator_knife_statistics_view	installed_new_knife_barcode	varchar(255)	YES	@@NULL@@			46
generator_knife_statistics_view	update_time_old	datetime(6)	YES	@@NULL@@			47
generator_knife_statistics_view	shift_old	varchar(20)	YES	@@NULL@@			48
generator_knife_statistics_view	knife_change_reason_old	varchar(255)	YES	@@NULL@@			49
generator_knife_statistics_view	knife_model_old	varchar(80)	YES	@@NULL@@			50
generator_knife_statistics_view	old_knife_barcode_after_change	varchar(255)	YES	@@NULL@@			51
generator_knife_statistics_view	knife_change_production_line_old	varchar(100)	YES	@@NULL@@			52
generator_knife_statistics_view	machine_knife_changer_old	varchar(20)	YES	@@NULL@@			53
generator_knife_statistics_view	knife_change_factory_old	varchar(20)	YES	@@NULL@@			54
generator_knife_statistics_view	input_time_new	datetime(6)	YES	@@NULL@@			55
generator_knife_statistics_view	new_knife_barcode_after_change	varchar(255)	YES	@@NULL@@			56
generator_knife_statistics_view	update_time_new	datetime(6)	YES	@@NULL@@			57
generator_knife_statistics_view	shift_new	varchar(20)	YES	@@NULL@@			58
generator_knife_statistics_view	knife_change_reason_new	varchar(255)	YES	@@NULL@@			59
generator_knife_statistics_view	knife_model_new	varchar(80)	YES	@@NULL@@			60
generator_knife_statistics_view	removed_old_knife_barcode	varchar(255)	YES	@@NULL@@			61
generator_knife_statistics_view	knife_change_production_line_new	varchar(100)	YES	@@NULL@@			62
generator_knife_statistics_view	machine_knife_changer_new	varchar(20)	YES	@@NULL@@			63
generator_knife_statistics_view	knife_change_factory_new	varchar(20)	YES	@@NULL@@			64
generator_knife_statistics_view	tool_cabinet_old_knife_recycling_time	datetime(6)	YES	@@NULL@@			65
generator_knife_statistics_view	tool_cabinet_old_knife_recycling_barcode	varchar(255)	YES	@@NULL@@			66
generator_knife_statistics_view	tool_cabinet_old_knife_recycling_model	varchar(80)	YES	@@NULL@@			67
generator_knife_statistics_view	tool_cabinet_old_knife_recycling_layer	int	YES	@@NULL@@			68
generator_knife_statistics_view	tool_cabinet_old_knife_recycling_admin	varchar(20)	YES	@@NULL@@			69
generator_knife_statistics_view	tool_cabinet_old_knife_recycling_factory	varchar(20)	YES	@@NULL@@			70
generator_knife_statistics_view	tool_cabinet_knife_storage_time	datetime(6)	YES	@@NULL@@			71
generator_knife_statistics_view	tool_cabinet_knife_storage_barcode	varchar(255)	YES	@@NULL@@			72
generator_knife_statistics_view	tool_cabinet_knife_storage_model	varchar(80)	YES	@@NULL@@			73
generator_knife_statistics_view	tool_cabinet_knife_storage_layer	int	YES	@@NULL@@			74
generator_knife_statistics_view	tool_cabinet_knife_receiver	varchar(20)	YES	@@NULL@@			75
generator_knife_statistics_view	tool_cabinet_knife_storage_factory	varchar(20)	YES	@@NULL@@			76
generator_knife_statistics_view	material_issue_date	datetime(6)	YES	@@NULL@@			77
generator_knife_statistics_view	project	varchar(20)	YES	@@NULL@@			78
generator_knife_statistics_view	sub_category	varchar(20)	YES	@@NULL@@			79
generator_knife_statistics_view	barcode	varchar(20)	YES	@@NULL@@			80
generator_knife_statistics_view	has_material_record	varchar(255)	YES	@@NULL@@			81
generator_knife_statistics_view	cabinet_number	varchar(10)	YES	@@NULL@@			82
generator_knife_statistics_view	supplier	varchar(50)	YES	@@NULL@@			83
generator_knife_statistics_view	material_name	varchar(80)	YES	@@NULL@@			84
generator_knife_statistics_view	unit	varchar(10)	YES	@@NULL@@			85
generator_knife_statistics_view	quantity	int	YES	@@NULL@@			86
generator_knife_statistics_view	unit_price	decimal(10,3)	YES	@@NULL@@			87
generator_knife_statistics_view	amount	decimal(10,3)	YES	@@NULL@@			88
generator_knife_statistics_view	material_receiver	varchar(20)	YES	@@NULL@@			89
generator_knife_statistics_view	department	varchar(20)	YES	@@NULL@@			90
generator_knife_statistics_view	use_department	varchar(20)	YES	@@NULL@@			91
generator_knife_statistics_view	creator_id	bigint	YES	@@NULL@@			92
generator_knife_statistics_view	barcode_extraction	varchar(20)	YES	@@NULL@@			93
generator_knife_statistics_view	supplier_extraction	varchar(50)	YES	@@NULL@@			94
generator_knife_statistics_view	merge_barcodes	varchar(50)	YES	@@NULL@@			95
generator_knife_statistics_view	merge_time	varchar(50)	YES	@@NULL@@			96
generator_liqiang_inventory	id	bigint	NO	@@NULL@@	auto_increment	id	1
generator_liqiang_inventory	product_name	varchar(100)	NO	@@NULL@@		产品名称	2
generator_liqiang_inventory	date	date	YES	@@NULL@@		时间	3
generator_liqiang_inventory	summary_total	int	YES	@@NULL@@		汇总合计	4
generator_liqiang_inventory	logistics_balance	int	YES	@@NULL@@		物流结存	5
generator_liqiang_inventory	difference	int	YES	@@NULL@@		差异	6
generator_liqiang_inventory	remark	varchar(255)	YES	@@NULL@@		备注	7
generator_liqiang_inventory	modifier	varchar(255)	YES	@@NULL@@		创建者	8
generator_liqiang_inventory	update_datetime	datetime(6)	YES	@@NULL@@		更新时间	9
generator_liqiang_inventory	create_datetime	datetime(6)	YES	@@NULL@@		创建时间	10
generator_liqiang_logistics_cost	id	bigint	NO	@@NULL@@	auto_increment	id	1
generator_liqiang_logistics_cost	project	varchar(100)	NO	@@NULL@@		项目	2
generator_liqiang_logistics_cost	date	char(7)	NO	@@NULL@@		年月信息(格式:YYYY-MM)	3
generator_liqiang_logistics_cost	product_category	varchar(50)	YES	@@NULL@@		产品分类	4
generator_liqiang_logistics_cost	route_address	varchar(200)	YES	@@NULL@@		路线/地址	5
generator_liqiang_logistics_cost	quantity	int	YES	@@NULL@@		数量	6
generator_liqiang_logistics_cost	amount	decimal(15,2) unsigned	YES	@@NULL@@		金额	7
generator_liqiang_logistics_cost	unit_cost	decimal(10,2) unsigned	YES	@@NULL@@		单位成本	8
generator_liqiang_logistics_cost	target_unit_cost	decimal(10,2) unsigned	YES	@@NULL@@		目标单位成本	9
generator_liqiang_logistics_cost	standard_cost	decimal(10,2) unsigned	YES	@@NULL@@		标准成本	10
generator_liqiang_logistics_cost	completion_rate	decimal(5,2) unsigned	YES	@@NULL@@		完成率	11
generator_liqiang_logistics_cost	remark	varchar(255)	YES	@@NULL@@		备注	12
generator_liqiang_logistics_cost	modifier	varchar(255)	YES	@@NULL@@		创建者	13
generator_liqiang_logistics_cost	update_datetime	datetime(6)	YES	@@NULL@@		更新时间	14
generator_liqiang_logistics_cost	create_datetime	datetime(6)	YES	@@NULL@@		创建时间	15
generator_liqiang_report_journals	id	bigint	NO	@@NULL@@	auto_increment	id	1
generator_liqiang_report_journals	journal_uuid	varchar(100)	NO	@@NULL@@		汇报记录唯一标识	2
generator_liqiang_report_journals	template_name	varchar(100)	YES	@@NULL@@		汇报表单名称	3
generator_liqiang_report_journals	report_time	datetime	YES	@@NULL@@		汇报时间	4
generator_liqiang_report_journals	day_time	datetime	YES	@@NULL@@		日报时间	5
generator_liqiang_report_journals	submitter_userid	varchar(50)	YES	@@NULL@@		提交者用户ID	6
generator_liqiang_report_journals	today_content	varchar(2000)	YES	@@NULL@@		今日内容	7
generator_liqiang_report_journals	tomorrow_content	varchar(2000)	YES	@@NULL@@		明日内容	8
generator_liqiang_report_journals	receivers_userids	varchar(2000)	YES	@@NULL@@		汇报接收对象	9
generator_liqiang_report_journals	readed_receivers_userids	varchar(2000)	YES	@@NULL@@		汇报已读用户	10
generator_liqiang_report_journals	remark	varchar(255)	YES	@@NULL@@		备注	11
generator_liqiang_report_journals	modifier	varchar(255)	YES	@@NULL@@		创建者	12
generator_liqiang_report_journals	update_datetime	datetime(6)	YES	@@NULL@@		更新时间	13
generator_liqiang_report_journals	create_datetime	datetime(6)	YES	@@NULL@@		创建时间	14
generator_liqiang_report_journals_view	id	bigint	NO	0		id	1
generator_liqiang_report_journals_view	journal_uuid	varchar(100)	NO	@@NULL@@		汇报记录唯一标识	2
generator_liqiang_report_journals_view	template_name	varchar(100)	YES	@@NULL@@		汇报表单名称	3
generator_liqiang_report_journals_view	report_time	datetime	YES	@@NULL@@		汇报时间	4
generator_liqiang_report_journals_view	day_time	datetime	YES	@@NULL@@		日报时间	5
generator_liqiang_report_journals_view	submitter_userid	varchar(50)	YES	@@NULL@@		提交者用户ID	6
generator_liqiang_report_journals_view	today_content	varchar(2000)	YES	@@NULL@@		今日内容	7
generator_liqiang_report_journals_view	tomorrow_content	varchar(2000)	YES	@@NULL@@		明日内容	8
generator_liqiang_report_journals_view	receivers_userids	varchar(2000)	YES	@@NULL@@		汇报接收对象	9
generator_liqiang_report_journals_view	readed_receivers_userids	varchar(2000)	YES	@@NULL@@		汇报已读用户	10
generator_liqiang_report_journals_view	remark	varchar(255)	YES	@@NULL@@		备注	11
generator_liqiang_report_journals_view	modifier	varchar(255)	YES	@@NULL@@		创建者	12
generator_liqiang_report_journals_view	update_datetime	datetime(6)	YES	@@NULL@@		更新时间	13
generator_liqiang_report_journals_view	create_datetime	datetime(6)	YES	@@NULL@@		创建时间	14
generator_liqiang_report_journals_view	name	varchar(40)	YES	@@NULL@@			15
generator_liqiang_report_journals_view	username	varchar(150)	YES	@@NULL@@			16
generator_liqiang_report_journals_view	position	varchar(4)	NO				17
generator_liqiang_user_dept_view	id	bigint	NO	0			1
generator_liqiang_user_dept_view	username	varchar(150)	NO	@@NULL@@			2
generator_liqiang_user_dept_view	name	varchar(40)	NO	@@NULL@@			3
generator_liqiang_user_dept_view	mobile	varchar(255)	YES	@@NULL@@			4
generator_liqiang_user_dept_view	gender	int	YES	@@NULL@@			5
generator_liqiang_user_dept_view	status	tinyint(1)	NO	@@NULL@@			6
generator_liqiang_user_dept_view	wechat_id	varchar(150)	YES	@@NULL@@			7
generator_liqiang_user_dept_view	dept_name	varchar(64)	YES	@@NULL@@			8
generator_liqiang_user_dept_view	full_path	varchar(500)	YES	@@NULL@@			9
generator_liqiang_user_dept_view	level	bigint	YES	@@NULL@@			10
generator_lizhu_count_data	id	bigint	NO	@@NULL@@	auto_increment		1
generator_lizhu_count_data	remark	varchar(255)	YES	@@NULL@@			2
generator_lizhu_count_data	modifier	varchar(255)	YES	@@NULL@@			3
generator_lizhu_count_data	belong_dept	int	YES	@@NULL@@			4
generator_lizhu_count_data	update_datetime	datetime(6)	YES	@@NULL@@			5
generator_lizhu_count_data	create_datetime	datetime(6)	YES	@@NULL@@			6
generator_lizhu_count_data	sort	int	YES	1			7
generator_lizhu_count_data	create_date	datetime(6)	YES	@@NULL@@			8
generator_lizhu_count_data	RIGHT_GS62H	int	YES	@@NULL@@			9
generator_lizhu_count_data	RIGHT_GS62	int	YES	@@NULL@@			10
generator_lizhu_count_data	right_gs61h	int	YES	@@NULL@@			11
generator_lizhu_count_data	right_gs61	int	YES	@@NULL@@			12
generator_lizhu_count_data	left_gs62h	int	YES	@@NULL@@			13
generator_lizhu_count_data	left_gs62	int	YES	@@NULL@@			14
generator_lizhu_count_data	left_gs61h	int	YES	@@NULL@@			15
generator_lizhu_count_data	left_gs61	int	YES	@@NULL@@			16
generator_lizhu_count_data	creator_id	bigint	YES	@@NULL@@			17
generator_lizhu_count_data	_MASK_TO_V2	bigint	YES	@@NULL@@			18
generator_lizhu_error_data	id	bigint	NO	@@NULL@@	auto_increment		1
generator_lizhu_error_data	remark	varchar(255)	YES	@@NULL@@			2
generator_lizhu_error_data	modifier	varchar(255)	YES	@@NULL@@			3
generator_lizhu_error_data	belong_dept	int	YES	@@NULL@@			4
generator_lizhu_error_data	update_datetime	datetime(6)	YES	@@NULL@@			5
generator_lizhu_error_data	create_datetime	datetime(6)	YES	@@NULL@@			6
generator_lizhu_error_data	sort	int	YES	1			7
generator_lizhu_error_data	image	varchar(255)	YES	@@NULL@@			8
generator_lizhu_error_data	create_date	datetime(6)	YES	@@NULL@@			9
generator_lizhu_error_data	model_tool_type	varchar(255)	YES	@@NULL@@			10
generator_lizhu_error_data	curr_tool_type	varchar(255)	YES	@@NULL@@			11
generator_lizhu_error_data	direction	varchar(255)	YES	@@NULL@@			12
generator_lizhu_error_data	creator_id	bigint	YES	@@NULL@@			13
generator_lizhu_error_data	_MASK_TO_V2	bigint	YES	@@NULL@@			14
generator_lizhu_robot_data	id	bigint	NO	@@NULL@@	auto_increment		1
generator_lizhu_robot_data	remark	varchar(255)	YES	@@NULL@@			2
generator_lizhu_robot_data	modifier	varchar(255)	YES	@@NULL@@			3
generator_lizhu_robot_data	belong_dept	int	YES	@@NULL@@			4
generator_lizhu_robot_data	update_datetime	datetime(6)	YES	@@NULL@@			5
generator_lizhu_robot_data	create_datetime	datetime(6)	YES	@@NULL@@			6
generator_lizhu_robot_data	sort	int	YES	1			7
generator_lizhu_robot_data	direction	varchar(255)	YES	@@NULL@@			8
generator_lizhu_robot_data	create_date	datetime(6)	YES	@@NULL@@			9
generator_lizhu_robot_data	state	varchar(255)	YES	@@NULL@@			10
generator_lizhu_robot_data	tool_type	varchar(255)	YES	@@NULL@@			11
generator_lizhu_robot_data	creator_id	bigint	YES	@@NULL@@			12
generator_lizhu_robot_data	_MASK_TO_V2	bigint	YES	@@NULL@@			13
generator_logistics_balance_mode	id	bigint	NO	@@NULL@@	auto_increment		1
generator_logistics_balance_mode	remark	varchar(255)	YES	@@NULL@@			2
generator_logistics_balance_mode	modifier	varchar(255)	YES	@@NULL@@			3
generator_logistics_balance_mode	belong_dept	int	YES	@@NULL@@			4
generator_logistics_balance_mode	update_datetime	datetime(6)	YES	@@NULL@@			5
generator_logistics_balance_mode	create_datetime	datetime(6)	YES	@@NULL@@			6
generator_logistics_balance_mode	sort	int	YES	@@NULL@@			7
generator_logistics_balance_mode	mode	varchar(10)	YES	@@NULL@@			8
generator_logistics_balance_mode	name	varchar(60)	YES	@@NULL@@			9
generator_logistics_balance_mode	creator_id	bigint	YES	@@NULL@@			10
generator_logistics_balance_mode	product_stock_id	bigint	YES	@@NULL@@			11
generator_logistics_beginning_record	id	bigint	NO	@@NULL@@	auto_increment		1
generator_logistics_beginning_record	remark	varchar(255)	YES	@@NULL@@			2
generator_logistics_beginning_record	modifier	varchar(255)	YES	@@NULL@@			3
generator_logistics_beginning_record	belong_dept	int	YES	@@NULL@@			4
generator_logistics_beginning_record	update_datetime	datetime(6)	YES	@@NULL@@			5
generator_logistics_beginning_record	create_datetime	datetime(6)	YES	@@NULL@@			6
generator_logistics_beginning_record	sort	int	YES	@@NULL@@			7
generator_logistics_beginning_record	date_time	date	YES	@@NULL@@			8
generator_logistics_beginning_record	operate	varchar(20)	YES	@@NULL@@			9
generator_logistics_beginning_record	frozen_balance	int	YES	@@NULL@@			10
generator_logistics_beginning_record	customer_balance	int	YES	@@NULL@@			11
generator_logistics_beginning_record	warehouse_balance	int	YES	@@NULL@@			12
generator_logistics_beginning_record	type	varchar(30)	YES	@@NULL@@			13
generator_logistics_beginning_record	name	varchar(255)	YES	@@NULL@@			14
generator_logistics_beginning_record	creator_id	bigint	YES	@@NULL@@			15
generator_logistics_beginning_record	code	varchar(255)	YES	@@NULL@@			16
generator_logistics_beginning_record_view	id	bigint	NO	0			1
generator_logistics_beginning_record_view	remark	varchar(255)	YES	@@NULL@@			2
generator_logistics_beginning_record_view	modifier	varchar(255)	YES	@@NULL@@			3
generator_logistics_beginning_record_view	belong_dept	int	YES	@@NULL@@			4
generator_logistics_beginning_record_view	update_datetime	datetime(6)	YES	@@NULL@@			5
generator_logistics_beginning_record_view	create_datetime	datetime(6)	YES	@@NULL@@			6
generator_logistics_beginning_record_view	sort	int	YES	@@NULL@@			7
generator_logistics_beginning_record_view	date_time	date	YES	@@NULL@@			8
generator_logistics_beginning_record_view	operate	varchar(20)	YES	@@NULL@@			9
generator_logistics_beginning_record_view	frozen_balance	int	YES	@@NULL@@			10
generator_logistics_beginning_record_view	customer_balance	int	YES	@@NULL@@			11
generator_logistics_beginning_record_view	warehouse_balance	int	YES	@@NULL@@			12
generator_logistics_beginning_record_view	type	varchar(30)	YES	@@NULL@@			13
generator_logistics_beginning_record_view	name	varchar(255)	YES	@@NULL@@			14
generator_logistics_beginning_record_view	creator_id	bigint	YES	@@NULL@@			15
generator_logistics_beginning_record_view	code	varchar(255)	YES	@@NULL@@			16
generator_logistics_detail_map	id	bigint	NO	@@NULL@@	auto_increment		1
generator_logistics_detail_map	remark	varchar(255)	YES	@@NULL@@			2
generator_logistics_detail_map	modifier	varchar(255)	YES	@@NULL@@			3
generator_logistics_detail_map	belong_dept	int	YES	@@NULL@@			4
generator_logistics_detail_map	update_datetime	datetime(6)	YES	@@NULL@@			5
generator_logistics_detail_map	create_datetime	datetime(6)	YES	@@NULL@@			6
generator_logistics_detail_map	sort	int	YES	@@NULL@@			7
generator_logistics_detail_map	quantity_shipped	decimal(13,2)	YES	@@NULL@@			8
generator_logistics_detail_map	unit	varchar(10)	YES	@@NULL@@			9
generator_logistics_detail_map	creator_id	bigint	YES	@@NULL@@			10
generator_logistics_detail_map	order_detail_id	bigint	YES	@@NULL@@			11
generator_logistics_detail_map	shipment_id	bigint	YES	@@NULL@@			12
generator_logistics_product_stock	id	bigint	NO	@@NULL@@	auto_increment		1
generator_logistics_product_stock	remark	varchar(255)	YES	@@NULL@@			2
generator_logistics_product_stock	modifier	varchar(255)	YES	@@NULL@@			3
generator_logistics_product_stock	belong_dept	int	YES	@@NULL@@			4
generator_logistics_product_stock	update_datetime	datetime(6)	YES	@@NULL@@			5
generator_logistics_product_stock	create_datetime	datetime(6)	YES	@@NULL@@			6
generator_logistics_product_stock	sort	int	YES	@@NULL@@			7
generator_logistics_product_stock	cut	varchar(10)	YES	@@NULL@@			8
generator_logistics_product_stock	customer_balance	int	YES	@@NULL@@			9
generator_logistics_product_stock	warehouse_balance	int	YES	@@NULL@@			10
generator_logistics_product_stock	name	varchar(100)	YES	@@NULL@@			11
generator_logistics_product_stock	product	varchar(100)	YES	@@NULL@@			12
generator_logistics_product_stock	company	varchar(100)	YES	@@NULL@@			13
generator_logistics_product_stock	creator_id	bigint	YES	@@NULL@@			14
generator_logistics_product_stock	is_active	tinyint(1)	NO	@@NULL@@			15
generator_logistics_product_stock	frozen_balance	int	YES	@@NULL@@			16
generator_logistics_product_stock	code	varchar(255)	YES	@@NULL@@			17
generator_logistics_product_stock	customer_name	varchar(100)	YES	@@NULL@@			18
generator_logistics_product_stock	report_format	json	YES	@@NULL@@			19
generator_logistics_product_stock	Initial_value	int	NO	@@NULL@@			20
generator_logistics_product_stock	parent_id	bigint	YES	@@NULL@@			21
generator_logistics_product_stock_copy1	id	bigint	NO	@@NULL@@	auto_increment		1
generator_logistics_product_stock_copy1	remark	varchar(255)	YES	@@NULL@@			2
generator_logistics_product_stock_copy1	modifier	varchar(255)	YES	@@NULL@@			3
generator_logistics_product_stock_copy1	belong_dept	int	YES	@@NULL@@			4
generator_logistics_product_stock_copy1	update_datetime	datetime(6)	YES	@@NULL@@			5
generator_logistics_product_stock_copy1	create_datetime	datetime(6)	YES	@@NULL@@			6
generator_logistics_product_stock_copy1	sort	int	YES	@@NULL@@			7
generator_logistics_product_stock_copy1	cut	varchar(10)	YES	@@NULL@@			8
generator_logistics_product_stock_copy1	customer_balance	int	YES	@@NULL@@			9
generator_logistics_product_stock_copy1	warehouse_balance	int	YES	@@NULL@@			10
generator_logistics_product_stock_copy1	name	varchar(100)	YES	@@NULL@@			11
generator_logistics_product_stock_copy1	product	varchar(100)	YES	@@NULL@@			12
generator_logistics_product_stock_copy1	company	varchar(100)	YES	@@NULL@@			13
generator_logistics_product_stock_copy1	creator_id	bigint	YES	@@NULL@@			14
generator_logistics_product_stock_copy1	is_active	tinyint(1)	NO	@@NULL@@			15
generator_logistics_product_stock_copy1	frozen_balance	int	YES	@@NULL@@			16
generator_logistics_product_stock_copy1	code	varchar(255)	YES	@@NULL@@			17
generator_logistics_product_stock_copy1	customer_name	varchar(100)	YES	@@NULL@@			18
generator_logistics_product_stock_copy1	report_format	json	YES	@@NULL@@			19
generator_logistics_product_stock_copy1	Initial_value	int	NO	@@NULL@@			20
generator_logistics_product_stock_copy1	parent_id	bigint	YES	@@NULL@@			21
generator_logistics_push_log	id	bigint	NO	@@NULL@@	auto_increment		1
generator_logistics_push_log	remark	varchar(255)	YES	@@NULL@@			2
generator_logistics_push_log	modifier	varchar(255)	YES	@@NULL@@			3
generator_logistics_push_log	belong_dept	int	YES	@@NULL@@			4
generator_logistics_push_log	update_datetime	datetime(6)	YES	@@NULL@@			5
generator_logistics_push_log	create_datetime	datetime(6)	YES	@@NULL@@			6
generator_logistics_push_log	sort	int	YES	@@NULL@@			7
generator_logistics_push_log	status	varchar(20)	YES	@@NULL@@			8
generator_logistics_push_log	raw_payload	json	YES	@@NULL@@			9
generator_logistics_push_log	process_result	varchar(255)	YES	@@NULL@@			10
generator_logistics_push_log	creator_id	bigint	YES	@@NULL@@			11
generator_logistics_push_log	shipment_id	bigint	YES	@@NULL@@			12
generator_logistics_shipment	id	bigint	NO	@@NULL@@	auto_increment		1
generator_logistics_shipment	remark	varchar(255)	YES	@@NULL@@			2
generator_logistics_shipment	modifier	varchar(255)	YES	@@NULL@@			3
generator_logistics_shipment	belong_dept	int	YES	@@NULL@@			4
generator_logistics_shipment	update_datetime	datetime(6)	YES	@@NULL@@			5
generator_logistics_shipment	create_datetime	datetime(6)	YES	@@NULL@@			6
generator_logistics_shipment	sort	int	YES	@@NULL@@			7
generator_logistics_shipment	number	varchar(50)	YES	@@NULL@@			8
generator_logistics_shipment	expected_arrival_dt	date	YES	@@NULL@@			9
generator_logistics_shipment	query_response	json	YES	@@NULL@@			10
generator_logistics_shipment	query_request	json	YES	@@NULL@@			11
generator_logistics_shipment	delivery_man_phone	varchar(100)	YES	@@NULL@@			12
generator_logistics_shipment	delivery_man_name	varchar(20)	YES	@@NULL@@			13
generator_logistics_shipment	pickup_man_phone	varchar(100)	YES	@@NULL@@			14
generator_logistics_shipment	pickup_man_name	varchar(20)	YES	@@NULL@@			15
generator_logistics_shipment	state_code	varchar(8)	YES	@@NULL@@			16
generator_logistics_shipment	to_text	varchar(150)	YES	@@NULL@@			17
generator_logistics_shipment	phone	varchar(20)	YES	@@NULL@@			18
generator_logistics_shipment	num	varchar(50)	YES	@@NULL@@			19
generator_logistics_shipment	com	varchar(50)	YES	@@NULL@@			20
generator_logistics_shipment	creator_id	bigint	YES	@@NULL@@			21
generator_logistics_transaction_table	id	bigint	NO	@@NULL@@	auto_increment		1
generator_logistics_transaction_table	remark	longtext	YES	@@NULL@@			2
generator_logistics_transaction_table	modifier	varchar(255)	YES	@@NULL@@			3
generator_logistics_transaction_table	belong_dept	int	YES	@@NULL@@			4
generator_logistics_transaction_table	update_datetime	datetime(6)	YES	@@NULL@@			5
generator_logistics_transaction_table	create_datetime	datetime(6)	YES	@@NULL@@			6
generator_logistics_transaction_table	sort	int	YES	@@NULL@@			7
generator_logistics_transaction_table	date_time	datetime(6)	YES	@@NULL@@			8
generator_logistics_transaction_table	receipt_number	varchar(255)	YES	@@NULL@@			9
generator_logistics_transaction_table	number	int	YES	@@NULL@@			10
generator_logistics_transaction_table	mode	varchar(80)	YES	@@NULL@@			11
generator_logistics_transaction_table	name	varchar(80)	YES	@@NULL@@			12
generator_logistics_transaction_table	product	varchar(80)	YES	@@NULL@@			13
generator_logistics_transaction_table	company	varchar(80)	YES	@@NULL@@			14
generator_logistics_transaction_table	creator_id	bigint	YES	@@NULL@@			15
generator_logistics_transaction_table	product_stock_id	bigint	YES	@@NULL@@			16
generator_logistics_transaction_table	po	varchar(255)	YES	@@NULL@@			17
generator_logistics_transaction_table	logistics_waybill_id	bigint	YES	@@NULL@@			18
generator_logistics_transaction_table	code	varchar(255)	YES	@@NULL@@			19
generator_logistics_transaction_table	balance_mode_id	bigint	YES	@@NULL@@			20
generator_logistics_transaction_table	table_remark	varchar(255)	YES	@@NULL@@			21
generator_logistics_transaction_table_copy1	id	bigint	NO	@@NULL@@	auto_increment		1
generator_logistics_transaction_table_copy1	remark	longtext	YES	@@NULL@@			2
generator_logistics_transaction_table_copy1	modifier	varchar(255)	YES	@@NULL@@			3
generator_logistics_transaction_table_copy1	belong_dept	int	YES	@@NULL@@			4
generator_logistics_transaction_table_copy1	update_datetime	datetime(6)	YES	@@NULL@@			5
generator_logistics_transaction_table_copy1	create_datetime	datetime(6)	YES	@@NULL@@			6
generator_logistics_transaction_table_copy1	sort	int	YES	@@NULL@@			7
generator_logistics_transaction_table_copy1	date_time	datetime(6)	YES	@@NULL@@			8
generator_logistics_transaction_table_copy1	receipt_number	varchar(255)	YES	@@NULL@@			9
generator_logistics_transaction_table_copy1	number	int	YES	@@NULL@@			10
generator_logistics_transaction_table_copy1	mode	varchar(80)	YES	@@NULL@@			11
generator_logistics_transaction_table_copy1	name	varchar(80)	YES	@@NULL@@			12
generator_logistics_transaction_table_copy1	product	varchar(80)	YES	@@NULL@@			13
generator_logistics_transaction_table_copy1	company	varchar(80)	YES	@@NULL@@			14
generator_logistics_transaction_table_copy1	creator_id	bigint	YES	@@NULL@@			15
generator_logistics_transaction_table_copy1	product_stock_id	bigint	YES	@@NULL@@			16
generator_logistics_transaction_table_copy1	po	varchar(255)	YES	@@NULL@@			17
generator_logistics_transaction_table_copy1	logistics_waybill_id	bigint	YES	@@NULL@@			18
generator_logistics_transaction_table_copy1	code	varchar(255)	YES	@@NULL@@			19
generator_logistics_transaction_table_copy1	balance_mode_id	bigint	YES	@@NULL@@			20
generator_logistics_transaction_table_copy1	table_remark	varchar(255)	YES	@@NULL@@			21
generator_logistics_waybill	id	bigint	NO	@@NULL@@	auto_increment		1
generator_logistics_waybill	remark	varchar(255)	YES	@@NULL@@			2
generator_logistics_waybill	modifier	varchar(255)	YES	@@NULL@@			3
generator_logistics_waybill	belong_dept	int	YES	@@NULL@@			4
generator_logistics_waybill	update_datetime	datetime(6)	YES	@@NULL@@			5
generator_logistics_waybill	create_datetime	datetime(6)	YES	@@NULL@@			6
generator_logistics_waybill	sort	int	YES	@@NULL@@			7
generator_logistics_waybill	data	json	YES	@@NULL@@			8
generator_logistics_waybill	columns	json	YES	@@NULL@@			9
generator_logistics_waybill	date_time	datetime(6)	YES	@@NULL@@			10
generator_logistics_waybill	img	varchar(255)	YES	@@NULL@@			11
generator_logistics_waybill	receiver	varchar(80)	YES	@@NULL@@			12
generator_logistics_waybill	pickup_person	varchar(80)	YES	@@NULL@@			13
generator_logistics_waybill	shipper	varchar(80)	YES	@@NULL@@			14
generator_logistics_waybill	car_number	varchar(80)	YES	@@NULL@@			15
generator_logistics_waybill	consignor	varchar(100)	YES	@@NULL@@			16
generator_logistics_waybill	consignee	varchar(100)	YES	@@NULL@@			17
generator_logistics_waybill	receipt_number	varchar(30)	YES	@@NULL@@			18
generator_logistics_waybill	variety	varchar(10)	YES	@@NULL@@			19
generator_logistics_waybill	type	varchar(10)	YES	@@NULL@@			20
generator_logistics_waybill	creator_id	bigint	YES	@@NULL@@			21
generator_logistics_waybill_copy1	id	bigint	NO	@@NULL@@	auto_increment		1
generator_logistics_waybill_copy1	remark	varchar(255)	YES	@@NULL@@			2
generator_logistics_waybill_copy1	modifier	varchar(255)	YES	@@NULL@@			3
generator_logistics_waybill_copy1	belong_dept	int	YES	@@NULL@@			4
generator_logistics_waybill_copy1	update_datetime	datetime(6)	YES	@@NULL@@			5
generator_logistics_waybill_copy1	create_datetime	datetime(6)	YES	@@NULL@@			6
generator_logistics_waybill_copy1	sort	int	YES	@@NULL@@			7
generator_logistics_waybill_copy1	data	json	YES	@@NULL@@			8
generator_logistics_waybill_copy1	columns	json	YES	@@NULL@@			9
generator_logistics_waybill_copy1	date_time	datetime(6)	YES	@@NULL@@			10
generator_logistics_waybill_copy1	img	varchar(255)	YES	@@NULL@@			11
generator_logistics_waybill_copy1	receiver	varchar(80)	YES	@@NULL@@			12
generator_logistics_waybill_copy1	pickup_person	varchar(80)	YES	@@NULL@@			13
generator_logistics_waybill_copy1	shipper	varchar(80)	YES	@@NULL@@			14
generator_logistics_waybill_copy1	car_number	varchar(80)	YES	@@NULL@@			15
generator_logistics_waybill_copy1	consignor	varchar(100)	YES	@@NULL@@			16
generator_logistics_waybill_copy1	consignee	varchar(100)	YES	@@NULL@@			17
generator_logistics_waybill_copy1	receipt_number	varchar(30)	YES	@@NULL@@			18
generator_logistics_waybill_copy1	variety	varchar(10)	YES	@@NULL@@			19
generator_logistics_waybill_copy1	type	varchar(10)	YES	@@NULL@@			20
generator_logistics_waybill_copy1	creator_id	bigint	YES	@@NULL@@			21
generator_machine_tool_change	id	bigint	NO	@@NULL@@	auto_increment		1
generator_machine_tool_change	remark	varchar(255)	YES	@@NULL@@			2
generator_machine_tool_change	modifier	varchar(255)	YES	超级管理员			3
generator_machine_tool_change	belong_dept	int	YES	@@NULL@@			4
generator_machine_tool_change	update_datetime	datetime	YES	CURRENT_TIMESTAMP	DEFAULT_GENERATED on update CURRENT_TIMESTAMP		5
generator_machine_tool_change	create_datetime	datetime	YES	CURRENT_TIMESTAMP	DEFAULT_GENERATED on update CURRENT_TIMESTAMP		6
generator_machine_tool_change	sort	int	YES	1			7
generator_machine_tool_change	remarks	varchar(255)	YES	@@NULL@@			8
generator_machine_tool_change	factory	varchar(255)	YES	@@NULL@@			9
generator_machine_tool_change	cabinet_id	varchar(255)	YES	@@NULL@@			10
generator_machine_tool_change	tool_changer	varchar(255)	YES	@@NULL@@			11
generator_machine_tool_change	tool_order	varchar(255)	YES	@@NULL@@			12
generator_machine_tool_change	machine_tool	varchar(255)	YES	@@NULL@@			13
generator_machine_tool_change	production_line_id	varchar(255)	YES	@@NULL@@			14
generator_machine_tool_change	old_tool_supplier	varchar(255)	YES	@@NULL@@			15
generator_machine_tool_change	old_bar_code	varchar(255)	YES	@@NULL@@			16
generator_machine_tool_change	model	varchar(255)	YES	@@NULL@@			17
generator_machine_tool_change	new_tool_supplier	varchar(255)	YES	@@NULL@@			18
generator_machine_tool_change	change_reason	varchar(255)	YES	@@NULL@@			19
generator_machine_tool_change	working_shift	varchar(255)	YES	@@NULL@@			20
generator_machine_tool_change	update_time	datetime	YES	@@NULL@@			21
generator_machine_tool_change	status	varchar(255)	YES	@@NULL@@			22
generator_machine_tool_change	inspector	varchar(255)	YES	@@NULL@@			23
generator_machine_tool_change	tool_change_qrcode	varchar(255)	YES	@@NULL@@			24
generator_machine_tool_change	processing_quantity_machine	varchar(255)	YES	@@NULL@@			25
generator_machine_tool_change	processing_data_worker	varchar(255)	YES	@@NULL@@			26
generator_machine_tool_change	bar_code	varchar(255)	YES	@@NULL@@			27
generator_machine_tool_change	date_time	datetime	YES	@@NULL@@			28
generator_machine_tool_change	creator_id	bigint	YES	@@NULL@@			29
generator_machine_tool_change	_MASK_TO_V2	bigint	YES	@@NULL@@			30
generator_machine_tool_change	_MUSID_SYNC_V2	int unsigned	YES	@@NULL@@			31
generator_machine_tool_change	_MASK_FROM_V2	timestamp	NO	CURRENT_TIMESTAMP	DEFAULT_GENERATED on update CURRENT_TIMESTAMP		32
generator_machined_number_view	id	bigint	NO	0			1
generator_machined_number_view	remark	varchar(255)	YES	@@NULL@@			2
generator_machined_number_view	modifier	varchar(255)	YES	@@NULL@@			3
generator_machined_number_view	belong_dept	int	YES	@@NULL@@			4
generator_machined_number_view	update_datetime	datetime(6)	YES	@@NULL@@			5
generator_machined_number_view	create_datetime	datetime(6)	YES	@@NULL@@			6
generator_machined_number_view	sort	int	YES	@@NULL@@			7
generator_machined_number_view	status	varchar(10)	YES	@@NULL@@			8
generator_machined_number_view	leader	varchar(20)	YES	@@NULL@@			9
generator_machined_number_view	scrap_waste	int	YES	@@NULL@@			10
generator_machined_number_view	industrial_waste	int	YES	@@NULL@@			11
generator_machined_number_view	device_code	varchar(30)	YES	@@NULL@@			12
generator_machined_number_view	train_user	varchar(30)	YES	@@NULL@@			13
generator_machined_number_view	right	int	YES	@@NULL@@			14
generator_machined_number_view	left	int	YES	@@NULL@@			15
generator_machined_number_view	actual_output	int	YES	@@NULL@@			16
generator_machined_number_view	plan_output	int	YES	@@NULL@@			17
generator_machined_number_view	work_hours	decimal(13,2)	YES	@@NULL@@			18
generator_machined_number_view	work_state	varchar(20)	YES	@@NULL@@			19
generator_machined_number_view	job_code_name	varchar(80)	YES	@@NULL@@			20
generator_machined_number_view	day_night	varchar(20)	YES	@@NULL@@			21
generator_machined_number_view	working_system	varchar(20)	YES	@@NULL@@			22
generator_machined_number_view	user	varchar(20)	YES	@@NULL@@			23
generator_machined_number_view	dept	varchar(20)	YES	@@NULL@@			24
generator_machined_number_view	site	varchar(20)	YES	@@NULL@@			25
generator_machined_number_view	creator_id	bigint	YES	@@NULL@@			26
generator_machined_number_view	date	date	YES	@@NULL@@			27
generator_machined_number_view	product_name	varchar(50)	YES	@@NULL@@			28
generator_machined_number_view	product	varchar(50)	YES	@@NULL@@			29
generator_maintenance_records	id	bigint	NO	@@NULL@@	auto_increment		1
generator_maintenance_records	remark	varchar(255)	YES	@@NULL@@			2
generator_maintenance_records	modifier	varchar(255)	YES	@@NULL@@			3
generator_maintenance_records	belong_dept	int	YES	@@NULL@@			4
generator_maintenance_records	update_datetime	datetime(6)	YES	@@NULL@@			5
generator_maintenance_records	create_datetime	datetime(6)	YES	@@NULL@@			6
generator_maintenance_records	sort	int	YES	@@NULL@@			7
generator_maintenance_records	remarks	longtext	YES	@@NULL@@			8
generator_maintenance_records	duration	longtext	YES	@@NULL@@			9
generator_maintenance_records	date_time	datetime(6)	YES	@@NULL@@			10
generator_maintenance_records	after_img	varchar(255)	YES	@@NULL@@			11
generator_maintenance_records	before_img	varchar(255)	YES	@@NULL@@			12
generator_maintenance_records	spare_part_number	int	YES	@@NULL@@			13
generator_maintenance_records	spare_part_model	varchar(255)	YES	@@NULL@@			14
generator_maintenance_records	spare_part_name	varchar(255)	YES	@@NULL@@			15
generator_maintenance_records	operation_duration	decimal(13,1)	YES	@@NULL@@			16
generator_maintenance_records	technician	varchar(255)	YES	@@NULL@@			17
generator_maintenance_records	type	varchar(255)	YES	@@NULL@@			18
generator_maintenance_records	name	varchar(255)	YES	@@NULL@@			19
generator_maintenance_records	creator_id	bigint	YES	@@NULL@@			20
generator_maintenance_records	device_id	bigint	YES	@@NULL@@			21
generator_maintenance_schedule	id	bigint	NO	@@NULL@@	auto_increment		1
generator_maintenance_schedule	remark	varchar(255)	YES	@@NULL@@			2
generator_maintenance_schedule	modifier	varchar(255)	YES	@@NULL@@			3
generator_maintenance_schedule	belong_dept	int	YES	@@NULL@@			4
generator_maintenance_schedule	update_datetime	datetime(6)	YES	@@NULL@@			5
generator_maintenance_schedule	create_datetime	datetime(6)	YES	@@NULL@@			6
generator_maintenance_schedule	sort	int	YES	@@NULL@@			7
generator_maintenance_schedule	status	varchar(255)	YES	@@NULL@@			8
generator_maintenance_schedule	description	longtext	YES	@@NULL@@			9
generator_maintenance_schedule	type	varchar(255)	YES	@@NULL@@			10
generator_maintenance_schedule	date_time	datetime(6)	YES	@@NULL@@			11
generator_maintenance_schedule	creator_id	bigint	YES	@@NULL@@			12
generator_maintenance_schedule	device_id	bigint	YES	@@NULL@@			13
generator_management_area_allocation	id	bigint	NO	@@NULL@@	auto_increment		1
generator_management_area_allocation	remark	varchar(255)	YES	@@NULL@@			2
generator_management_area_allocation	modifier	varchar(255)	YES	@@NULL@@			3
generator_management_area_allocation	belong_dept	int	YES	@@NULL@@			4
generator_management_area_allocation	update_datetime	datetime(6)	YES	@@NULL@@			5
generator_management_area_allocation	create_datetime	datetime(6)	YES	@@NULL@@			6
generator_management_area_allocation	sort	int	YES	@@NULL@@			7
generator_management_area_allocation	responsible_person_id	bigint	YES	@@NULL@@			8
generator_management_area_allocation	responsible_department_id	bigint	YES	@@NULL@@			9
generator_management_area_allocation	regional_plan	varchar(255)	YES	@@NULL@@			10
generator_management_area_allocation	region	longtext	YES	@@NULL@@			11
generator_management_area_allocation	creator_id	bigint	YES	@@NULL@@			12
generator_measuring_instrument	id	bigint	NO	@@NULL@@	auto_increment		1
generator_measuring_instrument	remark	varchar(255)	YES	@@NULL@@			2
generator_measuring_instrument	modifier	varchar(255)	YES	@@NULL@@			3
generator_measuring_instrument	belong_dept	int	YES	@@NULL@@			4
generator_measuring_instrument	update_datetime	datetime(6)	YES	@@NULL@@			5
generator_measuring_instrument	create_datetime	datetime(6)	YES	@@NULL@@			6
generator_measuring_instrument	sort	int	YES	@@NULL@@			7
generator_measuring_instrument	is_active	tinyint(1)	NO	@@NULL@@			8
generator_measuring_instrument	images	json	YES	@@NULL@@			9
generator_measuring_instrument	calibration_cycle_days	int unsigned	NO	@@NULL@@			10
generator_measuring_instrument	specification	varchar(160)	YES	@@NULL@@			11
generator_measuring_instrument	storage_location	varchar(50)	NO	@@NULL@@			12
generator_measuring_instrument	products	json	YES	@@NULL@@			13
generator_measuring_instrument	type	varchar(30)	YES	@@NULL@@			14
generator_measuring_instrument	number	varchar(30)	YES	@@NULL@@			15
generator_measuring_instrument	creator_id	bigint	YES	@@NULL@@			16
generator_measuring_instrument	company	varchar(50)	YES	@@NULL@@			17
generator_measuring_instrument	name	varchar(30)	YES	@@NULL@@			18
generator_measuring_instrument	site	varchar(30)	YES	@@NULL@@			19
generator_monthlytask	id	bigint	NO	@@NULL@@	auto_increment		1
generator_monthlytask	remark	varchar(255)	YES	@@NULL@@			2
generator_monthlytask	modifier	varchar(255)	YES	@@NULL@@			3
generator_monthlytask	belong_dept	int	YES	@@NULL@@			4
generator_monthlytask	update_datetime	datetime(6)	YES	@@NULL@@			5
generator_monthlytask	create_datetime	datetime(6)	YES	@@NULL@@			6
generator_monthlytask	sort	int	YES	@@NULL@@			7
generator_monthlytask	month_date	varchar(10)	NO	@@NULL@@			8
generator_monthlytask	name	varchar(50)	YES	@@NULL@@			9
generator_monthlytask	percentage	float(11,2)	NO	@@NULL@@			10
generator_monthlytask	is_systemTask	tinyint(1)	NO	@@NULL@@			11
generator_monthlytask	creator_id	bigint	YES	@@NULL@@			12
generator_monthlytask	project_id	bigint	YES	@@NULL@@			13
generator_monthlytask	approver	varchar(15)	YES	@@NULL@@			14
generator_monthlytask	is_activate	tinyint(1)	NO	@@NULL@@			15
generator_newscheduling	id	bigint	NO	@@NULL@@	auto_increment		1
generator_newscheduling	remark	varchar(255)	YES	@@NULL@@			2
generator_newscheduling	modifier	varchar(255)	YES	@@NULL@@			3
generator_newscheduling	belong_dept	int	YES	@@NULL@@			4
generator_newscheduling	update_datetime	datetime(6)	YES	@@NULL@@			5
generator_newscheduling	create_datetime	datetime(6)	YES	@@NULL@@			6
generator_newscheduling	sort	int	YES	@@NULL@@			7
generator_newscheduling	status	varchar(10)	YES	@@NULL@@			8
generator_newscheduling	leader	varchar(20)	YES	@@NULL@@			9
generator_newscheduling	scrap_waste	int	YES	@@NULL@@			10
generator_newscheduling	industrial_waste	int	YES	@@NULL@@			11
generator_newscheduling	device_code	varchar(30)	YES	@@NULL@@			12
generator_newscheduling	train_user	varchar(30)	YES	@@NULL@@			13
generator_newscheduling	right	int	YES	@@NULL@@			14
generator_newscheduling	left	int	YES	@@NULL@@			15
generator_newscheduling	actual_output	int	YES	@@NULL@@			16
generator_newscheduling	plan_output	int	YES	@@NULL@@			17
generator_newscheduling	work_hours	decimal(13,2)	YES	@@NULL@@			18
generator_newscheduling	work_state	varchar(20)	YES	@@NULL@@			19
generator_newscheduling	job_code_name	varchar(80)	YES	@@NULL@@			20
generator_newscheduling	day_night	varchar(20)	YES	@@NULL@@			21
generator_newscheduling	working_system	varchar(20)	YES	@@NULL@@			22
generator_newscheduling	user	varchar(20)	YES	@@NULL@@			23
generator_newscheduling	dept	varchar(20)	YES	@@NULL@@			24
generator_newscheduling	site	varchar(20)	YES	@@NULL@@			25
generator_newscheduling	creator_id	bigint	YES	@@NULL@@			26
generator_newscheduling	date	date	YES	@@NULL@@			27
generator_newscheduling	product_name	varchar(50)	YES	@@NULL@@			28
generator_newscheduling	downtime	decimal(6,1)	YES	@@NULL@@			29
generator_newscheduling	finance_hours	decimal(13,2)	YES	@@NULL@@			30
generator_newscheduling_temp	id	bigint	NO	@@NULL@@	auto_increment		1
generator_newscheduling_temp	remark	varchar(255)	YES	@@NULL@@			2
generator_newscheduling_temp	modifier	varchar(255)	YES	@@NULL@@			3
generator_newscheduling_temp	belong_dept	int	YES	@@NULL@@			4
generator_newscheduling_temp	update_datetime	datetime(6)	YES	@@NULL@@			5
generator_newscheduling_temp	create_datetime	datetime(6)	YES	@@NULL@@			6
generator_newscheduling_temp	sort	int	YES	@@NULL@@			7
generator_newscheduling_temp	date	date	YES	@@NULL@@			8
generator_newscheduling_temp	site	varchar(20)	YES	@@NULL@@			9
generator_newscheduling_temp	dept	varchar(20)	YES	@@NULL@@			10
generator_newscheduling_temp	user	varchar(50)	YES	@@NULL@@			11
generator_newscheduling_temp	day_night	varchar(20)	YES	@@NULL@@			12
generator_newscheduling_temp	job_code_name	varchar(80)	YES	@@NULL@@			13
generator_newscheduling_temp	product_name	varchar(50)	YES	@@NULL@@			14
generator_newscheduling_temp	actual_output	int	YES	@@NULL@@			15
generator_newscheduling_temp	work_hours	decimal(13,2)	YES	@@NULL@@			16
generator_newscheduling_temp	industrial_waste	int	YES	@@NULL@@			17
generator_newscheduling_temp	scrap_waste	int	YES	@@NULL@@			18
generator_newscheduling_temp	user_remark	varchar(255)	YES	@@NULL@@			19
generator_newscheduling_temp	status	int	YES	@@NULL@@			20
generator_newscheduling_temp	creator_id	bigint	YES	@@NULL@@			21
generator_newscheduling_temp	approve_time	datetime(6)	YES	@@NULL@@			22
generator_newscheduling_temp	approver	varchar(50)	YES	@@NULL@@			23
generator_newscheduling_temp	history_snapshot	json	YES	@@NULL@@			24
generator_newscheduling_temp	downtime	decimal(6,1)	YES	@@NULL@@			25
generator_objective	id	bigint	NO	@@NULL@@	auto_increment		1
generator_objective	remark	varchar(255)	YES	@@NULL@@			2
generator_objective	modifier	varchar(255)	YES	@@NULL@@			3
generator_objective	belong_dept	int	YES	@@NULL@@			4
generator_objective	update_datetime	datetime(6)	YES	@@NULL@@			5
generator_objective	create_datetime	datetime(6)	YES	@@NULL@@			6
generator_objective	sort	int	YES	@@NULL@@			7
generator_objective	inspection_object	longtext	YES	@@NULL@@			8
generator_objective	creator_id	bigint	YES	@@NULL@@			9
generator_old_knife_recycle	id	bigint	NO	@@NULL@@	auto_increment		1
generator_old_knife_recycle	remark	varchar(255)	YES	@@NULL@@			2
generator_old_knife_recycle	modifier	varchar(255)	YES	超级管理员			3
generator_old_knife_recycle	belong_dept	int	YES	@@NULL@@			4
generator_old_knife_recycle	update_datetime	datetime(6)	YES	CURRENT_TIMESTAMP(6)	DEFAULT_GENERATED on update CURRENT_TIMESTAMP(6)		5
generator_old_knife_recycle	create_datetime	datetime(6)	YES	CURRENT_TIMESTAMP(6)	DEFAULT_GENERATED on update CURRENT_TIMESTAMP(6)		6
generator_old_knife_recycle	sort	int	YES	1			7
generator_old_knife_recycle	remarks	varchar(255)	YES	@@NULL@@			8
generator_old_knife_recycle	factory	varchar(255)	YES	@@NULL@@			9
generator_old_knife_recycle	admin	varchar(255)	YES	@@NULL@@			10
generator_old_knife_recycle	layer_number	varchar(255)	YES	@@NULL@@			11
generator_old_knife_recycle	cabinet_number	varchar(255)	YES	@@NULL@@			12
generator_old_knife_recycle	model	varchar(255)	YES	@@NULL@@			13
generator_old_knife_recycle	supplier	varchar(255)	YES	@@NULL@@			14
generator_old_knife_recycle	barcode	varchar(255)	YES	@@NULL@@			15
generator_old_knife_recycle	time	datetime(6)	YES	@@NULL@@			16
generator_old_knife_recycle	creator_id	bigint	YES	@@NULL@@			17
generator_old_knife_recycle	_MASK_TO_V2	bigint	YES	@@NULL@@			18
generator_old_knife_recycle	_MUSID_SYNC_V2	int unsigned	YES	@@NULL@@			19
generator_order_detail_document_mapping	id	bigint	NO	@@NULL@@	auto_increment		1
generator_order_detail_document_mapping	remark	varchar(255)	YES	@@NULL@@			2
generator_order_detail_document_mapping	modifier	varchar(255)	YES	@@NULL@@			3
generator_order_detail_document_mapping	belong_dept	int	YES	@@NULL@@			4
generator_order_detail_document_mapping	update_datetime	datetime(6)	YES	@@NULL@@			5
generator_order_detail_document_mapping	create_datetime	datetime(6)	YES	@@NULL@@			6
generator_order_detail_document_mapping	sort	int	YES	@@NULL@@			7
generator_order_detail_document_mapping	creator_id	bigint	YES	@@NULL@@			8
generator_order_detail_document_mapping	document_id	bigint	NO	@@NULL@@			9
generator_order_detail_document_mapping	purchase_order_detail_id	bigint	NO	@@NULL@@			10
generator_order_detail_document_mapping	actual_quantity	decimal(13,2)	YES	@@NULL@@			11
generator_order_detail_document_mapping_gh	id	bigint	NO	@@NULL@@	auto_increment		1
generator_order_detail_document_mapping_gh	remark	varchar(255)	YES	@@NULL@@			2
generator_order_detail_document_mapping_gh	modifier	varchar(255)	YES	@@NULL@@			3
generator_order_detail_document_mapping_gh	belong_dept	int	YES	@@NULL@@			4
generator_order_detail_document_mapping_gh	update_datetime	datetime(6)	YES	@@NULL@@			5
generator_order_detail_document_mapping_gh	create_datetime	datetime(6)	YES	@@NULL@@			6
generator_order_detail_document_mapping_gh	sort	int	YES	@@NULL@@			7
generator_order_detail_document_mapping_gh	actual_quantity	decimal(13,2)	YES	@@NULL@@			8
generator_order_detail_document_mapping_gh	creator_id	bigint	YES	@@NULL@@			9
generator_order_detail_document_mapping_gh	document_id	bigint	NO	@@NULL@@			10
generator_order_detail_document_mapping_gh	purchase_order_detail_id	bigint	NO	@@NULL@@			11
generator_order_detail_document_mapping_tf	id	bigint	NO	@@NULL@@	auto_increment		1
generator_order_detail_document_mapping_tf	remark	varchar(255)	YES	@@NULL@@			2
generator_order_detail_document_mapping_tf	modifier	varchar(255)	YES	@@NULL@@			3
generator_order_detail_document_mapping_tf	belong_dept	int	YES	@@NULL@@			4
generator_order_detail_document_mapping_tf	update_datetime	datetime(6)	YES	@@NULL@@			5
generator_order_detail_document_mapping_tf	create_datetime	datetime(6)	YES	@@NULL@@			6
generator_order_detail_document_mapping_tf	sort	int	YES	@@NULL@@			7
generator_order_detail_document_mapping_tf	actual_quantity	decimal(13,2)	YES	@@NULL@@			8
generator_order_detail_document_mapping_tf	creator_id	bigint	YES	@@NULL@@			9
generator_order_detail_document_mapping_tf	document_id	bigint	NO	@@NULL@@			10
generator_order_detail_document_mapping_tf	purchase_order_detail_id	bigint	NO	@@NULL@@			11
generator_order_detail_document_mapping_zt	id	bigint	NO	@@NULL@@	auto_increment		1
generator_order_detail_document_mapping_zt	remark	varchar(255)	YES	@@NULL@@			2
generator_order_detail_document_mapping_zt	modifier	varchar(255)	YES	@@NULL@@			3
generator_order_detail_document_mapping_zt	belong_dept	int	YES	@@NULL@@			4
generator_order_detail_document_mapping_zt	update_datetime	datetime(6)	YES	@@NULL@@			5
generator_order_detail_document_mapping_zt	create_datetime	datetime(6)	YES	@@NULL@@			6
generator_order_detail_document_mapping_zt	sort	int	YES	@@NULL@@			7
generator_order_detail_document_mapping_zt	actual_quantity	decimal(13,2)	YES	@@NULL@@			8
generator_order_detail_document_mapping_zt	creator_id	bigint	YES	@@NULL@@			9
generator_order_detail_document_mapping_zt	document_id	bigint	NO	@@NULL@@			10
generator_order_detail_document_mapping_zt	purchase_order_detail_id	bigint	NO	@@NULL@@			11
generator_payment_application	id	bigint	NO	@@NULL@@	auto_increment		1
generator_payment_application	remark	varchar(255)	YES	@@NULL@@			2
generator_payment_application	modifier	varchar(255)	YES	@@NULL@@			3
generator_payment_application	belong_dept	int	YES	@@NULL@@			4
generator_payment_application	update_datetime	datetime(6)	YES	@@NULL@@			5
generator_payment_application	create_datetime	datetime(6)	YES	@@NULL@@			6
generator_payment_application	sort	int	YES	@@NULL@@			7
generator_payment_application	application_number	varchar(50)	YES	@@NULL@@			8
generator_payment_application	application_amount	decimal(13,2)	YES	@@NULL@@			9
generator_payment_application	state	int	YES	@@NULL@@			10
generator_payment_application	approval_process	json	YES	@@NULL@@			11
generator_payment_application	creator_id	bigint	YES	@@NULL@@			12
generator_payment_application	purchase_order_id	bigint	YES	@@NULL@@			13
generator_payment_application	pay_method	varchar(50)	YES	@@NULL@@			14
generator_payment_application	pay_time	date	YES	@@NULL@@			15
generator_payment_application	bill_type	varchar(30)	YES	@@NULL@@			16
generator_payment_application	settlement_bill_id	bigint	YES	@@NULL@@			17
generator_payment_application_gh	id	bigint	NO	@@NULL@@	auto_increment		1
generator_payment_application_gh	remark	varchar(255)	YES	@@NULL@@			2
generator_payment_application_gh	modifier	varchar(255)	YES	@@NULL@@			3
generator_payment_application_gh	belong_dept	int	YES	@@NULL@@			4
generator_payment_application_gh	update_datetime	datetime(6)	YES	@@NULL@@			5
generator_payment_application_gh	create_datetime	datetime(6)	YES	@@NULL@@			6
generator_payment_application_gh	sort	int	YES	@@NULL@@			7
generator_payment_application_gh	application_number	varchar(50)	YES	@@NULL@@			8
generator_payment_application_gh	application_amount	decimal(13,2)	YES	@@NULL@@			9
generator_payment_application_gh	state	int	YES	@@NULL@@			10
generator_payment_application_gh	approval_process	json	YES	@@NULL@@			11
generator_payment_application_gh	pay_time	date	YES	@@NULL@@			12
generator_payment_application_gh	pay_method	varchar(50)	YES	@@NULL@@			13
generator_payment_application_gh	creator_id	bigint	YES	@@NULL@@			14
generator_payment_application_gh	purchase_order_id	bigint	YES	@@NULL@@			15
generator_payment_application_gh	bill_type	varchar(30)	YES	@@NULL@@			16
generator_payment_application_gh	settlement_bill_id	bigint	YES	@@NULL@@			17
generator_payment_application_tf	id	bigint	NO	@@NULL@@	auto_increment		1
generator_payment_application_tf	remark	varchar(255)	YES	@@NULL@@			2
generator_payment_application_tf	modifier	varchar(255)	YES	@@NULL@@			3
generator_payment_application_tf	belong_dept	int	YES	@@NULL@@			4
generator_payment_application_tf	update_datetime	datetime(6)	YES	@@NULL@@			5
generator_payment_application_tf	create_datetime	datetime(6)	YES	@@NULL@@			6
generator_payment_application_tf	sort	int	YES	@@NULL@@			7
generator_payment_application_tf	application_number	varchar(50)	YES	@@NULL@@			8
generator_payment_application_tf	application_amount	decimal(13,2)	YES	@@NULL@@			9
generator_payment_application_tf	state	int	YES	@@NULL@@			10
generator_payment_application_tf	approval_process	json	YES	@@NULL@@			11
generator_payment_application_tf	pay_time	date	YES	@@NULL@@			12
generator_payment_application_tf	pay_method	varchar(50)	YES	@@NULL@@			13
generator_payment_application_tf	creator_id	bigint	YES	@@NULL@@			14
generator_payment_application_tf	purchase_order_id	bigint	YES	@@NULL@@			15
generator_payment_application_tf	bill_type	varchar(30)	YES	@@NULL@@			16
generator_payment_application_tf	settlement_bill_id	bigint	YES	@@NULL@@			17
generator_payment_application_zt	id	bigint	NO	@@NULL@@	auto_increment		1
generator_payment_application_zt	remark	varchar(255)	YES	@@NULL@@			2
generator_payment_application_zt	modifier	varchar(255)	YES	@@NULL@@			3
generator_payment_application_zt	belong_dept	int	YES	@@NULL@@			4
generator_payment_application_zt	update_datetime	datetime(6)	YES	@@NULL@@			5
generator_payment_application_zt	create_datetime	datetime(6)	YES	@@NULL@@			6
generator_payment_application_zt	sort	int	YES	@@NULL@@			7
generator_payment_application_zt	application_number	varchar(50)	YES	@@NULL@@			8
generator_payment_application_zt	application_amount	decimal(13,2)	YES	@@NULL@@			9
generator_payment_application_zt	state	int	YES	@@NULL@@			10
generator_payment_application_zt	approval_process	json	YES	@@NULL@@			11
generator_payment_application_zt	pay_time	date	YES	@@NULL@@			12
generator_payment_application_zt	pay_method	varchar(50)	YES	@@NULL@@			13
generator_payment_application_zt	creator_id	bigint	YES	@@NULL@@			14
generator_payment_application_zt	purchase_order_id	bigint	YES	@@NULL@@			15
generator_payment_application_zt	bill_type	varchar(30)	YES	@@NULL@@			16
generator_payment_application_zt	settlement_bill_id	bigint	YES	@@NULL@@			17
generator_payment_record	id	bigint	NO	@@NULL@@	auto_increment		1
generator_payment_record	remark	varchar(255)	YES	@@NULL@@			2
generator_payment_record	modifier	varchar(255)	YES	@@NULL@@			3
generator_payment_record	belong_dept	int	YES	@@NULL@@			4
generator_payment_record	update_datetime	datetime(6)	YES	@@NULL@@			5
generator_payment_record	create_datetime	datetime(6)	YES	@@NULL@@			6
generator_payment_record	sort	int	YES	@@NULL@@			7
generator_payment_record	amount	decimal(13,2)	YES	@@NULL@@			8
generator_payment_record	pay_time	datetime(6)	YES	@@NULL@@			9
generator_payment_record	pay_method	varchar(50)	YES	@@NULL@@			10
generator_payment_record	pay_user	varchar(50)	YES	@@NULL@@			11
generator_payment_record	creator_id	bigint	YES	@@NULL@@			12
generator_payment_record	payment_application_id	bigint	YES	@@NULL@@			13
generator_payment_record_gh	id	bigint	NO	@@NULL@@	auto_increment		1
generator_payment_record_gh	remark	varchar(255)	YES	@@NULL@@			2
generator_payment_record_gh	modifier	varchar(255)	YES	@@NULL@@			3
generator_payment_record_gh	belong_dept	int	YES	@@NULL@@			4
generator_payment_record_gh	update_datetime	datetime(6)	YES	@@NULL@@			5
generator_payment_record_gh	create_datetime	datetime(6)	YES	@@NULL@@			6
generator_payment_record_gh	sort	int	YES	@@NULL@@			7
generator_payment_record_gh	amount	decimal(13,2)	YES	@@NULL@@			8
generator_payment_record_gh	pay_time	datetime(6)	YES	@@NULL@@			9
generator_payment_record_gh	pay_method	varchar(50)	YES	@@NULL@@			10
generator_payment_record_gh	pay_user	varchar(50)	YES	@@NULL@@			11
generator_payment_record_gh	creator_id	bigint	YES	@@NULL@@			12
generator_payment_record_gh	payment_application_id	bigint	YES	@@NULL@@			13
generator_payment_record_tf	id	bigint	NO	@@NULL@@	auto_increment		1
generator_payment_record_tf	remark	varchar(255)	YES	@@NULL@@			2
generator_payment_record_tf	modifier	varchar(255)	YES	@@NULL@@			3
generator_payment_record_tf	belong_dept	int	YES	@@NULL@@			4
generator_payment_record_tf	update_datetime	datetime(6)	YES	@@NULL@@			5
generator_payment_record_tf	create_datetime	datetime(6)	YES	@@NULL@@			6
generator_payment_record_tf	sort	int	YES	@@NULL@@			7
generator_payment_record_tf	amount	decimal(13,2)	YES	@@NULL@@			8
generator_payment_record_tf	pay_time	datetime(6)	YES	@@NULL@@			9
generator_payment_record_tf	pay_method	varchar(50)	YES	@@NULL@@			10
generator_payment_record_tf	pay_user	varchar(50)	YES	@@NULL@@			11
generator_payment_record_tf	creator_id	bigint	YES	@@NULL@@			12
generator_payment_record_tf	payment_application_id	bigint	YES	@@NULL@@			13
generator_payment_record_zt	id	bigint	NO	@@NULL@@	auto_increment		1
generator_payment_record_zt	remark	varchar(255)	YES	@@NULL@@			2
generator_payment_record_zt	modifier	varchar(255)	YES	@@NULL@@			3
generator_payment_record_zt	belong_dept	int	YES	@@NULL@@			4
generator_payment_record_zt	update_datetime	datetime(6)	YES	@@NULL@@			5
generator_payment_record_zt	create_datetime	datetime(6)	YES	@@NULL@@			6
generator_payment_record_zt	sort	int	YES	@@NULL@@			7
generator_payment_record_zt	amount	decimal(13,2)	YES	@@NULL@@			8
generator_payment_record_zt	pay_time	datetime(6)	YES	@@NULL@@			9
generator_payment_record_zt	pay_method	varchar(50)	YES	@@NULL@@			10
generator_payment_record_zt	pay_user	varchar(50)	YES	@@NULL@@			11
generator_payment_record_zt	creator_id	bigint	YES	@@NULL@@			12
generator_payment_record_zt	payment_application_id	bigint	YES	@@NULL@@			13
generator_plan_delivery_plan	id	bigint	NO	@@NULL@@	auto_increment		1
generator_plan_delivery_plan	remark	varchar(255)	YES	@@NULL@@			2
generator_plan_delivery_plan	modifier	varchar(255)	YES	@@NULL@@			3
generator_plan_delivery_plan	belong_dept	int	YES	@@NULL@@			4
generator_plan_delivery_plan	update_datetime	datetime(6)	YES	@@NULL@@			5
generator_plan_delivery_plan	create_datetime	datetime(6)	YES	@@NULL@@			6
generator_plan_delivery_plan	sort	int	YES	@@NULL@@			7
generator_plan_delivery_plan	period_type	varchar(10)	NO	@@NULL@@			8
generator_plan_delivery_plan	plan_date	date	NO	@@NULL@@			9
generator_plan_delivery_plan	year	int	NO	@@NULL@@			10
generator_plan_delivery_plan	month	int	YES	@@NULL@@			11
generator_plan_delivery_plan	demand_qty	int	NO	@@NULL@@			12
generator_plan_delivery_plan	creator_id	bigint	YES	@@NULL@@			13
generator_plan_delivery_plan	customer_order_id	bigint	YES	@@NULL@@			14
generator_plan_delivery_plan	product_config_id	bigint	NO	@@NULL@@			15
generator_plan_delivery_plan_log	id	bigint	NO	@@NULL@@	auto_increment		1
generator_plan_delivery_plan_log	plan_snapshot	varchar(200)	NO	@@NULL@@			2
generator_plan_delivery_plan_log	action	varchar(20)	NO	@@NULL@@			3
generator_plan_delivery_plan_log	old_value	int	YES	@@NULL@@			4
generator_plan_delivery_plan_log	new_value	int	YES	@@NULL@@			5
generator_plan_delivery_plan_log	operator	varchar(50)	NO	@@NULL@@			6
generator_plan_delivery_plan_log	operate_time	datetime(6)	NO	@@NULL@@			7
generator_plan_delivery_plan_log	remark	varchar(255)	YES	@@NULL@@			8
generator_plan_delivery_plan_log	delivery_plan_id	bigint	YES	@@NULL@@			9
generator_plan_inventory_snapshot	id	bigint	NO	@@NULL@@	auto_increment		1
generator_plan_inventory_snapshot	remark	varchar(255)	YES	@@NULL@@			2
generator_plan_inventory_snapshot	modifier	varchar(255)	YES	@@NULL@@			3
generator_plan_inventory_snapshot	belong_dept	int	YES	@@NULL@@			4
generator_plan_inventory_snapshot	update_datetime	datetime(6)	YES	@@NULL@@			5
generator_plan_inventory_snapshot	create_datetime	datetime(6)	YES	@@NULL@@			6
generator_plan_inventory_snapshot	sort	int	YES	@@NULL@@			7
generator_plan_inventory_snapshot	snapshot_date	date	NO	@@NULL@@			8
generator_plan_inventory_snapshot	finished_stock	int	NO	@@NULL@@			9
generator_plan_inventory_snapshot	scrap_stock	int	NO	@@NULL@@			10
generator_plan_inventory_snapshot	blank_stock	int	NO	@@NULL@@			11
generator_plan_inventory_snapshot	in_process_qty	int	NO	@@NULL@@			12
generator_plan_inventory_snapshot	creator_id	bigint	YES	@@NULL@@			13
generator_plan_inventory_snapshot	product_config_id	bigint	NO	@@NULL@@			14
generator_plan_inventory_snapshot	repair_stock	int	NO	@@NULL@@			15
generator_plan_inventory_snapshot	customer_stock	int	NO	@@NULL@@			16
generator_plan_monthly_start_stock	id	bigint	NO	@@NULL@@	auto_increment		1
generator_plan_monthly_start_stock	remark	varchar(255)	YES	@@NULL@@			2
generator_plan_monthly_start_stock	modifier	varchar(255)	YES	@@NULL@@			3
generator_plan_monthly_start_stock	belong_dept	int	YES	@@NULL@@			4
generator_plan_monthly_start_stock	update_datetime	datetime(6)	YES	@@NULL@@			5
generator_plan_monthly_start_stock	create_datetime	datetime(6)	YES	@@NULL@@			6
generator_plan_monthly_start_stock	sort	int	YES	@@NULL@@			7
generator_plan_monthly_start_stock	product_name	varchar(50)	NO	@@NULL@@			8
generator_plan_monthly_start_stock	year	int	NO	@@NULL@@			9
generator_plan_monthly_start_stock	month	int	NO	@@NULL@@			10
generator_plan_monthly_start_stock	start_stock	int	NO	@@NULL@@			11
generator_plan_monthly_start_stock	expected_total_demand	int	NO	@@NULL@@			12
generator_plan_monthly_start_stock	creator_id	bigint	YES	@@NULL@@			13
generator_plan_product_config	id	bigint	NO	@@NULL@@	auto_increment		1
generator_plan_product_config	remark	varchar(255)	YES	@@NULL@@			2
generator_plan_product_config	modifier	varchar(255)	YES	@@NULL@@			3
generator_plan_product_config	belong_dept	int	YES	@@NULL@@			4
generator_plan_product_config	update_datetime	datetime(6)	YES	@@NULL@@			5
generator_plan_product_config	create_datetime	datetime(6)	YES	@@NULL@@			6
generator_plan_product_config	sort	int	YES	@@NULL@@			7
generator_plan_product_config	product_name	varchar(50)	NO	@@NULL@@			8
generator_plan_product_config	customer_name	varchar(50)	NO	@@NULL@@			9
generator_plan_product_config	part_number	varchar(50)	YES	@@NULL@@			10
generator_plan_product_config	box_capacity	int	YES	@@NULL@@			11
generator_plan_product_config	daily_capacity	int	YES	@@NULL@@			12
generator_plan_product_config	production_line	varchar(50)	YES	@@NULL@@			13
generator_plan_product_config	contact_person	varchar(50)	YES	@@NULL@@			14
generator_plan_product_config	is_active	tinyint(1)	NO	@@NULL@@			15
generator_plan_product_config	creator_id	bigint	YES	@@NULL@@			16
generator_plan_product_config	site	varchar(20)	NO	@@NULL@@			17
generator_process_inventory	id	bigint	NO	@@NULL@@	auto_increment		1
generator_process_inventory	remark	varchar(255)	YES	@@NULL@@			2
generator_process_inventory	modifier	varchar(255)	YES	@@NULL@@			3
generator_process_inventory	belong_dept	int	YES	@@NULL@@			4
generator_process_inventory	update_datetime	datetime(6)	YES	@@NULL@@			5
generator_process_inventory	create_datetime	datetime(6)	YES	@@NULL@@			6
generator_process_inventory	sort	int	YES	@@NULL@@			7
generator_process_inventory	product_name	varchar(100)	YES	@@NULL@@			8
generator_process_inventory	quantity	int	NO	@@NULL@@			9
generator_process_inventory	tracking_count	int	NO	@@NULL@@			10
generator_process_inventory	creator_id	bigint	YES	@@NULL@@			11
generator_process_inventory	product_id	bigint	YES	@@NULL@@			12
generator_process_inventory	station_name	varchar(100)	YES	@@NULL@@			13
generator_process_inventory	station_id	bigint	YES	@@NULL@@			14
generator_product	id	bigint	NO	@@NULL@@	auto_increment		1
generator_product	remark	varchar(255)	YES	@@NULL@@			2
generator_product	modifier	varchar(255)	YES	@@NULL@@			3
generator_product	belong_dept	int	YES	@@NULL@@			4
generator_product	update_datetime	datetime(6)	YES	@@NULL@@			5
generator_product	create_datetime	datetime(6)	YES	@@NULL@@			6
generator_product	sort	int	YES	@@NULL@@			7
generator_product	product_name	varchar(255)	YES	@@NULL@@			8
generator_product	creator_id	bigint	YES	@@NULL@@			9
generator_product	parent_id	bigint	YES	@@NULL@@			10
generator_product	code	varchar(60)	YES	@@NULL@@			11
generator_product	is_active	varchar(20)	YES	@@NULL@@			12
generator_product	material_number	varchar(80)	YES	@@NULL@@			13
generator_product	production_value	double	YES	@@NULL@@			14
generator_product	name	varchar(255)	YES	@@NULL@@			15
generator_product	history	longtext	YES	@@NULL@@			16
generator_product	weight	double	YES	@@NULL@@			17
generator_product	is_delete	tinyint(1)	YES	@@NULL@@			18
generator_product_plm_rufa	id	bigint	NO	@@NULL@@	auto_increment		1
generator_product_plm_rufa	remark	varchar(255)	YES	@@NULL@@			2
generator_product_plm_rufa	modifier	varchar(255)	YES	@@NULL@@			3
generator_product_plm_rufa	belong_dept	int	YES	@@NULL@@			4
generator_product_plm_rufa	update_datetime	datetime(6)	YES	@@NULL@@			5
generator_product_plm_rufa	create_datetime	datetime(6)	YES	@@NULL@@			6
generator_product_plm_rufa	sort	int	YES	@@NULL@@			7
generator_product_plm_rufa	qrcode	varchar(255)	YES	@@NULL@@			8
generator_product_plm_rufa	creator_id	bigint	YES	@@NULL@@			9
generator_product_plm_rufa	product_ready_id	bigint	YES	@@NULL@@			10
generator_product_plm_rufa	qrcode_in_id	bigint	YES	@@NULL@@			11
generator_product_plm_rufa	qrcode_out_id	bigint	YES	@@NULL@@			12
generator_product_ready	id	bigint	NO	@@NULL@@	auto_increment		1
generator_product_ready	remark	varchar(255)	YES	@@NULL@@			2
generator_product_ready	modifier	varchar(255)	YES	@@NULL@@			3
generator_product_ready	belong_dept	int	YES	@@NULL@@			4
generator_product_ready	update_datetime	datetime(6)	YES	@@NULL@@			5
generator_product_ready	create_datetime	datetime(6)	YES	@@NULL@@			6
generator_product_ready	sort	int	YES	@@NULL@@			7
generator_product_ready	number	int	YES	@@NULL@@			8
generator_product_ready	name	varchar(30)	YES	@@NULL@@			9
generator_product_ready	product	varchar(30)	YES	@@NULL@@			10
generator_product_ready	company	varchar(20)	YES	@@NULL@@			11
generator_product_ready	creator_id	bigint	YES	@@NULL@@			12
generator_product_szb	id	bigint	NO	@@NULL@@	auto_increment		1
generator_product_szb	remark	varchar(255)	YES	@@NULL@@			2
generator_product_szb	modifier	varchar(255)	YES	超级管理员			3
generator_product_szb	belong_dept	int	YES	@@NULL@@			4
generator_product_szb	update_datetime	datetime	YES	CURRENT_TIMESTAMP	DEFAULT_GENERATED on update CURRENT_TIMESTAMP		5
generator_product_szb	create_datetime	datetime	YES	CURRENT_TIMESTAMP	DEFAULT_GENERATED on update CURRENT_TIMESTAMP		6
generator_product_szb	sort	int	YES	1			7
generator_product_szb	report_time	datetime(6)	YES	@@NULL@@			8
generator_product_szb	workpiece_number	varchar(255)	YES	@@NULL@@			9
generator_product_szb	product_name	varchar(255)	YES	@@NULL@@			10
generator_product_szb	creator_id	bigint	YES	@@NULL@@			11
generator_product_szb	product_id_id	bigint	YES	@@NULL@@			12
generator_product_szb	report	mediumblob	YES	@@NULL@@			13
generator_product_szb	_MASK_TO_V2	bigint	YES	@@NULL@@			14
generator_product_szb	_MUSID_SYNC_V2	int unsigned	YES	@@NULL@@			15
generator_product_szb	static_file_path	varchar(50)	YES	@@NULL@@			16
generator_product_urgent_mark	id	bigint	NO	@@NULL@@	auto_increment		1
generator_product_urgent_mark	remark	varchar(255)	YES	@@NULL@@			2
generator_product_urgent_mark	modifier	varchar(255)	YES	@@NULL@@			3
generator_product_urgent_mark	belong_dept	int	YES	@@NULL@@			4
generator_product_urgent_mark	update_datetime	datetime(6)	YES	@@NULL@@			5
generator_product_urgent_mark	create_datetime	datetime(6)	YES	@@NULL@@			6
generator_product_urgent_mark	sort	int	YES	@@NULL@@			7
generator_product_urgent_mark	urgent_level	int	YES	@@NULL@@			8
generator_product_urgent_mark	product_name	varchar(50)	YES	@@NULL@@			9
generator_product_urgent_mark	product_qrcode	varchar(255)	YES	@@NULL@@			10
generator_product_urgent_mark	creator_id	bigint	YES	@@NULL@@			11
generator_product_urgent_mark	active_state	int	YES	@@NULL@@			12
generator_product_urgent_mark	state	int	YES	@@NULL@@			13
generator_product_urgent_mark	_MASK_FROM_V2	timestamp	YES	CURRENT_TIMESTAMP	DEFAULT_GENERATED on update CURRENT_TIMESTAMP		14
generator_product_urgent_record	id	bigint	NO	@@NULL@@	auto_increment		1
generator_product_urgent_record	remark	varchar(255)	YES	@@NULL@@			2
generator_product_urgent_record	user_name	varchar(55)	YES	@@NULL@@		操作人	3
generator_product_urgent_record	update_datetime	datetime	YES	@@NULL@@			4
generator_product_urgent_record	create_datetime	datetime	YES	@@NULL@@			5
generator_product_urgent_record	product_name	varchar(50)	YES	@@NULL@@		产品名称	6
generator_product_urgent_record	product_qrcode	varchar(255)	YES	@@NULL@@		产品二维码	7
generator_product_urgent_record	message	text	YES	@@NULL@@			8
generator_product_urgent_record	level	tinyint	YES	@@NULL@@			9
generator_production_knife_issue	id	bigint	NO	@@NULL@@	auto_increment		1
generator_production_knife_issue	remark	varchar(255)	YES	@@NULL@@			2
generator_production_knife_issue	modifier	varchar(255)	YES	超级管理员			3
generator_production_knife_issue	belong_dept	int	YES	@@NULL@@			4
generator_production_knife_issue	update_datetime	datetime(6)	YES	CURRENT_TIMESTAMP(6)	DEFAULT_GENERATED on update CURRENT_TIMESTAMP(6)		5
generator_production_knife_issue	create_datetime	datetime(6)	YES	CURRENT_TIMESTAMP(6)	DEFAULT_GENERATED on update CURRENT_TIMESTAMP(6)		6
generator_production_knife_issue	sort	int	YES	1			7
generator_production_knife_issue	remarks	varchar(255)	YES	@@NULL@@			8
generator_production_knife_issue	factory_name	varchar(255)	YES	@@NULL@@			9
generator_production_knife_issue	receiver_name	varchar(255)	YES	@@NULL@@			10
generator_production_knife_issue	layer_number	varchar(255)	YES	@@NULL@@			11
generator_production_knife_issue	cabinet_number	varchar(255)	YES	@@NULL@@			12
generator_production_knife_issue	model_number	varchar(255)	YES	@@NULL@@			13
generator_production_knife_issue	supplier_name	varchar(255)	YES	@@NULL@@			14
generator_production_knife_issue	barcode	varchar(255)	YES	@@NULL@@			15
generator_production_knife_issue	time	datetime(6)	YES	@@NULL@@			16
generator_production_knife_issue	creator_id	bigint	YES	@@NULL@@			17
generator_production_knife_issue	_MASK_TO_V2	bigint	YES	@@NULL@@			18
generator_production_line	id	bigint	NO	@@NULL@@	auto_increment		1
generator_production_line	remark	varchar(255)	YES	@@NULL@@			2
generator_production_line	modifier	varchar(255)	YES	@@NULL@@			3
generator_production_line	belong_dept	int	YES	@@NULL@@			4
generator_production_line	update_datetime	datetime(6)	YES	@@NULL@@			5
generator_production_line	create_datetime	datetime(6)	YES	@@NULL@@			6
generator_production_line	sort	int	YES	@@NULL@@			7
generator_production_line	status	varchar(255)	YES	@@NULL@@			8
generator_production_line	process_state	varchar(255)	YES	@@NULL@@			9
generator_production_line	type	varchar(255)	YES	@@NULL@@			10
generator_production_line	name	varchar(255)	YES	@@NULL@@			11
generator_production_line	creator_id	bigint	YES	@@NULL@@			12
generator_production_line	parent_id	bigint	YES	@@NULL@@			13
generator_production_tracking	id	bigint	NO	@@NULL@@	auto_increment		1
generator_production_tracking	remark	longtext	YES	@@NULL@@			2
generator_production_tracking	modifier	varchar(255)	YES	@@NULL@@			3
generator_production_tracking	belong_dept	int	YES	@@NULL@@			4
generator_production_tracking	update_datetime	datetime(6)	YES	@@NULL@@			5
generator_production_tracking	create_datetime	datetime(6)	YES	@@NULL@@			6
generator_production_tracking	sort	int	YES	@@NULL@@			7
generator_production_tracking	tracking_number	varchar(50)	NO	@@NULL@@			8
generator_production_tracking	product_name	varchar(100)	YES	@@NULL@@			9
generator_production_tracking	total_quantity	int	NO	@@NULL@@			10
generator_production_tracking	current_quantity	int	NO	@@NULL@@			11
generator_production_tracking	current_sequence	int	NO	@@NULL@@			12
generator_production_tracking	process_status	varchar(20)	NO	@@NULL@@			13
generator_production_tracking	status	varchar(20)	NO	@@NULL@@			14
generator_production_tracking	source_type	varchar(20)	YES	@@NULL@@			15
generator_production_tracking	source_id	int	YES	@@NULL@@			16
generator_production_tracking	source_number	varchar(50)	YES	@@NULL@@			17
generator_production_tracking	plan_start_date	date	YES	@@NULL@@			18
generator_production_tracking	plan_end_date	date	YES	@@NULL@@			19
generator_production_tracking	actual_start_date	date	YES	@@NULL@@			20
generator_production_tracking	actual_end_date	date	YES	@@NULL@@			21
generator_production_tracking	site	varchar(20)	YES	@@NULL@@			22
generator_production_tracking	creator_id	bigint	YES	@@NULL@@			23
generator_production_tracking	product_id	bigint	YES	@@NULL@@			24
generator_production_tracking	current_route_step_id	bigint	YES	@@NULL@@			25
generator_production_tracking	current_station_id	bigint	YES	@@NULL@@			26
generator_production_tracking	route_id	bigint	YES	@@NULL@@			27
generator_project_attendance	id	bigint	NO	@@NULL@@	auto_increment		1
generator_project_attendance	remark	varchar(255)	YES	@@NULL@@			2
generator_project_attendance	modifier	varchar(255)	YES	@@NULL@@			3
generator_project_attendance	belong_dept	int	YES	@@NULL@@			4
generator_project_attendance	update_datetime	datetime(6)	YES	@@NULL@@			5
generator_project_attendance	create_datetime	datetime(6)	YES	@@NULL@@			6
generator_project_attendance	sort	int	YES	@@NULL@@			7
generator_project_attendance	date	date	YES	@@NULL@@			8
generator_project_attendance	user_id	bigint	YES	@@NULL@@			9
generator_project_attendance	working_hours	varchar(30)	YES	@@NULL@@			10
generator_project_attendance	creator_id	bigint	YES	@@NULL@@			11
generator_project_info	id	bigint	NO	@@NULL@@	auto_increment		1
generator_project_info	remark	varchar(255)	YES	@@NULL@@			2
generator_project_info	modifier	varchar(255)	YES	@@NULL@@			3
generator_project_info	belong_dept	int	YES	@@NULL@@			4
generator_project_info	update_datetime	datetime(6)	YES	@@NULL@@			5
generator_project_info	create_datetime	datetime(6)	YES	@@NULL@@			6
generator_project_info	sort	int	YES	@@NULL@@			7
generator_project_info	history	json	YES	@@NULL@@			8
generator_project_info	msg_info	json	YES	@@NULL@@			9
generator_project_info	users	json	YES	@@NULL@@			10
generator_project_info	state	int	YES	@@NULL@@			11
generator_project_info	end_time	date	YES	@@NULL@@			12
generator_project_info	start_time	date	YES	@@NULL@@			13
generator_project_info	require	varchar(500)	YES	@@NULL@@			14
generator_project_info	name	varchar(30)	YES	@@NULL@@			15
generator_project_info	code	varchar(30)	YES	@@NULL@@			16
generator_project_info	work_station	varchar(30)	YES	@@NULL@@			17
generator_project_info	production_line	varchar(30)	YES	@@NULL@@			18
generator_project_info	creator_id	bigint	YES	@@NULL@@			19
generator_project_info	read_users	json	YES	@@NULL@@			20
generator_project_info	parent_id	bigint	YES	@@NULL@@			21
generator_project_info	delivery_time	datetime	YES	@@NULL@@			22
generator_project_info	product	varchar(30)	YES	@@NULL@@			23
generator_project_info	is_delete	tinyint(1)	YES	@@NULL@@			24
generator_project_info	project	varchar(30)	YES	@@NULL@@			25
generator_project_material_summary	id	bigint	NO	@@NULL@@	auto_increment		1
generator_project_material_summary	remark	varchar(255)	YES	@@NULL@@			2
generator_project_material_summary	modifier	varchar(255)	YES	@@NULL@@			3
generator_project_material_summary	belong_dept	int	YES	@@NULL@@			4
generator_project_material_summary	update_datetime	datetime(6)	YES	@@NULL@@			5
generator_project_material_summary	create_datetime	datetime(6)	YES	@@NULL@@			6
generator_project_material_summary	sort	int	YES	@@NULL@@			7
generator_project_material_summary	summary_number	varchar(50)	YES	@@NULL@@			8
generator_project_material_summary	creator_id	bigint	YES	@@NULL@@			9
generator_project_material_summary	bound_type	int	YES	@@NULL@@			10
generator_project_material_summary	operator	varchar(20)	YES	@@NULL@@			11
generator_project_material_summary	bound_state	int	YES	@@NULL@@			12
generator_project_material_summary_detail	id	bigint	NO	@@NULL@@	auto_increment		1
generator_project_material_summary_detail	remark	varchar(255)	YES	@@NULL@@			2
generator_project_material_summary_detail	modifier	varchar(255)	YES	@@NULL@@			3
generator_project_material_summary_detail	belong_dept	int	YES	@@NULL@@			4
generator_project_material_summary_detail	update_datetime	datetime(6)	YES	@@NULL@@			5
generator_project_material_summary_detail	create_datetime	datetime(6)	YES	@@NULL@@			6
generator_project_material_summary_detail	sort	int	YES	@@NULL@@			7
generator_project_material_summary_detail	picture	json	YES	@@NULL@@			8
generator_project_material_summary_detail	remaining_quantity	decimal(13,2)	YES	@@NULL@@			9
generator_project_material_summary_detail	recipient	varchar(20)	YES	@@NULL@@			10
generator_project_material_summary_detail	supplier_name	varchar(50)	YES	@@NULL@@			11
generator_project_material_summary_detail	amount	decimal(13,2)	YES	@@NULL@@			12
generator_project_material_summary_detail	tax_rate	decimal(6,2)	YES	@@NULL@@			13
generator_project_material_summary_detail	unit_price	decimal(15,4)	YES	@@NULL@@			14
generator_project_material_summary_detail	project_name	varchar(50)	YES	@@NULL@@			15
generator_project_material_summary_detail	project_number	varchar(50)	YES	@@NULL@@			16
generator_project_material_summary_detail	material_subcategory	varchar(50)	YES	@@NULL@@			17
generator_project_material_summary_detail	applicant	varchar(20)	YES	@@NULL@@			18
generator_project_material_summary_detail	unit	varchar(10)	YES	@@NULL@@			19
generator_project_material_summary_detail	config_requirement	varchar(255)	YES	@@NULL@@			20
generator_project_material_summary_detail	specification	varchar(255)	YES	@@NULL@@			21
generator_project_material_summary_detail	material_name	varchar(255)	YES	@@NULL@@			22
generator_project_material_summary_detail	project_qrcode	varchar(50)	YES	@@NULL@@			23
generator_project_material_summary_detail	creator_id	bigint	YES	@@NULL@@			24
generator_project_material_summary_detail	project_material_summary_id	bigint	YES	@@NULL@@			25
generator_project_material_summary_detail	stock_date	date	YES	@@NULL@@			26
generator_project_material_summary_detail	stock_quantity	decimal(13,2)	YES	@@NULL@@			27
generator_project_material_summary_detail	state	int	YES	@@NULL@@			28
generator_project_material_summary_detail	location	varchar(50)	YES	@@NULL@@			29
generator_project_material_summary_detail	purchase_requisition_detail_id	bigint	YES	@@NULL@@			30
generator_project_material_summary_detail	brand	varchar(20)	YES	@@NULL@@			31
generator_project_material_summary_detail	purchase_order_detail_id	bigint	YES	@@NULL@@			32
generator_project_material_summary_detail_copy1	id	bigint	NO	@@NULL@@	auto_increment		1
generator_project_material_summary_detail_copy1	remark	varchar(255)	YES	@@NULL@@			2
generator_project_material_summary_detail_copy1	modifier	varchar(255)	YES	@@NULL@@			3
generator_project_material_summary_detail_copy1	belong_dept	int	YES	@@NULL@@			4
generator_project_material_summary_detail_copy1	update_datetime	datetime(6)	YES	@@NULL@@			5
generator_project_material_summary_detail_copy1	create_datetime	datetime(6)	YES	@@NULL@@			6
generator_project_material_summary_detail_copy1	sort	int	YES	@@NULL@@			7
generator_project_material_summary_detail_copy1	picture	json	YES	@@NULL@@			8
generator_project_material_summary_detail_copy1	remaining_quantity	decimal(13,2)	YES	@@NULL@@			9
generator_project_material_summary_detail_copy1	recipient	varchar(20)	YES	@@NULL@@			10
generator_project_material_summary_detail_copy1	supplier_name	varchar(50)	YES	@@NULL@@			11
generator_project_material_summary_detail_copy1	amount	decimal(13,2)	YES	@@NULL@@			12
generator_project_material_summary_detail_copy1	tax_rate	decimal(6,2)	YES	@@NULL@@			13
generator_project_material_summary_detail_copy1	unit_price	decimal(15,4)	YES	@@NULL@@			14
generator_project_material_summary_detail_copy1	project_name	varchar(50)	YES	@@NULL@@			15
generator_project_material_summary_detail_copy1	project_number	varchar(50)	YES	@@NULL@@			16
generator_project_material_summary_detail_copy1	material_subcategory	varchar(50)	YES	@@NULL@@			17
generator_project_material_summary_detail_copy1	applicant	varchar(20)	YES	@@NULL@@			18
generator_project_material_summary_detail_copy1	unit	varchar(10)	YES	@@NULL@@			19
generator_project_material_summary_detail_copy1	config_requirement	varchar(255)	YES	@@NULL@@			20
generator_project_material_summary_detail_copy1	specification	varchar(50)	YES	@@NULL@@			21
generator_project_material_summary_detail_copy1	material_name	varchar(50)	YES	@@NULL@@			22
generator_project_material_summary_detail_copy1	project_qrcode	varchar(50)	YES	@@NULL@@			23
generator_project_material_summary_detail_copy1	creator_id	bigint	YES	@@NULL@@			24
generator_project_material_summary_detail_copy1	project_material_summary_id	bigint	YES	@@NULL@@			25
generator_project_material_summary_detail_copy1	purchase_order_id	bigint	YES	@@NULL@@			26
generator_project_material_summary_detail_copy1	stock_date	date	YES	@@NULL@@			27
generator_project_material_summary_detail_copy1	stock_quantity	decimal(13,2)	YES	@@NULL@@			28
generator_project_material_summary_detail_copy1	state	int	YES	@@NULL@@			29
generator_project_material_summary_detail_copy1	location	varchar(50)	YES	@@NULL@@			30
generator_project_material_summary_detail_copy1	purchase_requisition_detail_id	bigint	YES	@@NULL@@			31
generator_project_material_summary_detail_copy1	brand	varchar(20)	YES	@@NULL@@			32
generator_project_material_summary_detail_gh	id	bigint	NO	@@NULL@@	auto_increment		1
generator_project_material_summary_detail_gh	remark	varchar(255)	YES	@@NULL@@			2
generator_project_material_summary_detail_gh	modifier	varchar(255)	YES	@@NULL@@			3
generator_project_material_summary_detail_gh	belong_dept	int	YES	@@NULL@@			4
generator_project_material_summary_detail_gh	update_datetime	datetime(6)	YES	@@NULL@@			5
generator_project_material_summary_detail_gh	create_datetime	datetime(6)	YES	@@NULL@@			6
generator_project_material_summary_detail_gh	sort	int	YES	@@NULL@@			7
generator_project_material_summary_detail_gh	picture	json	YES	@@NULL@@			8
generator_project_material_summary_detail_gh	state	int	YES	@@NULL@@			9
generator_project_material_summary_detail_gh	remaining_quantity	decimal(13,2)	YES	@@NULL@@			10
generator_project_material_summary_detail_gh	stock_quantity	decimal(13,2)	YES	@@NULL@@			11
generator_project_material_summary_detail_gh	stock_date	date	YES	@@NULL@@			12
generator_project_material_summary_detail_gh	location	varchar(50)	YES	@@NULL@@			13
generator_project_material_summary_detail_gh	recipient	varchar(20)	YES	@@NULL@@			14
generator_project_material_summary_detail_gh	supplier_name	varchar(50)	YES	@@NULL@@			15
generator_project_material_summary_detail_gh	amount	decimal(13,2)	YES	@@NULL@@			16
generator_project_material_summary_detail_gh	tax_rate	decimal(6,2)	YES	@@NULL@@			17
generator_project_material_summary_detail_gh	unit_price	decimal(15,4)	YES	@@NULL@@			18
generator_project_material_summary_detail_gh	project_name	varchar(50)	YES	@@NULL@@			19
generator_project_material_summary_detail_gh	project_number	varchar(50)	YES	@@NULL@@			20
generator_project_material_summary_detail_gh	material_subcategory	varchar(50)	YES	@@NULL@@			21
generator_project_material_summary_detail_gh	applicant	varchar(20)	YES	@@NULL@@			22
generator_project_material_summary_detail_gh	unit	varchar(10)	YES	@@NULL@@			23
generator_project_material_summary_detail_gh	brand	varchar(20)	YES	@@NULL@@			24
generator_project_material_summary_detail_gh	config_requirement	varchar(255)	YES	@@NULL@@			25
generator_project_material_summary_detail_gh	specification	varchar(255)	YES	@@NULL@@			26
generator_project_material_summary_detail_gh	material_name	varchar(255)	YES	@@NULL@@			27
generator_project_material_summary_detail_gh	project_qrcode	varchar(50)	YES	@@NULL@@			28
generator_project_material_summary_detail_gh	purchase_requisition_detail_id	bigint	YES	@@NULL@@			29
generator_project_material_summary_detail_gh	creator_id	bigint	YES	@@NULL@@			30
generator_project_material_summary_detail_gh	project_material_summary_id	bigint	YES	@@NULL@@			31
generator_project_material_summary_detail_gh	purchase_order_detail_id	bigint	YES	@@NULL@@			32
generator_project_material_summary_detail_tf	id	bigint	NO	@@NULL@@	auto_increment		1
generator_project_material_summary_detail_tf	remark	varchar(255)	YES	@@NULL@@			2
generator_project_material_summary_detail_tf	modifier	varchar(255)	YES	@@NULL@@			3
generator_project_material_summary_detail_tf	belong_dept	int	YES	@@NULL@@			4
generator_project_material_summary_detail_tf	update_datetime	datetime(6)	YES	@@NULL@@			5
generator_project_material_summary_detail_tf	create_datetime	datetime(6)	YES	@@NULL@@			6
generator_project_material_summary_detail_tf	sort	int	YES	@@NULL@@			7
generator_project_material_summary_detail_tf	picture	json	YES	@@NULL@@			8
generator_project_material_summary_detail_tf	state	int	YES	@@NULL@@			9
generator_project_material_summary_detail_tf	remaining_quantity	decimal(13,2)	YES	@@NULL@@			10
generator_project_material_summary_detail_tf	stock_quantity	decimal(13,2)	YES	@@NULL@@			11
generator_project_material_summary_detail_tf	stock_date	date	YES	@@NULL@@			12
generator_project_material_summary_detail_tf	location	varchar(50)	YES	@@NULL@@			13
generator_project_material_summary_detail_tf	recipient	varchar(20)	YES	@@NULL@@			14
generator_project_material_summary_detail_tf	supplier_name	varchar(50)	YES	@@NULL@@			15
generator_project_material_summary_detail_tf	amount	decimal(13,2)	YES	@@NULL@@			16
generator_project_material_summary_detail_tf	tax_rate	decimal(6,2)	YES	@@NULL@@			17
generator_project_material_summary_detail_tf	unit_price	decimal(15,4)	YES	@@NULL@@			18
generator_project_material_summary_detail_tf	project_name	varchar(50)	YES	@@NULL@@			19
generator_project_material_summary_detail_tf	project_number	varchar(50)	YES	@@NULL@@			20
generator_project_material_summary_detail_tf	material_subcategory	varchar(50)	YES	@@NULL@@			21
generator_project_material_summary_detail_tf	applicant	varchar(20)	YES	@@NULL@@			22
generator_project_material_summary_detail_tf	unit	varchar(10)	YES	@@NULL@@			23
generator_project_material_summary_detail_tf	brand	varchar(20)	YES	@@NULL@@			24
generator_project_material_summary_detail_tf	config_requirement	varchar(255)	YES	@@NULL@@			25
generator_project_material_summary_detail_tf	specification	varchar(255)	YES	@@NULL@@			26
generator_project_material_summary_detail_tf	material_name	varchar(255)	YES	@@NULL@@			27
generator_project_material_summary_detail_tf	project_qrcode	varchar(50)	YES	@@NULL@@			28
generator_project_material_summary_detail_tf	purchase_requisition_detail_id	bigint	YES	@@NULL@@			29
generator_project_material_summary_detail_tf	creator_id	bigint	YES	@@NULL@@			30
generator_project_material_summary_detail_tf	project_material_summary_id	bigint	YES	@@NULL@@			31
generator_project_material_summary_detail_tf	purchase_order_detail_id	bigint	YES	@@NULL@@			32
generator_project_material_summary_detail_zt	id	bigint	NO	@@NULL@@	auto_increment		1
generator_project_material_summary_detail_zt	remark	varchar(255)	YES	@@NULL@@			2
generator_project_material_summary_detail_zt	modifier	varchar(255)	YES	@@NULL@@			3
generator_project_material_summary_detail_zt	belong_dept	int	YES	@@NULL@@			4
generator_project_material_summary_detail_zt	update_datetime	datetime(6)	YES	@@NULL@@			5
generator_project_material_summary_detail_zt	create_datetime	datetime(6)	YES	@@NULL@@			6
generator_project_material_summary_detail_zt	sort	int	YES	@@NULL@@			7
generator_project_material_summary_detail_zt	picture	json	YES	@@NULL@@			8
generator_project_material_summary_detail_zt	state	int	YES	@@NULL@@			9
generator_project_material_summary_detail_zt	remaining_quantity	decimal(13,2)	YES	@@NULL@@			10
generator_project_material_summary_detail_zt	stock_quantity	decimal(13,2)	YES	@@NULL@@			11
generator_project_material_summary_detail_zt	stock_date	date	YES	@@NULL@@			12
generator_project_material_summary_detail_zt	location	varchar(50)	YES	@@NULL@@			13
generator_project_material_summary_detail_zt	recipient	varchar(20)	YES	@@NULL@@			14
generator_project_material_summary_detail_zt	supplier_name	varchar(50)	YES	@@NULL@@			15
generator_project_material_summary_detail_zt	amount	decimal(13,2)	YES	@@NULL@@			16
generator_project_material_summary_detail_zt	tax_rate	decimal(6,2)	YES	@@NULL@@			17
generator_project_material_summary_detail_zt	unit_price	decimal(15,4)	YES	@@NULL@@			18
generator_project_material_summary_detail_zt	project_name	varchar(50)	YES	@@NULL@@			19
generator_project_material_summary_detail_zt	project_number	varchar(50)	YES	@@NULL@@			20
generator_project_material_summary_detail_zt	material_subcategory	varchar(50)	YES	@@NULL@@			21
generator_project_material_summary_detail_zt	applicant	varchar(20)	YES	@@NULL@@			22
generator_project_material_summary_detail_zt	unit	varchar(10)	YES	@@NULL@@			23
generator_project_material_summary_detail_zt	brand	varchar(20)	YES	@@NULL@@			24
generator_project_material_summary_detail_zt	config_requirement	varchar(255)	YES	@@NULL@@			25
generator_project_material_summary_detail_zt	specification	varchar(255)	YES	@@NULL@@			26
generator_project_material_summary_detail_zt	material_name	varchar(255)	YES	@@NULL@@			27
generator_project_material_summary_detail_zt	project_qrcode	varchar(50)	YES	@@NULL@@			28
generator_project_material_summary_detail_zt	purchase_requisition_detail_id	bigint	YES	@@NULL@@			29
generator_project_material_summary_detail_zt	creator_id	bigint	YES	@@NULL@@			30
generator_project_material_summary_detail_zt	project_material_summary_id	bigint	YES	@@NULL@@			31
generator_project_material_summary_detail_zt	purchase_order_detail_id	bigint	YES	@@NULL@@			32
generator_project_material_summary_gh	id	bigint	NO	@@NULL@@	auto_increment		1
generator_project_material_summary_gh	remark	varchar(255)	YES	@@NULL@@			2
generator_project_material_summary_gh	modifier	varchar(255)	YES	@@NULL@@			3
generator_project_material_summary_gh	belong_dept	int	YES	@@NULL@@			4
generator_project_material_summary_gh	update_datetime	datetime(6)	YES	@@NULL@@			5
generator_project_material_summary_gh	create_datetime	datetime(6)	YES	@@NULL@@			6
generator_project_material_summary_gh	sort	int	YES	@@NULL@@			7
generator_project_material_summary_gh	summary_number	varchar(50)	YES	@@NULL@@			8
generator_project_material_summary_gh	bound_type	int	YES	@@NULL@@			9
generator_project_material_summary_gh	bound_state	int	YES	@@NULL@@			10
generator_project_material_summary_gh	operator	varchar(20)	YES	@@NULL@@			11
generator_project_material_summary_gh	creator_id	bigint	YES	@@NULL@@			12
generator_project_material_summary_tf	id	bigint	NO	@@NULL@@	auto_increment		1
generator_project_material_summary_tf	remark	varchar(255)	YES	@@NULL@@			2
generator_project_material_summary_tf	modifier	varchar(255)	YES	@@NULL@@			3
generator_project_material_summary_tf	belong_dept	int	YES	@@NULL@@			4
generator_project_material_summary_tf	update_datetime	datetime(6)	YES	@@NULL@@			5
generator_project_material_summary_tf	create_datetime	datetime(6)	YES	@@NULL@@			6
generator_project_material_summary_tf	sort	int	YES	@@NULL@@			7
generator_project_material_summary_tf	summary_number	varchar(50)	YES	@@NULL@@			8
generator_project_material_summary_tf	bound_type	int	YES	@@NULL@@			9
generator_project_material_summary_tf	bound_state	int	YES	@@NULL@@			10
generator_project_material_summary_tf	operator	varchar(20)	YES	@@NULL@@			11
generator_project_material_summary_tf	creator_id	bigint	YES	@@NULL@@			12
generator_project_material_summary_zt	id	bigint	NO	@@NULL@@	auto_increment		1
generator_project_material_summary_zt	remark	varchar(255)	YES	@@NULL@@			2
generator_project_material_summary_zt	modifier	varchar(255)	YES	@@NULL@@			3
generator_project_material_summary_zt	belong_dept	int	YES	@@NULL@@			4
generator_project_material_summary_zt	update_datetime	datetime(6)	YES	@@NULL@@			5
generator_project_material_summary_zt	create_datetime	datetime(6)	YES	@@NULL@@			6
generator_project_material_summary_zt	sort	int	YES	@@NULL@@			7
generator_project_material_summary_zt	summary_number	varchar(50)	YES	@@NULL@@			8
generator_project_material_summary_zt	bound_type	int	YES	@@NULL@@			9
generator_project_material_summary_zt	bound_state	int	YES	@@NULL@@			10
generator_project_material_summary_zt	operator	varchar(20)	YES	@@NULL@@			11
generator_project_material_summary_zt	creator_id	bigint	YES	@@NULL@@			12
generator_project_personal	id	bigint	NO	@@NULL@@	auto_increment		1
generator_project_personal	remark	varchar(255)	YES	@@NULL@@			2
generator_project_personal	modifier	varchar(255)	YES	@@NULL@@			3
generator_project_personal	belong_dept	int	YES	@@NULL@@			4
generator_project_personal	update_datetime	datetime(6)	YES	@@NULL@@			5
generator_project_personal	create_datetime	datetime(6)	YES	@@NULL@@			6
generator_project_personal	sort	int	YES	@@NULL@@			7
generator_project_personal	total_planned_worktime	decimal(10,2)	YES	@@NULL@@			8
generator_project_personal	total_planned_time	decimal(10,2)	YES	@@NULL@@			9
generator_project_personal	output_value	decimal(10,2)	YES	@@NULL@@			10
generator_project_personal	workload	decimal(10,2)	YES	@@NULL@@			11
generator_project_personal	project_commission	decimal(10,2)	YES	@@NULL@@			12
generator_project_personal	price	decimal(10,2)	YES	@@NULL@@			13
generator_project_personal	creator_id	bigint	YES	@@NULL@@			14
generator_project_personal	project_info	varchar(80)	NO	@@NULL@@			15
generator_project_personal	user	varchar(30)	NO	@@NULL@@			16
generator_project_personal	difficulty	decimal(4,2)	YES	@@NULL@@			17
generator_project_personal	personal_average	decimal(10,2)	YES	@@NULL@@			18
generator_project_personal	content	varchar(160)	YES	@@NULL@@			19
generator_project_personal	name	varchar(100)	YES	@@NULL@@			20
generator_project_personal	man_hour	decimal(10,2)	YES	@@NULL@@			21
generator_project_schedule	id	bigint	NO	@@NULL@@	auto_increment		1
generator_project_schedule	remark	varchar(255)	YES	@@NULL@@			2
generator_project_schedule	modifier	varchar(255)	YES	@@NULL@@			3
generator_project_schedule	belong_dept	int	YES	@@NULL@@			4
generator_project_schedule	update_datetime	datetime(6)	YES	@@NULL@@			5
generator_project_schedule	create_datetime	datetime(6)	YES	@@NULL@@			6
generator_project_schedule	sort	int	YES	@@NULL@@			7
generator_project_schedule	state	int	YES	@@NULL@@			8
generator_project_schedule	end_time	date	YES	@@NULL@@			9
generator_project_schedule	start_time	date	YES	@@NULL@@			10
generator_project_schedule	progress	int	YES	@@NULL@@			11
generator_project_schedule	user	varchar(255)	YES	@@NULL@@			12
generator_project_schedule	name	varchar(50)	YES	@@NULL@@			13
generator_project_schedule	creator_id	bigint	YES	@@NULL@@			14
generator_project_schedule	parent_id	bigint	YES	@@NULL@@			15
generator_project_schedule	project_info_id	bigint	YES	@@NULL@@			16
generator_project_schedule	planned_end	date	YES	@@NULL@@			17
generator_project_schedule	planned_start	date	YES	@@NULL@@			18
generator_public_data	id	bigint	NO	@@NULL@@	auto_increment		1
generator_public_data	remark	varchar(255)	YES	@@NULL@@			2
generator_public_data	modifier	varchar(255)	YES	@@NULL@@			3
generator_public_data	belong_dept	int	YES	@@NULL@@			4
generator_public_data	update_datetime	datetime(6)	YES	@@NULL@@			5
generator_public_data	create_datetime	datetime(6)	YES	@@NULL@@			6
generator_public_data	sort	int	YES	@@NULL@@			7
generator_public_data	value	decimal(13,2)	YES	@@NULL@@			8
generator_public_data	name	varchar(30)	YES	@@NULL@@			9
generator_public_data	creator_id	bigint	YES	@@NULL@@			10
generator_public_data	date	varchar(10)	YES	@@NULL@@			11
generator_purchase_material	id	bigint	NO	@@NULL@@	auto_increment		1
generator_purchase_material	remark	varchar(255)	YES	@@NULL@@			2
generator_purchase_material	modifier	varchar(255)	YES	@@NULL@@			3
generator_purchase_material	belong_dept	int	YES	@@NULL@@			4
generator_purchase_material	update_datetime	datetime(6)	YES	@@NULL@@			5
generator_purchase_material	create_datetime	datetime(6)	YES	@@NULL@@			6
generator_purchase_material	sort	int	YES	@@NULL@@			7
generator_purchase_material	stock_unit	varchar(10)	YES	@@NULL@@			8
generator_purchase_material	safety_stock	decimal(13,2)	YES	@@NULL@@			9
generator_purchase_material	cost	decimal(15,4)	YES	@@NULL@@			10
generator_purchase_material	standard_price	decimal(15,4)	YES	@@NULL@@			11
generator_purchase_material	processing_product	varchar(50)	YES	@@NULL@@			12
generator_purchase_material	product_type	varchar(50)	YES	@@NULL@@			13
generator_purchase_material	specification	varchar(255)	YES	@@NULL@@			14
generator_purchase_material	material_name	varchar(255)	YES	@@NULL@@			15
generator_purchase_material	material_qrcode	varchar(50)	YES	@@NULL@@			16
generator_purchase_material	creator_id	bigint	YES	@@NULL@@			17
generator_purchase_material	brand	varchar(20)	YES	@@NULL@@			18
generator_purchase_material	internal_category	varchar(50)	YES	@@NULL@@			19
generator_purchase_material	material_attachments	json	YES	@@NULL@@			20
generator_purchase_material_gh	id	bigint	NO	@@NULL@@	auto_increment		1
generator_purchase_material_gh	remark	varchar(255)	YES	@@NULL@@			2
generator_purchase_material_gh	modifier	varchar(255)	YES	@@NULL@@			3
generator_purchase_material_gh	belong_dept	int	YES	@@NULL@@			4
generator_purchase_material_gh	update_datetime	datetime(6)	YES	@@NULL@@			5
generator_purchase_material_gh	create_datetime	datetime(6)	YES	@@NULL@@			6
generator_purchase_material_gh	sort	int	YES	@@NULL@@			7
generator_purchase_material_gh	stock_unit	varchar(10)	YES	@@NULL@@			8
generator_purchase_material_gh	safety_stock	decimal(13,2)	YES	@@NULL@@			9
generator_purchase_material_gh	cost	decimal(15,4)	YES	@@NULL@@			10
generator_purchase_material_gh	standard_price	decimal(15,4)	YES	@@NULL@@			11
generator_purchase_material_gh	internal_category	varchar(50)	YES	@@NULL@@			12
generator_purchase_material_gh	processing_product	varchar(50)	YES	@@NULL@@			13
generator_purchase_material_gh	product_type	varchar(50)	YES	@@NULL@@			14
generator_purchase_material_gh	brand	varchar(20)	YES	@@NULL@@			15
generator_purchase_material_gh	specification	varchar(255)	YES	@@NULL@@			16
generator_purchase_material_gh	material_name	varchar(255)	YES	@@NULL@@			17
generator_purchase_material_gh	material_qrcode	varchar(50)	YES	@@NULL@@			18
generator_purchase_material_gh	creator_id	bigint	YES	@@NULL@@			19
generator_purchase_material_gh	material_attachments	json	YES	@@NULL@@			20
generator_purchase_material_tf	id	bigint	NO	@@NULL@@	auto_increment		1
generator_purchase_material_tf	remark	varchar(255)	YES	@@NULL@@			2
generator_purchase_material_tf	modifier	varchar(255)	YES	@@NULL@@			3
generator_purchase_material_tf	belong_dept	int	YES	@@NULL@@			4
generator_purchase_material_tf	update_datetime	datetime(6)	YES	@@NULL@@			5
generator_purchase_material_tf	create_datetime	datetime(6)	YES	@@NULL@@			6
generator_purchase_material_tf	sort	int	YES	@@NULL@@			7
generator_purchase_material_tf	stock_unit	varchar(10)	YES	@@NULL@@			8
generator_purchase_material_tf	safety_stock	decimal(13,2)	YES	@@NULL@@			9
generator_purchase_material_tf	cost	decimal(15,4)	YES	@@NULL@@			10
generator_purchase_material_tf	standard_price	decimal(15,4)	YES	@@NULL@@			11
generator_purchase_material_tf	internal_category	varchar(50)	YES	@@NULL@@			12
generator_purchase_material_tf	processing_product	varchar(50)	YES	@@NULL@@			13
generator_purchase_material_tf	product_type	varchar(50)	YES	@@NULL@@			14
generator_purchase_material_tf	brand	varchar(20)	YES	@@NULL@@			15
generator_purchase_material_tf	specification	varchar(255)	YES	@@NULL@@			16
generator_purchase_material_tf	material_name	varchar(255)	YES	@@NULL@@			17
generator_purchase_material_tf	material_qrcode	varchar(50)	YES	@@NULL@@			18
generator_purchase_material_tf	creator_id	bigint	YES	@@NULL@@			19
generator_purchase_material_tf	material_attachments	json	YES	@@NULL@@			20
generator_purchase_material_zt	id	bigint	NO	@@NULL@@	auto_increment		1
generator_purchase_material_zt	remark	varchar(255)	YES	@@NULL@@			2
generator_purchase_material_zt	modifier	varchar(255)	YES	@@NULL@@			3
generator_purchase_material_zt	belong_dept	int	YES	@@NULL@@			4
generator_purchase_material_zt	update_datetime	datetime(6)	YES	@@NULL@@			5
generator_purchase_material_zt	create_datetime	datetime(6)	YES	@@NULL@@			6
generator_purchase_material_zt	sort	int	YES	@@NULL@@			7
generator_purchase_material_zt	stock_unit	varchar(10)	YES	@@NULL@@			8
generator_purchase_material_zt	safety_stock	decimal(13,2)	YES	@@NULL@@			9
generator_purchase_material_zt	cost	decimal(15,4)	YES	@@NULL@@			10
generator_purchase_material_zt	standard_price	decimal(15,4)	YES	@@NULL@@			11
generator_purchase_material_zt	internal_category	varchar(50)	YES	@@NULL@@			12
generator_purchase_material_zt	processing_product	varchar(50)	YES	@@NULL@@			13
generator_purchase_material_zt	product_type	varchar(50)	YES	@@NULL@@			14
generator_purchase_material_zt	brand	varchar(20)	YES	@@NULL@@			15
generator_purchase_material_zt	specification	varchar(255)	YES	@@NULL@@			16
generator_purchase_material_zt	material_name	varchar(255)	YES	@@NULL@@			17
generator_purchase_material_zt	material_qrcode	varchar(50)	YES	@@NULL@@			18
generator_purchase_material_zt	creator_id	bigint	YES	@@NULL@@			19
generator_purchase_material_zt	material_attachments	json	YES	@@NULL@@			20
generator_purchase_order	id	bigint	NO	@@NULL@@	auto_increment		1
generator_purchase_order	remark	varchar(255)	YES	@@NULL@@			2
generator_purchase_order	modifier	varchar(255)	YES	@@NULL@@			3
generator_purchase_order	belong_dept	int	YES	@@NULL@@			4
generator_purchase_order	update_datetime	datetime(6)	YES	@@NULL@@			5
generator_purchase_order	create_datetime	datetime(6)	YES	@@NULL@@			6
generator_purchase_order	sort	int	YES	@@NULL@@			7
generator_purchase_order	state	int	YES	@@NULL@@			8
generator_purchase_order	approval_process	json	YES	@@NULL@@			9
generator_purchase_order	order_number	varchar(50)	YES	@@NULL@@			10
generator_purchase_order	creator_id	bigint	YES	@@NULL@@			11
generator_purchase_order	total_price	decimal(13,2)	YES	@@NULL@@			12
generator_purchase_order	bank_account	varchar(50)	YES	@@NULL@@			13
generator_purchase_order	deposit_bank	varchar(50)	YES	@@NULL@@			14
generator_purchase_order	due_amount	decimal(13,2)	YES	@@NULL@@			15
generator_purchase_order	paid_amount	decimal(13,2)	YES	@@NULL@@			16
generator_purchase_order	payment_term	varchar(50)	YES	@@NULL@@			17
generator_purchase_order	supplier_name	varchar(50)	YES	@@NULL@@			18
generator_purchase_order	order_belong	varchar(30)	YES	@@NULL@@			19
generator_purchase_order	order_type	int	YES	@@NULL@@			20
generator_purchase_order_copy1	id	bigint	NO	@@NULL@@	auto_increment		1
generator_purchase_order_copy1	remark	varchar(255)	YES	@@NULL@@			2
generator_purchase_order_copy1	modifier	varchar(255)	YES	@@NULL@@			3
generator_purchase_order_copy1	belong_dept	int	YES	@@NULL@@			4
generator_purchase_order_copy1	update_datetime	datetime(6)	YES	@@NULL@@			5
generator_purchase_order_copy1	create_datetime	datetime(6)	YES	@@NULL@@			6
generator_purchase_order_copy1	sort	int	YES	@@NULL@@			7
generator_purchase_order_copy1	state	int	YES	@@NULL@@			8
generator_purchase_order_copy1	approval_process	json	YES	@@NULL@@			9
generator_purchase_order_copy1	order_number	varchar(50)	YES	@@NULL@@			10
generator_purchase_order_copy1	creator_id	bigint	YES	@@NULL@@			11
generator_purchase_order_copy1	total_price	decimal(13,2)	YES	@@NULL@@			12
generator_purchase_order_copy1	bank_account	varchar(50)	YES	@@NULL@@			13
generator_purchase_order_copy1	deposit_bank	varchar(50)	YES	@@NULL@@			14
generator_purchase_order_copy1	due_amount	decimal(13,2)	YES	@@NULL@@			15
generator_purchase_order_copy1	paid_amount	decimal(13,2)	YES	@@NULL@@			16
generator_purchase_order_copy1	payment_term	varchar(50)	YES	@@NULL@@			17
generator_purchase_order_copy1	supplier_name	varchar(50)	YES	@@NULL@@			18
generator_purchase_order_copy1	order_belong	varchar(30)	YES	@@NULL@@			19
generator_purchase_order_detail	id	bigint	NO	@@NULL@@	auto_increment		1
generator_purchase_order_detail	remark	varchar(255)	YES	@@NULL@@			2
generator_purchase_order_detail	modifier	varchar(255)	YES	@@NULL@@			3
generator_purchase_order_detail	belong_dept	int	YES	@@NULL@@			4
generator_purchase_order_detail	update_datetime	datetime(6)	YES	@@NULL@@			5
generator_purchase_order_detail	create_datetime	datetime(6)	YES	@@NULL@@			6
generator_purchase_order_detail	sort	int	YES	@@NULL@@			7
generator_purchase_order_detail	picture	json	YES	@@NULL@@			8
generator_purchase_order_detail	predict_date	date	YES	@@NULL@@			9
generator_purchase_order_detail	amount	decimal(13,2)	YES	@@NULL@@			10
generator_purchase_order_detail	tax_rate	decimal(6,2)	YES	@@NULL@@			11
generator_purchase_order_detail	unit_price	decimal(15,4)	YES	@@NULL@@			12
generator_purchase_order_detail	applicant	varchar(20)	YES	@@NULL@@			13
generator_purchase_order_detail	project_name	varchar(50)	YES	@@NULL@@			14
generator_purchase_order_detail	project_number	varchar(50)	YES	@@NULL@@			15
generator_purchase_order_detail	material_subcategory	varchar(50)	YES	@@NULL@@			16
generator_purchase_order_detail	material_category	varchar(20)	YES	@@NULL@@			17
generator_purchase_order_detail	quantity	decimal(13,2)	YES	@@NULL@@			18
generator_purchase_order_detail	unit	varchar(10)	YES	@@NULL@@			19
generator_purchase_order_detail	config_requirement	varchar(255)	YES	@@NULL@@			20
generator_purchase_order_detail	specification	varchar(255)	YES	@@NULL@@			21
generator_purchase_order_detail	material_name	varchar(255)	YES	@@NULL@@			22
generator_purchase_order_detail	creator_id	bigint	YES	@@NULL@@			23
generator_purchase_order_detail	purchase_order_id	bigint	YES	@@NULL@@			24
generator_purchase_order_detail	purchase_requisition_id	bigint	YES	@@NULL@@			25
generator_purchase_order_detail	state	int	YES	@@NULL@@			26
generator_purchase_order_detail	approval_comment	varchar(255)	YES	@@NULL@@			27
generator_purchase_order_detail	predict_days	smallint unsigned	YES	@@NULL@@			28
generator_purchase_order_detail	delivery_address	varchar(255)	YES	@@NULL@@			29
generator_purchase_order_detail	purchase_requisition_detail_id	bigint	YES	@@NULL@@			30
generator_purchase_order_detail	brand	varchar(20)	YES	@@NULL@@			31
generator_purchase_order_detail	operation_reason	varchar(255)	YES	@@NULL@@			32
generator_purchase_order_detail	supplier_material_map_id	bigint	YES	@@NULL@@			33
generator_purchase_order_detail	stock_quantity	decimal(13,2)	YES	@@NULL@@			34
generator_purchase_order_detail	settlement_status	int	YES	@@NULL@@			35
generator_purchase_order_detail_copy1	id	bigint	NO	@@NULL@@	auto_increment		1
generator_purchase_order_detail_copy1	remark	varchar(255)	YES	@@NULL@@			2
generator_purchase_order_detail_copy1	modifier	varchar(255)	YES	@@NULL@@			3
generator_purchase_order_detail_copy1	belong_dept	int	YES	@@NULL@@			4
generator_purchase_order_detail_copy1	update_datetime	datetime(6)	YES	@@NULL@@			5
generator_purchase_order_detail_copy1	create_datetime	datetime(6)	YES	@@NULL@@			6
generator_purchase_order_detail_copy1	sort	int	YES	@@NULL@@			7
generator_purchase_order_detail_copy1	picture	json	YES	@@NULL@@			8
generator_purchase_order_detail_copy1	belong	varchar(50)	YES	@@NULL@@			9
generator_purchase_order_detail_copy1	practical_date	date	YES	@@NULL@@			10
generator_purchase_order_detail_copy1	predict_date	date	YES	@@NULL@@			11
generator_purchase_order_detail_copy1	amount	decimal(13,2)	YES	@@NULL@@			12
generator_purchase_order_detail_copy1	tax_rate	decimal(6,2)	YES	@@NULL@@			13
generator_purchase_order_detail_copy1	unit_price	decimal(15,4)	YES	@@NULL@@			14
generator_purchase_order_detail_copy1	applicant	varchar(20)	YES	@@NULL@@			15
generator_purchase_order_detail_copy1	project_name	varchar(50)	YES	@@NULL@@			16
generator_purchase_order_detail_copy1	project_number	varchar(50)	YES	@@NULL@@			17
generator_purchase_order_detail_copy1	material_subcategory	varchar(50)	YES	@@NULL@@			18
generator_purchase_order_detail_copy1	material_category	varchar(20)	YES	@@NULL@@			19
generator_purchase_order_detail_copy1	quantity	decimal(13,2)	YES	@@NULL@@			20
generator_purchase_order_detail_copy1	unit	varchar(10)	YES	@@NULL@@			21
generator_purchase_order_detail_copy1	config_requirement	varchar(255)	YES	@@NULL@@			22
generator_purchase_order_detail_copy1	specification	varchar(50)	YES	@@NULL@@			23
generator_purchase_order_detail_copy1	material_name	varchar(50)	YES	@@NULL@@			24
generator_purchase_order_detail_copy1	creator_id	bigint	YES	@@NULL@@			25
generator_purchase_order_detail_copy1	purchase_order_id	bigint	YES	@@NULL@@			26
generator_purchase_order_detail_copy1	purchase_requisition_id	bigint	YES	@@NULL@@			27
generator_purchase_order_detail_copy1	state	int	YES	@@NULL@@			28
generator_purchase_order_detail_copy1	approval_comment	varchar(255)	YES	@@NULL@@			29
generator_purchase_order_detail_copy1	predict_days	smallint unsigned	YES	@@NULL@@			30
generator_purchase_order_detail_copy1	delivery_address	varchar(255)	YES	@@NULL@@			31
generator_purchase_order_detail_copy1	purchase_requisition_detail_id	bigint	YES	@@NULL@@			32
generator_purchase_order_detail_copy1	brand	varchar(20)	YES	@@NULL@@			33
generator_purchase_order_detail_copy1	operation_reason	varchar(255)	YES	@@NULL@@			34
generator_purchase_order_detail_copy1	supplier_material_map_id	bigint	YES	@@NULL@@			35
generator_purchase_order_detail_gh	id	bigint	NO	@@NULL@@	auto_increment		1
generator_purchase_order_detail_gh	remark	varchar(255)	YES	@@NULL@@			2
generator_purchase_order_detail_gh	modifier	varchar(255)	YES	@@NULL@@			3
generator_purchase_order_detail_gh	belong_dept	int	YES	@@NULL@@			4
generator_purchase_order_detail_gh	update_datetime	datetime(6)	YES	@@NULL@@			5
generator_purchase_order_detail_gh	create_datetime	datetime(6)	YES	@@NULL@@			6
generator_purchase_order_detail_gh	sort	int	YES	@@NULL@@			7
generator_purchase_order_detail_gh	delivery_address	varchar(255)	YES	@@NULL@@			8
generator_purchase_order_detail_gh	picture	json	YES	@@NULL@@			9
generator_purchase_order_detail_gh	approval_comment	varchar(255)	YES	@@NULL@@			10
generator_purchase_order_detail_gh	operation_reason	varchar(255)	YES	@@NULL@@			11
generator_purchase_order_detail_gh	state	int	YES	@@NULL@@			12
generator_purchase_order_detail_gh	predict_date	date	YES	@@NULL@@			13
generator_purchase_order_detail_gh	predict_days	smallint unsigned	YES	@@NULL@@			14
generator_purchase_order_detail_gh	amount	decimal(13,2)	YES	@@NULL@@			15
generator_purchase_order_detail_gh	tax_rate	decimal(6,2)	YES	@@NULL@@			16
generator_purchase_order_detail_gh	unit_price	decimal(15,4)	YES	@@NULL@@			17
generator_purchase_order_detail_gh	applicant	varchar(20)	YES	@@NULL@@			18
generator_purchase_order_detail_gh	project_name	varchar(50)	YES	@@NULL@@			19
generator_purchase_order_detail_gh	project_number	varchar(50)	YES	@@NULL@@			20
generator_purchase_order_detail_gh	material_subcategory	varchar(50)	YES	@@NULL@@			21
generator_purchase_order_detail_gh	material_category	varchar(20)	YES	@@NULL@@			22
generator_purchase_order_detail_gh	quantity	decimal(13,2)	YES	@@NULL@@			23
generator_purchase_order_detail_gh	unit	varchar(10)	YES	@@NULL@@			24
generator_purchase_order_detail_gh	brand	varchar(20)	YES	@@NULL@@			25
generator_purchase_order_detail_gh	config_requirement	varchar(255)	YES	@@NULL@@			26
generator_purchase_order_detail_gh	specification	varchar(255)	YES	@@NULL@@			27
generator_purchase_order_detail_gh	material_name	varchar(255)	YES	@@NULL@@			28
generator_purchase_order_detail_gh	purchase_requisition_detail_id	bigint	YES	@@NULL@@			29
generator_purchase_order_detail_gh	creator_id	bigint	YES	@@NULL@@			30
generator_purchase_order_detail_gh	purchase_order_id	bigint	YES	@@NULL@@			31
generator_purchase_order_detail_gh	purchase_requisition_id	bigint	YES	@@NULL@@			32
generator_purchase_order_detail_gh	supplier_material_map_id	bigint	YES	@@NULL@@			33
generator_purchase_order_detail_gh	stock_quantity	decimal(13,2)	YES	@@NULL@@			34
generator_purchase_order_detail_gh	settlement_status	int	YES	@@NULL@@			35
generator_purchase_order_detail_tf	id	bigint	NO	@@NULL@@	auto_increment		1
generator_purchase_order_detail_tf	remark	varchar(255)	YES	@@NULL@@			2
generator_purchase_order_detail_tf	modifier	varchar(255)	YES	@@NULL@@			3
generator_purchase_order_detail_tf	belong_dept	int	YES	@@NULL@@			4
generator_purchase_order_detail_tf	update_datetime	datetime(6)	YES	@@NULL@@			5
generator_purchase_order_detail_tf	create_datetime	datetime(6)	YES	@@NULL@@			6
generator_purchase_order_detail_tf	sort	int	YES	@@NULL@@			7
generator_purchase_order_detail_tf	delivery_address	varchar(255)	YES	@@NULL@@			8
generator_purchase_order_detail_tf	picture	json	YES	@@NULL@@			9
generator_purchase_order_detail_tf	approval_comment	varchar(255)	YES	@@NULL@@			10
generator_purchase_order_detail_tf	operation_reason	varchar(255)	YES	@@NULL@@			11
generator_purchase_order_detail_tf	state	int	YES	@@NULL@@			12
generator_purchase_order_detail_tf	predict_date	date	YES	@@NULL@@			13
generator_purchase_order_detail_tf	predict_days	smallint unsigned	YES	@@NULL@@			14
generator_purchase_order_detail_tf	amount	decimal(13,2)	YES	@@NULL@@			15
generator_purchase_order_detail_tf	tax_rate	decimal(6,2)	YES	@@NULL@@			16
generator_purchase_order_detail_tf	unit_price	decimal(15,4)	YES	@@NULL@@			17
generator_purchase_order_detail_tf	applicant	varchar(20)	YES	@@NULL@@			18
generator_purchase_order_detail_tf	project_name	varchar(50)	YES	@@NULL@@			19
generator_purchase_order_detail_tf	project_number	varchar(50)	YES	@@NULL@@			20
generator_purchase_order_detail_tf	material_subcategory	varchar(50)	YES	@@NULL@@			21
generator_purchase_order_detail_tf	material_category	varchar(20)	YES	@@NULL@@			22
generator_purchase_order_detail_tf	quantity	decimal(13,2)	YES	@@NULL@@			23
generator_purchase_order_detail_tf	unit	varchar(10)	YES	@@NULL@@			24
generator_purchase_order_detail_tf	brand	varchar(20)	YES	@@NULL@@			25
generator_purchase_order_detail_tf	config_requirement	varchar(255)	YES	@@NULL@@			26
generator_purchase_order_detail_tf	specification	varchar(255)	YES	@@NULL@@			27
generator_purchase_order_detail_tf	material_name	varchar(255)	YES	@@NULL@@			28
generator_purchase_order_detail_tf	purchase_requisition_detail_id	bigint	YES	@@NULL@@			29
generator_purchase_order_detail_tf	creator_id	bigint	YES	@@NULL@@			30
generator_purchase_order_detail_tf	purchase_order_id	bigint	YES	@@NULL@@			31
generator_purchase_order_detail_tf	purchase_requisition_id	bigint	YES	@@NULL@@			32
generator_purchase_order_detail_tf	supplier_material_map_id	bigint	YES	@@NULL@@			33
generator_purchase_order_detail_tf	stock_quantity	decimal(13,2)	YES	@@NULL@@			34
generator_purchase_order_detail_tf	settlement_status	int	YES	@@NULL@@			35
generator_purchase_order_detail_zt	id	bigint	NO	@@NULL@@	auto_increment		1
generator_purchase_order_detail_zt	remark	varchar(255)	YES	@@NULL@@			2
generator_purchase_order_detail_zt	modifier	varchar(255)	YES	@@NULL@@			3
generator_purchase_order_detail_zt	belong_dept	int	YES	@@NULL@@			4
generator_purchase_order_detail_zt	update_datetime	datetime(6)	YES	@@NULL@@			5
generator_purchase_order_detail_zt	create_datetime	datetime(6)	YES	@@NULL@@			6
generator_purchase_order_detail_zt	sort	int	YES	@@NULL@@			7
generator_purchase_order_detail_zt	delivery_address	varchar(255)	YES	@@NULL@@			8
generator_purchase_order_detail_zt	picture	json	YES	@@NULL@@			9
generator_purchase_order_detail_zt	approval_comment	varchar(255)	YES	@@NULL@@			10
generator_purchase_order_detail_zt	operation_reason	varchar(255)	YES	@@NULL@@			11
generator_purchase_order_detail_zt	state	int	YES	@@NULL@@			12
generator_purchase_order_detail_zt	predict_date	date	YES	@@NULL@@			13
generator_purchase_order_detail_zt	predict_days	smallint unsigned	YES	@@NULL@@			14
generator_purchase_order_detail_zt	amount	decimal(13,2)	YES	@@NULL@@			15
generator_purchase_order_detail_zt	tax_rate	decimal(6,2)	YES	@@NULL@@			16
generator_purchase_order_detail_zt	unit_price	decimal(15,4)	YES	@@NULL@@			17
generator_purchase_order_detail_zt	applicant	varchar(20)	YES	@@NULL@@			18
generator_purchase_order_detail_zt	project_name	varchar(50)	YES	@@NULL@@			19
generator_purchase_order_detail_zt	project_number	varchar(50)	YES	@@NULL@@			20
generator_purchase_order_detail_zt	material_subcategory	varchar(50)	YES	@@NULL@@			21
generator_purchase_order_detail_zt	material_category	varchar(20)	YES	@@NULL@@			22
generator_purchase_order_detail_zt	quantity	decimal(13,2)	YES	@@NULL@@			23
generator_purchase_order_detail_zt	unit	varchar(10)	YES	@@NULL@@			24
generator_purchase_order_detail_zt	brand	varchar(20)	YES	@@NULL@@			25
generator_purchase_order_detail_zt	config_requirement	varchar(255)	YES	@@NULL@@			26
generator_purchase_order_detail_zt	specification	varchar(255)	YES	@@NULL@@			27
generator_purchase_order_detail_zt	material_name	varchar(255)	YES	@@NULL@@			28
generator_purchase_order_detail_zt	purchase_requisition_detail_id	bigint	YES	@@NULL@@			29
generator_purchase_order_detail_zt	creator_id	bigint	YES	@@NULL@@			30
generator_purchase_order_detail_zt	purchase_order_id	bigint	YES	@@NULL@@			31
generator_purchase_order_detail_zt	purchase_requisition_id	bigint	YES	@@NULL@@			32
generator_purchase_order_detail_zt	supplier_material_map_id	bigint	YES	@@NULL@@			33
generator_purchase_order_detail_zt	stock_quantity	decimal(13,2)	YES	@@NULL@@			34
generator_purchase_order_detail_zt	settlement_status	int	YES	@@NULL@@			35
generator_purchase_order_document	id	bigint	NO	@@NULL@@	auto_increment		1
generator_purchase_order_document	remark	varchar(255)	YES	@@NULL@@			2
generator_purchase_order_document	modifier	varchar(255)	YES	@@NULL@@			3
generator_purchase_order_document	belong_dept	int	YES	@@NULL@@			4
generator_purchase_order_document	update_datetime	datetime(6)	YES	@@NULL@@			5
generator_purchase_order_document	create_datetime	datetime(6)	YES	@@NULL@@			6
generator_purchase_order_document	sort	int	YES	@@NULL@@			7
generator_purchase_order_document	doc_type	varchar(20)	YES	@@NULL@@			8
generator_purchase_order_document	doc_number	varchar(255)	YES	@@NULL@@			9
generator_purchase_order_document	total_amount	decimal(13,2)	YES	@@NULL@@			10
generator_purchase_order_document	file_url	json	YES	@@NULL@@			11
generator_purchase_order_document	creator_id	bigint	YES	@@NULL@@			12
generator_purchase_order_document	signing_date	date	YES	@@NULL@@			13
generator_purchase_order_document	due_amount	decimal(13,2)	YES	@@NULL@@			14
generator_purchase_order_document	state	int	YES	@@NULL@@			15
generator_purchase_order_document_copy1	id	bigint	NO	@@NULL@@	auto_increment		1
generator_purchase_order_document_copy1	remark	varchar(255)	YES	@@NULL@@			2
generator_purchase_order_document_copy1	modifier	varchar(255)	YES	@@NULL@@			3
generator_purchase_order_document_copy1	belong_dept	int	YES	@@NULL@@			4
generator_purchase_order_document_copy1	update_datetime	datetime(6)	YES	@@NULL@@			5
generator_purchase_order_document_copy1	create_datetime	datetime(6)	YES	@@NULL@@			6
generator_purchase_order_document_copy1	sort	int	YES	@@NULL@@			7
generator_purchase_order_document_copy1	doc_type	varchar(20)	YES	@@NULL@@			8
generator_purchase_order_document_copy1	doc_number	varchar(255)	YES	@@NULL@@			9
generator_purchase_order_document_copy1	total_amount	decimal(13,2)	YES	@@NULL@@			10
generator_purchase_order_document_copy1	file_url	json	YES	@@NULL@@			11
generator_purchase_order_document_copy1	creator_id	bigint	YES	@@NULL@@			12
generator_purchase_order_document_gh	id	bigint	NO	@@NULL@@	auto_increment		1
generator_purchase_order_document_gh	remark	varchar(255)	YES	@@NULL@@			2
generator_purchase_order_document_gh	modifier	varchar(255)	YES	@@NULL@@			3
generator_purchase_order_document_gh	belong_dept	int	YES	@@NULL@@			4
generator_purchase_order_document_gh	update_datetime	datetime(6)	YES	@@NULL@@			5
generator_purchase_order_document_gh	create_datetime	datetime(6)	YES	@@NULL@@			6
generator_purchase_order_document_gh	sort	int	YES	@@NULL@@			7
generator_purchase_order_document_gh	doc_type	varchar(20)	YES	@@NULL@@			8
generator_purchase_order_document_gh	doc_number	varchar(255)	YES	@@NULL@@			9
generator_purchase_order_document_gh	total_amount	decimal(13,2)	YES	@@NULL@@			10
generator_purchase_order_document_gh	file_url	json	YES	@@NULL@@			11
generator_purchase_order_document_gh	signing_date	date	YES	@@NULL@@			12
generator_purchase_order_document_gh	due_amount	decimal(13,2)	YES	@@NULL@@			13
generator_purchase_order_document_gh	state	int	YES	@@NULL@@			14
generator_purchase_order_document_gh	creator_id	bigint	YES	@@NULL@@			15
generator_purchase_order_document_tf	id	bigint	NO	@@NULL@@	auto_increment		1
generator_purchase_order_document_tf	remark	varchar(255)	YES	@@NULL@@			2
generator_purchase_order_document_tf	modifier	varchar(255)	YES	@@NULL@@			3
generator_purchase_order_document_tf	belong_dept	int	YES	@@NULL@@			4
generator_purchase_order_document_tf	update_datetime	datetime(6)	YES	@@NULL@@			5
generator_purchase_order_document_tf	create_datetime	datetime(6)	YES	@@NULL@@			6
generator_purchase_order_document_tf	sort	int	YES	@@NULL@@			7
generator_purchase_order_document_tf	doc_type	varchar(20)	YES	@@NULL@@			8
generator_purchase_order_document_tf	doc_number	varchar(255)	YES	@@NULL@@			9
generator_purchase_order_document_tf	total_amount	decimal(13,2)	YES	@@NULL@@			10
generator_purchase_order_document_tf	file_url	json	YES	@@NULL@@			11
generator_purchase_order_document_tf	signing_date	date	YES	@@NULL@@			12
generator_purchase_order_document_tf	due_amount	decimal(13,2)	YES	@@NULL@@			13
generator_purchase_order_document_tf	state	int	YES	@@NULL@@			14
generator_purchase_order_document_tf	creator_id	bigint	YES	@@NULL@@			15
generator_purchase_order_document_zt	id	bigint	NO	@@NULL@@	auto_increment		1
generator_purchase_order_document_zt	remark	varchar(255)	YES	@@NULL@@			2
generator_purchase_order_document_zt	modifier	varchar(255)	YES	@@NULL@@			3
generator_purchase_order_document_zt	belong_dept	int	YES	@@NULL@@			4
generator_purchase_order_document_zt	update_datetime	datetime(6)	YES	@@NULL@@			5
generator_purchase_order_document_zt	create_datetime	datetime(6)	YES	@@NULL@@			6
generator_purchase_order_document_zt	sort	int	YES	@@NULL@@			7
generator_purchase_order_document_zt	doc_type	varchar(20)	YES	@@NULL@@			8
generator_purchase_order_document_zt	doc_number	varchar(255)	YES	@@NULL@@			9
generator_purchase_order_document_zt	total_amount	decimal(13,2)	YES	@@NULL@@			10
generator_purchase_order_document_zt	file_url	json	YES	@@NULL@@			11
generator_purchase_order_document_zt	signing_date	date	YES	@@NULL@@			12
generator_purchase_order_document_zt	due_amount	decimal(13,2)	YES	@@NULL@@			13
generator_purchase_order_document_zt	state	int	YES	@@NULL@@			14
generator_purchase_order_document_zt	creator_id	bigint	YES	@@NULL@@			15
generator_purchase_order_gh	id	bigint	NO	@@NULL@@	auto_increment		1
generator_purchase_order_gh	remark	varchar(255)	YES	@@NULL@@			2
generator_purchase_order_gh	modifier	varchar(255)	YES	@@NULL@@			3
generator_purchase_order_gh	belong_dept	int	YES	@@NULL@@			4
generator_purchase_order_gh	update_datetime	datetime(6)	YES	@@NULL@@			5
generator_purchase_order_gh	create_datetime	datetime(6)	YES	@@NULL@@			6
generator_purchase_order_gh	sort	int	YES	@@NULL@@			7
generator_purchase_order_gh	order_belong	varchar(30)	YES	@@NULL@@			8
generator_purchase_order_gh	total_price	decimal(13,2)	YES	@@NULL@@			9
generator_purchase_order_gh	state	int	YES	@@NULL@@			10
generator_purchase_order_gh	approval_process	json	YES	@@NULL@@			11
generator_purchase_order_gh	order_number	varchar(50)	YES	@@NULL@@			12
generator_purchase_order_gh	supplier_name	varchar(50)	YES	@@NULL@@			13
generator_purchase_order_gh	payment_term	varchar(50)	YES	@@NULL@@			14
generator_purchase_order_gh	deposit_bank	varchar(50)	YES	@@NULL@@			15
generator_purchase_order_gh	bank_account	varchar(50)	YES	@@NULL@@			16
generator_purchase_order_gh	paid_amount	decimal(13,2)	YES	@@NULL@@			17
generator_purchase_order_gh	due_amount	decimal(13,2)	YES	@@NULL@@			18
generator_purchase_order_gh	creator_id	bigint	YES	@@NULL@@			19
generator_purchase_order_gh	order_type	int	YES	@@NULL@@			20
generator_purchase_order_tf	id	bigint	NO	@@NULL@@	auto_increment		1
generator_purchase_order_tf	remark	varchar(255)	YES	@@NULL@@			2
generator_purchase_order_tf	modifier	varchar(255)	YES	@@NULL@@			3
generator_purchase_order_tf	belong_dept	int	YES	@@NULL@@			4
generator_purchase_order_tf	update_datetime	datetime(6)	YES	@@NULL@@			5
generator_purchase_order_tf	create_datetime	datetime(6)	YES	@@NULL@@			6
generator_purchase_order_tf	sort	int	YES	@@NULL@@			7
generator_purchase_order_tf	order_belong	varchar(30)	YES	@@NULL@@			8
generator_purchase_order_tf	total_price	decimal(13,2)	YES	@@NULL@@			9
generator_purchase_order_tf	state	int	YES	@@NULL@@			10
generator_purchase_order_tf	approval_process	json	YES	@@NULL@@			11
generator_purchase_order_tf	order_number	varchar(50)	YES	@@NULL@@			12
generator_purchase_order_tf	supplier_name	varchar(50)	YES	@@NULL@@			13
generator_purchase_order_tf	payment_term	varchar(50)	YES	@@NULL@@			14
generator_purchase_order_tf	deposit_bank	varchar(50)	YES	@@NULL@@			15
generator_purchase_order_tf	bank_account	varchar(50)	YES	@@NULL@@			16
generator_purchase_order_tf	paid_amount	decimal(13,2)	YES	@@NULL@@			17
generator_purchase_order_tf	due_amount	decimal(13,2)	YES	@@NULL@@			18
generator_purchase_order_tf	creator_id	bigint	YES	@@NULL@@			19
generator_purchase_order_tf	order_type	int	YES	@@NULL@@			20
generator_purchase_order_zt	id	bigint	NO	@@NULL@@	auto_increment		1
generator_purchase_order_zt	remark	varchar(255)	YES	@@NULL@@			2
generator_purchase_order_zt	modifier	varchar(255)	YES	@@NULL@@			3
generator_purchase_order_zt	belong_dept	int	YES	@@NULL@@			4
generator_purchase_order_zt	update_datetime	datetime(6)	YES	@@NULL@@			5
generator_purchase_order_zt	create_datetime	datetime(6)	YES	@@NULL@@			6
generator_purchase_order_zt	sort	int	YES	@@NULL@@			7
generator_purchase_order_zt	order_belong	varchar(30)	YES	@@NULL@@			8
generator_purchase_order_zt	total_price	decimal(13,2)	YES	@@NULL@@			9
generator_purchase_order_zt	state	int	YES	@@NULL@@			10
generator_purchase_order_zt	approval_process	json	YES	@@NULL@@			11
generator_purchase_order_zt	order_number	varchar(50)	YES	@@NULL@@			12
generator_purchase_order_zt	supplier_name	varchar(50)	YES	@@NULL@@			13
generator_purchase_order_zt	payment_term	varchar(50)	YES	@@NULL@@			14
generator_purchase_order_zt	deposit_bank	varchar(50)	YES	@@NULL@@			15
generator_purchase_order_zt	bank_account	varchar(50)	YES	@@NULL@@			16
generator_purchase_order_zt	paid_amount	decimal(13,2)	YES	@@NULL@@			17
generator_purchase_order_zt	due_amount	decimal(13,2)	YES	@@NULL@@			18
generator_purchase_order_zt	creator_id	bigint	YES	@@NULL@@			19
generator_purchase_order_zt	order_type	int	YES	@@NULL@@			20
generator_purchase_requisition	id	bigint	NO	@@NULL@@	auto_increment		1
generator_purchase_requisition	remark	varchar(255)	YES	@@NULL@@			2
generator_purchase_requisition	modifier	varchar(255)	YES	@@NULL@@			3
generator_purchase_requisition	belong_dept	int	YES	@@NULL@@			4
generator_purchase_requisition	update_datetime	datetime(6)	YES	@@NULL@@			5
generator_purchase_requisition	create_datetime	datetime(6)	YES	@@NULL@@			6
generator_purchase_requisition	sort	int	YES	@@NULL@@			7
generator_purchase_requisition	requisition_reason	int	YES	@@NULL@@			8
generator_purchase_requisition	state	int	YES	@@NULL@@			9
generator_purchase_requisition	approval_process	json	YES	@@NULL@@			10
generator_purchase_requisition	requisition_number	varchar(50)	YES	@@NULL@@			11
generator_purchase_requisition	creator_id	bigint	YES	@@NULL@@			12
generator_purchase_requisition	requisition_type	int	YES	@@NULL@@			13
generator_purchase_requisition_detail	id	bigint	NO	@@NULL@@	auto_increment		1
generator_purchase_requisition_detail	remark	varchar(255)	YES	@@NULL@@			2
generator_purchase_requisition_detail	modifier	varchar(255)	YES	@@NULL@@			3
generator_purchase_requisition_detail	belong_dept	int	YES	@@NULL@@			4
generator_purchase_requisition_detail	update_datetime	datetime(6)	YES	@@NULL@@			5
generator_purchase_requisition_detail	create_datetime	datetime(6)	YES	@@NULL@@			6
generator_purchase_requisition_detail	sort	int	YES	@@NULL@@			7
generator_purchase_requisition_detail	picture	json	YES	@@NULL@@			8
generator_purchase_requisition_detail	project_name	varchar(50)	YES	@@NULL@@			9
generator_purchase_requisition_detail	project_number	varchar(50)	YES	@@NULL@@			10
generator_purchase_requisition_detail	material_subcategory	varchar(50)	YES	@@NULL@@			11
generator_purchase_requisition_detail	material_category	varchar(20)	YES	@@NULL@@			12
generator_purchase_requisition_detail	quantity	decimal(13,2)	YES	@@NULL@@			13
generator_purchase_requisition_detail	unit	varchar(10)	YES	@@NULL@@			14
generator_purchase_requisition_detail	config_requirement	varchar(255)	YES	@@NULL@@			15
generator_purchase_requisition_detail	specification	varchar(255)	YES	@@NULL@@			16
generator_purchase_requisition_detail	material_name	varchar(255)	YES	@@NULL@@			17
generator_purchase_requisition_detail	creator_id	bigint	YES	@@NULL@@			18
generator_purchase_requisition_detail	purchase_requisition_id	bigint	YES	@@NULL@@			19
generator_purchase_requisition_detail	required_time	date	YES	@@NULL@@			20
generator_purchase_requisition_detail	approval_comment	varchar(255)	YES	@@NULL@@			21
generator_purchase_requisition_detail	delivery_address	varchar(255)	YES	@@NULL@@			22
generator_purchase_requisition_detail	brand	varchar(20)	YES	@@NULL@@			23
generator_purchase_requisition_detail	requisition_state	int	YES	@@NULL@@			24
generator_purchase_requisition_detail	operation_reason	varchar(255)	YES	@@NULL@@			25
generator_purchase_requisition_detail_gh	id	bigint	NO	@@NULL@@	auto_increment		1
generator_purchase_requisition_detail_gh	remark	varchar(255)	YES	@@NULL@@			2
generator_purchase_requisition_detail_gh	modifier	varchar(255)	YES	@@NULL@@			3
generator_purchase_requisition_detail_gh	belong_dept	int	YES	@@NULL@@			4
generator_purchase_requisition_detail_gh	update_datetime	datetime(6)	YES	@@NULL@@			5
generator_purchase_requisition_detail_gh	create_datetime	datetime(6)	YES	@@NULL@@			6
generator_purchase_requisition_detail_gh	sort	int	YES	@@NULL@@			7
generator_purchase_requisition_detail_gh	operation_reason	varchar(255)	YES	@@NULL@@			8
generator_purchase_requisition_detail_gh	requisition_state	int	YES	@@NULL@@			9
generator_purchase_requisition_detail_gh	delivery_address	varchar(255)	YES	@@NULL@@			10
generator_purchase_requisition_detail_gh	required_time	date	YES	@@NULL@@			11
generator_purchase_requisition_detail_gh	picture	json	YES	@@NULL@@			12
generator_purchase_requisition_detail_gh	approval_comment	varchar(255)	YES	@@NULL@@			13
generator_purchase_requisition_detail_gh	project_name	varchar(50)	YES	@@NULL@@			14
generator_purchase_requisition_detail_gh	project_number	varchar(50)	YES	@@NULL@@			15
generator_purchase_requisition_detail_gh	material_subcategory	varchar(50)	YES	@@NULL@@			16
generator_purchase_requisition_detail_gh	material_category	varchar(20)	YES	@@NULL@@			17
generator_purchase_requisition_detail_gh	quantity	decimal(13,2)	YES	@@NULL@@			18
generator_purchase_requisition_detail_gh	unit	varchar(10)	YES	@@NULL@@			19
generator_purchase_requisition_detail_gh	brand	varchar(20)	YES	@@NULL@@			20
generator_purchase_requisition_detail_gh	config_requirement	varchar(255)	YES	@@NULL@@			21
generator_purchase_requisition_detail_gh	specification	varchar(255)	YES	@@NULL@@			22
generator_purchase_requisition_detail_gh	material_name	varchar(255)	YES	@@NULL@@			23
generator_purchase_requisition_detail_gh	creator_id	bigint	YES	@@NULL@@			24
generator_purchase_requisition_detail_gh	purchase_requisition_id	bigint	YES	@@NULL@@			25
generator_purchase_requisition_detail_tf	id	bigint	NO	@@NULL@@	auto_increment		1
generator_purchase_requisition_detail_tf	remark	varchar(255)	YES	@@NULL@@			2
generator_purchase_requisition_detail_tf	modifier	varchar(255)	YES	@@NULL@@			3
generator_purchase_requisition_detail_tf	belong_dept	int	YES	@@NULL@@			4
generator_purchase_requisition_detail_tf	update_datetime	datetime(6)	YES	@@NULL@@			5
generator_purchase_requisition_detail_tf	create_datetime	datetime(6)	YES	@@NULL@@			6
generator_purchase_requisition_detail_tf	sort	int	YES	@@NULL@@			7
generator_purchase_requisition_detail_tf	operation_reason	varchar(255)	YES	@@NULL@@			8
generator_purchase_requisition_detail_tf	requisition_state	int	YES	@@NULL@@			9
generator_purchase_requisition_detail_tf	delivery_address	varchar(255)	YES	@@NULL@@			10
generator_purchase_requisition_detail_tf	required_time	date	YES	@@NULL@@			11
generator_purchase_requisition_detail_tf	picture	json	YES	@@NULL@@			12
generator_purchase_requisition_detail_tf	approval_comment	varchar(255)	YES	@@NULL@@			13
generator_purchase_requisition_detail_tf	project_name	varchar(50)	YES	@@NULL@@			14
generator_purchase_requisition_detail_tf	project_number	varchar(50)	YES	@@NULL@@			15
generator_purchase_requisition_detail_tf	material_subcategory	varchar(50)	YES	@@NULL@@			16
generator_purchase_requisition_detail_tf	material_category	varchar(20)	YES	@@NULL@@			17
generator_purchase_requisition_detail_tf	quantity	decimal(13,2)	YES	@@NULL@@			18
generator_purchase_requisition_detail_tf	unit	varchar(10)	YES	@@NULL@@			19
generator_purchase_requisition_detail_tf	brand	varchar(20)	YES	@@NULL@@			20
generator_purchase_requisition_detail_tf	config_requirement	varchar(255)	YES	@@NULL@@			21
generator_purchase_requisition_detail_tf	specification	varchar(255)	YES	@@NULL@@			22
generator_purchase_requisition_detail_tf	material_name	varchar(255)	YES	@@NULL@@			23
generator_purchase_requisition_detail_tf	creator_id	bigint	YES	@@NULL@@			24
generator_purchase_requisition_detail_tf	purchase_requisition_id	bigint	YES	@@NULL@@			25
generator_purchase_requisition_detail_zt	id	bigint	NO	@@NULL@@	auto_increment		1
generator_purchase_requisition_detail_zt	remark	varchar(255)	YES	@@NULL@@			2
generator_purchase_requisition_detail_zt	modifier	varchar(255)	YES	@@NULL@@			3
generator_purchase_requisition_detail_zt	belong_dept	int	YES	@@NULL@@			4
generator_purchase_requisition_detail_zt	update_datetime	datetime(6)	YES	@@NULL@@			5
generator_purchase_requisition_detail_zt	create_datetime	datetime(6)	YES	@@NULL@@			6
generator_purchase_requisition_detail_zt	sort	int	YES	@@NULL@@			7
generator_purchase_requisition_detail_zt	operation_reason	varchar(255)	YES	@@NULL@@			8
generator_purchase_requisition_detail_zt	requisition_state	int	YES	@@NULL@@			9
generator_purchase_requisition_detail_zt	delivery_address	varchar(255)	YES	@@NULL@@			10
generator_purchase_requisition_detail_zt	required_time	date	YES	@@NULL@@			11
generator_purchase_requisition_detail_zt	picture	json	YES	@@NULL@@			12
generator_purchase_requisition_detail_zt	approval_comment	varchar(255)	YES	@@NULL@@			13
generator_purchase_requisition_detail_zt	project_name	varchar(50)	YES	@@NULL@@			14
generator_purchase_requisition_detail_zt	project_number	varchar(50)	YES	@@NULL@@			15
generator_purchase_requisition_detail_zt	material_subcategory	varchar(50)	YES	@@NULL@@			16
generator_purchase_requisition_detail_zt	material_category	varchar(20)	YES	@@NULL@@			17
generator_purchase_requisition_detail_zt	quantity	decimal(13,2)	YES	@@NULL@@			18
generator_purchase_requisition_detail_zt	unit	varchar(10)	YES	@@NULL@@			19
generator_purchase_requisition_detail_zt	brand	varchar(20)	YES	@@NULL@@			20
generator_purchase_requisition_detail_zt	config_requirement	varchar(255)	YES	@@NULL@@			21
generator_purchase_requisition_detail_zt	specification	varchar(255)	YES	@@NULL@@			22
generator_purchase_requisition_detail_zt	material_name	varchar(255)	YES	@@NULL@@			23
generator_purchase_requisition_detail_zt	creator_id	bigint	YES	@@NULL@@			24
generator_purchase_requisition_detail_zt	purchase_requisition_id	bigint	YES	@@NULL@@			25
generator_purchase_requisition_gh	id	bigint	NO	@@NULL@@	auto_increment		1
generator_purchase_requisition_gh	remark	varchar(255)	YES	@@NULL@@			2
generator_purchase_requisition_gh	modifier	varchar(255)	YES	@@NULL@@			3
generator_purchase_requisition_gh	belong_dept	int	YES	@@NULL@@			4
generator_purchase_requisition_gh	update_datetime	datetime(6)	YES	@@NULL@@			5
generator_purchase_requisition_gh	create_datetime	datetime(6)	YES	@@NULL@@			6
generator_purchase_requisition_gh	sort	int	YES	@@NULL@@			7
generator_purchase_requisition_gh	requisition_reason	int	YES	@@NULL@@			8
generator_purchase_requisition_gh	state	int	YES	@@NULL@@			9
generator_purchase_requisition_gh	approval_process	json	YES	@@NULL@@			10
generator_purchase_requisition_gh	requisition_number	varchar(50)	YES	@@NULL@@			11
generator_purchase_requisition_gh	creator_id	bigint	YES	@@NULL@@			12
generator_purchase_requisition_gh	requisition_type	int	YES	@@NULL@@			13
generator_purchase_requisition_tf	id	bigint	NO	@@NULL@@	auto_increment		1
generator_purchase_requisition_tf	remark	varchar(255)	YES	@@NULL@@			2
generator_purchase_requisition_tf	modifier	varchar(255)	YES	@@NULL@@			3
generator_purchase_requisition_tf	belong_dept	int	YES	@@NULL@@			4
generator_purchase_requisition_tf	update_datetime	datetime(6)	YES	@@NULL@@			5
generator_purchase_requisition_tf	create_datetime	datetime(6)	YES	@@NULL@@			6
generator_purchase_requisition_tf	sort	int	YES	@@NULL@@			7
generator_purchase_requisition_tf	requisition_reason	int	YES	@@NULL@@			8
generator_purchase_requisition_tf	state	int	YES	@@NULL@@			9
generator_purchase_requisition_tf	approval_process	json	YES	@@NULL@@			10
generator_purchase_requisition_tf	requisition_number	varchar(50)	YES	@@NULL@@			11
generator_purchase_requisition_tf	creator_id	bigint	YES	@@NULL@@			12
generator_purchase_requisition_tf	requisition_type	int	YES	@@NULL@@			13
generator_purchase_requisition_zt	id	bigint	NO	@@NULL@@	auto_increment		1
generator_purchase_requisition_zt	remark	varchar(255)	YES	@@NULL@@			2
generator_purchase_requisition_zt	modifier	varchar(255)	YES	@@NULL@@			3
generator_purchase_requisition_zt	belong_dept	int	YES	@@NULL@@			4
generator_purchase_requisition_zt	update_datetime	datetime(6)	YES	@@NULL@@			5
generator_purchase_requisition_zt	create_datetime	datetime(6)	YES	@@NULL@@			6
generator_purchase_requisition_zt	sort	int	YES	@@NULL@@			7
generator_purchase_requisition_zt	requisition_reason	int	YES	@@NULL@@			8
generator_purchase_requisition_zt	state	int	YES	@@NULL@@			9
generator_purchase_requisition_zt	approval_process	json	YES	@@NULL@@			10
generator_purchase_requisition_zt	requisition_number	varchar(50)	YES	@@NULL@@			11
generator_purchase_requisition_zt	creator_id	bigint	YES	@@NULL@@			12
generator_purchase_requisition_zt	requisition_type	int	YES	@@NULL@@			13
generator_qrcode_in	id	bigint	NO	@@NULL@@	auto_increment		1
generator_qrcode_in	remark	varchar(255)	YES	@@NULL@@			2
generator_qrcode_in	modifier	varchar(255)	YES	@@NULL@@			3
generator_qrcode_in	belong_dept	int	YES	@@NULL@@			4
generator_qrcode_in	update_datetime	datetime(6)	YES	@@NULL@@			5
generator_qrcode_in	create_datetime	datetime(6)	YES	@@NULL@@			6
generator_qrcode_in	sort	int	YES	@@NULL@@			7
generator_qrcode_in	Inspection_data	json	YES	@@NULL@@			8
generator_qrcode_in	certigier	varchar(100)	YES	@@NULL@@			9
generator_qrcode_in	state	int	YES	@@NULL@@			10
generator_qrcode_in	boxstate	varchar(10)	YES	@@NULL@@			11
generator_qrcode_in	number	int	YES	@@NULL@@			12
generator_qrcode_in	box_code	varchar(255)	YES	@@NULL@@			13
generator_qrcode_in	user	varchar(20)	YES	@@NULL@@			14
generator_qrcode_in	entry_time	datetime(6)	YES	@@NULL@@			15
generator_qrcode_in	creator_id	bigint	YES	@@NULL@@			16
generator_qrcode_out	id	bigint	NO	@@NULL@@	auto_increment		1
generator_qrcode_out	remark	varchar(255)	YES	@@NULL@@			2
generator_qrcode_out	modifier	varchar(255)	YES	@@NULL@@			3
generator_qrcode_out	belong_dept	int	YES	@@NULL@@			4
generator_qrcode_out	update_datetime	datetime(6)	YES	@@NULL@@			5
generator_qrcode_out	create_datetime	datetime(6)	YES	@@NULL@@			6
generator_qrcode_out	sort	int	YES	@@NULL@@			7
generator_qrcode_out	certigier	varchar(100)	YES	@@NULL@@			8
generator_qrcode_out	consignor	varchar(100)	YES	@@NULL@@			9
generator_qrcode_out	consignee	varchar(100)	YES	@@NULL@@			10
generator_qrcode_out	car_number	varchar(20)	YES	@@NULL@@			11
generator_qrcode_out	number	int	YES	@@NULL@@			12
generator_qrcode_out	box_code	varchar(255)	YES	@@NULL@@			13
generator_qrcode_out	user	varchar(20)	YES	@@NULL@@			14
generator_qrcode_out	out_time	datetime(6)	YES	@@NULL@@			15
generator_qrcode_out	creator_id	bigint	YES	@@NULL@@			16
generator_qrcode_sendout	id	bigint	NO	@@NULL@@	auto_increment		1
generator_qrcode_sendout	remark	varchar(255)	YES	@@NULL@@			2
generator_qrcode_sendout	modifier	varchar(255)	YES	@@NULL@@			3
generator_qrcode_sendout	belong_dept	int	YES	@@NULL@@			4
generator_qrcode_sendout	update_datetime	datetime(6)	YES	@@NULL@@			5
generator_qrcode_sendout	create_datetime	datetime(6)	YES	@@NULL@@			6
generator_qrcode_sendout	sort	int	YES	@@NULL@@			7
generator_qrcode_sendout	user	varchar(20)	NO	@@NULL@@			8
generator_qrcode_sendout	box_code	varchar(255)	NO	@@NULL@@			9
generator_qrcode_sendout	product_name	varchar(20)	NO	@@NULL@@			10
generator_qrcode_sendout	bar_code	varchar(30)	NO	@@NULL@@			11
generator_qrcode_sendout	number	int	NO	@@NULL@@			12
generator_qrcode_sendout	type	int	NO	@@NULL@@			13
generator_qrcode_sendout	creator_id	bigint	YES	@@NULL@@			14
generator_qrcode_sendout	customer_order_id	bigint	YES	@@NULL@@			15
generator_qrcode_sendout	error_message	longtext	YES	@@NULL@@			16
generator_qrcode_sendout	check_number	int	YES	@@NULL@@			17
generator_qrcode_sendout	part_qr_codes	json	YES	@@NULL@@			18
generator_qrcode_sendout	part_qr_verified	tinyint(1)	YES	@@NULL@@			19
generator_quality_inspection	id	bigint	NO	@@NULL@@	auto_increment		1
generator_quality_inspection	remark	varchar(255)	YES	@@NULL@@			2
generator_quality_inspection	modifier	varchar(255)	YES	超级管理员			3
generator_quality_inspection	belong_dept	int	YES	1			4
generator_quality_inspection	update_datetime	datetime(6)	YES	CURRENT_TIMESTAMP(6)	DEFAULT_GENERATED on update CURRENT_TIMESTAMP(6)		5
generator_quality_inspection	create_datetime	datetime(6)	YES	CURRENT_TIMESTAMP(6)	DEFAULT_GENERATED on update CURRENT_TIMESTAMP(6)		6
generator_quality_inspection	sort	int	YES	@@NULL@@			7
generator_quality_inspection	cc	varchar(255)	YES	@@NULL@@			8
generator_quality_inspection	img	json	YES	@@NULL@@			9
generator_quality_inspection	code	varchar(255)	YES	@@NULL@@			10
generator_quality_inspection	type	varchar(50)	YES	@@NULL@@			11
generator_quality_inspection	inspector	varchar(20)	YES	@@NULL@@			12
generator_quality_inspection	creator_id	bigint	YES	@@NULL@@			13
generator_quality_inspection	associated_infor	varchar(100)	YES	@@NULL@@			14
generator_qualityrapid_response	id	bigint	NO	@@NULL@@	auto_increment		1
generator_qualityrapid_response	remark	varchar(255)	YES	@@NULL@@			2
generator_qualityrapid_response	modifier	varchar(255)	YES	@@NULL@@			3
generator_qualityrapid_response	belong_dept	int	YES	@@NULL@@			4
generator_qualityrapid_response	update_datetime	datetime(6)	YES	@@NULL@@			5
generator_qualityrapid_response	create_datetime	datetime(6)	YES	@@NULL@@			6
generator_qualityrapid_response	sort	int	YES	@@NULL@@			7
generator_qualityrapid_response	quality_notes	longtext	YES	@@NULL@@			8
generator_qualityrapid_response	StandardizationTable	longtext	YES	@@NULL@@			9
generator_qualityrapid_response	PermanentMeasuresTable	json	YES	@@NULL@@			10
generator_qualityrapid_response	CauseAnalysisTable	longtext	YES	@@NULL@@			11
generator_qualityrapid_response	TemporaryMeasuresTable	json	YES	@@NULL@@			12
generator_qualityrapid_response	priority	varchar(20)	YES	@@NULL@@			13
generator_qualityrapid_response	response_name	varchar(20)	YES	@@NULL@@			14
generator_qualityrapid_response	picture	json	YES	@@NULL@@			15
generator_qualityrapid_response	issue_number	int	YES	@@NULL@@			16
generator_qualityrapid_response	issue_type	varchar(20)	YES	@@NULL@@			17
generator_qualityrapid_response	exception_issue	longtext	YES	@@NULL@@			18
generator_qualityrapid_response	find_time	date	YES	@@NULL@@			19
generator_qualityrapid_response	finder	varchar(20)	YES	@@NULL@@			20
generator_qualityrapid_response	product_name	varchar(50)	YES	@@NULL@@			21
generator_qualityrapid_response	quality_exception	varchar(50)	YES	@@NULL@@			22
generator_qualityrapid_response	creator_id	bigint	YES	@@NULL@@			23
generator_qualityrapid_response	job_code	varchar(255)	YES	@@NULL@@			24
generator_qualityrapid_response	is_end	tinyint(1)	YES	@@NULL@@			25
generator_qualityrapid_response	cc_send	json	YES	@@NULL@@			26
generator_qualityrapid_response	PermanentTime	varchar(50)	YES	@@NULL@@			27
generator_qualityrapid_response	TemporaryTime	varchar(50)	YES	@@NULL@@			28
generator_qualityrapid_response	attachment	json	YES	@@NULL@@			29
generator_qualityrapid_response	mqs	varchar(255)	YES	@@NULL@@			30
generator_registration_qrcode	id	bigint	NO	@@NULL@@	auto_increment		1
generator_registration_qrcode	remark	varchar(255)	YES	@@NULL@@			2
generator_registration_qrcode	modifier	varchar(255)	YES	@@NULL@@			3
generator_registration_qrcode	belong_dept	int	YES	@@NULL@@			4
generator_registration_qrcode	update_datetime	datetime(6)	YES	@@NULL@@			5
generator_registration_qrcode	create_datetime	datetime(6)	YES	@@NULL@@			6
generator_registration_qrcode	sort	int	YES	@@NULL@@			7
generator_registration_qrcode	state	tinyint(1)	YES	@@NULL@@			8
generator_registration_qrcode	type	varchar(20)	YES	@@NULL@@			9
generator_registration_qrcode	qrcode	varchar(255)	YES	@@NULL@@			10
generator_registration_qrcode	box_code	varchar(255)	YES	@@NULL@@			11
generator_registration_qrcode	creator_id	bigint	YES	@@NULL@@			12
generator_return_order	id	bigint	NO	@@NULL@@	auto_increment		1
generator_return_order	remark	varchar(255)	YES	@@NULL@@			2
generator_return_order	modifier	varchar(255)	YES	@@NULL@@			3
generator_return_order	belong_dept	int	YES	@@NULL@@			4
generator_return_order	update_datetime	datetime(6)	YES	@@NULL@@			5
generator_return_order	create_datetime	datetime(6)	YES	@@NULL@@			6
generator_return_order	sort	int	YES	@@NULL@@			7
generator_return_order	return_process	json	YES	@@NULL@@			8
generator_return_order	picture	json	YES	@@NULL@@			9
generator_return_order	phase	int	YES	@@NULL@@			10
generator_return_order	return_quantity	int	YES	@@NULL@@			11
generator_return_order	return_reason	varchar(50)	YES	@@NULL@@			12
generator_return_order	product_name	varchar(50)	YES	@@NULL@@			13
generator_return_order	belong	int	YES	@@NULL@@			14
generator_return_order	tracking_number	varchar(100)	YES	@@NULL@@			15
generator_return_order	return_number	varchar(20)	YES	@@NULL@@			16
generator_return_order	creator_id	bigint	YES	@@NULL@@			17
generator_return_order_detail	id	bigint	NO	@@NULL@@	auto_increment		1
generator_return_order_detail	remark	varchar(255)	YES	@@NULL@@			2
generator_return_order_detail	modifier	varchar(255)	YES	@@NULL@@			3
generator_return_order_detail	belong_dept	int	YES	@@NULL@@			4
generator_return_order_detail	update_datetime	datetime(6)	YES	@@NULL@@			5
generator_return_order_detail	create_datetime	datetime(6)	YES	@@NULL@@			6
generator_return_order_detail	sort	int	YES	@@NULL@@			7
generator_return_order_detail	inspection_record	json	YES	@@NULL@@			8
generator_return_order_detail	picture	json	YES	@@NULL@@			9
generator_return_order_detail	state	int	YES	@@NULL@@			10
generator_return_order_detail	is_returned_to_factory	tinyint(1)	YES	@@NULL@@			11
generator_return_order_detail	quantity	int	YES	@@NULL@@			12
generator_return_order_detail	qrcode	varchar(255)	YES	@@NULL@@			13
generator_return_order_detail	creator_id	bigint	YES	@@NULL@@			14
generator_return_order_detail	return_order_header_id	bigint	YES	@@NULL@@			15
generator_return_order_detail	is_rework_record_generated	tinyint(1)	YES	@@NULL@@			16
generator_rework_record_header	id	bigint	NO	@@NULL@@	auto_increment		1
generator_rework_record_header	remark	varchar(255)	YES	@@NULL@@			2
generator_rework_record_header	modifier	varchar(255)	YES	@@NULL@@			3
generator_rework_record_header	belong_dept	int	YES	@@NULL@@			4
generator_rework_record_header	update_datetime	datetime(6)	YES	@@NULL@@			5
generator_rework_record_header	create_datetime	datetime(6)	YES	@@NULL@@			6
generator_rework_record_header	sort	int	YES	@@NULL@@			7
generator_rework_record_header	approval_process	json	YES	@@NULL@@			8
generator_rework_record_header	picture	json	YES	@@NULL@@			9
generator_rework_record_header	phase	int	YES	@@NULL@@			10
generator_rework_record_header	exception_record_datetime	datetime	YES	@@NULL@@			11
generator_rework_record_header	line_name	varchar(40)	YES	@@NULL@@			12
generator_rework_record_header	product_name	varchar(50)	YES	@@NULL@@			13
generator_rework_record_header	rework_number	varchar(50)	YES	@@NULL@@			14
generator_rework_record_header	creator_id	bigint	YES	@@NULL@@			15
generator_rework_record_header	responsible_worker	varchar(20)	YES	@@NULL@@			16
generator_rework_record_header	coordinator	json	YES	@@NULL@@			17
generator_rework_record_header	message	json	YES	@@NULL@@			18
generator_rework_record_header	finished_picture	json	YES	@@NULL@@			19
generator_rework_record_header	category	int	YES	@@NULL@@			20
generator_rework_record_header	unqualified_content	varchar(255)	YES	@@NULL@@			21
generator_rework_record_header	repair_deadline	datetime	YES	@@NULL@@			22
generator_rework_record_header	_MASK_FROM_V2	timestamp	NO	CURRENT_TIMESTAMP	DEFAULT_GENERATED on update CURRENT_TIMESTAMP		23
generator_rework_record_header	belong	int	YES	@@NULL@@			24
generator_rework_record_header	quantity_limit	int	YES	@@NULL@@			25
generator_rework_record_header	finish_time	datetime(6)	YES	@@NULL@@			26
generator_rework_record_header	finisher	varchar(20)	YES	@@NULL@@			27
generator_roster	id	bigint	NO	@@NULL@@	auto_increment		1
generator_roster	remark	varchar(255)	YES	@@NULL@@			2
generator_roster	modifier	varchar(255)	YES	@@NULL@@			3
generator_roster	belong_dept	int	YES	@@NULL@@			4
generator_roster	update_datetime	datetime(6)	YES	@@NULL@@			5
generator_roster	create_datetime	datetime(6)	YES	@@NULL@@			6
generator_roster	sort	int	YES	@@NULL@@			7
generator_roster	avatar	varchar(255)	YES	@@NULL@@			8
generator_roster	wechat_id	varchar(20)	YES	@@NULL@@			9
generator_roster	contract_count	int	YES	@@NULL@@			10
generator_roster	emergency_contact_phone	varchar(30)	YES	@@NULL@@			11
generator_roster	emergency_contact_name	varchar(30)	YES	@@NULL@@			12
generator_roster	home_address	varchar(255)	YES	@@NULL@@			13
generator_roster	registered_address	varchar(255)	YES	@@NULL@@			14
generator_roster	phone	varchar(20)	YES	@@NULL@@			15
generator_roster	resignation_reason	varchar(255)	YES	@@NULL@@			16
generator_roster	resignation_date	date	YES	@@NULL@@			17
generator_roster	contract_end_date	date	YES	@@NULL@@			18
generator_roster	contract_start_date	date	YES	@@NULL@@			19
generator_roster	confirmation_date	date	YES	@@NULL@@			20
generator_roster	entry_date	date	YES	@@NULL@@			21
generator_roster	srcb_card_number	varchar(30)	YES	@@NULL@@			22
generator_roster	abc_card_number	varchar(30)	YES	@@NULL@@			23
generator_roster	company	varchar(20)	YES	@@NULL@@			24
generator_roster	provident_fund	tinyint(1)	YES	@@NULL@@			25
generator_roster	social_security	tinyint(1)	YES	@@NULL@@			26
generator_roster	health_report	varchar(10)	YES	@@NULL@@			27
generator_roster	employer_insurance	tinyint(1)	YES	@@NULL@@			28
generator_roster	residence_permit	tinyint(1)	YES	@@NULL@@			29
generator_roster	veteran_status	tinyint(1)	YES	@@NULL@@			30
generator_roster	political_status	varchar(10)	YES	@@NULL@@			31
generator_roster	work_certificate	varchar(100)	YES	@@NULL@@			32
generator_roster	major	varchar(30)	YES	@@NULL@@			33
generator_roster	education	varchar(20)	YES	@@NULL@@			34
generator_roster	location	varchar(30)	YES	@@NULL@@			35
generator_roster	position	varchar(30)	YES	@@NULL@@			36
generator_roster	department	varchar(30)	YES	@@NULL@@			37
generator_roster	employee_id	varchar(20)	YES	@@NULL@@			38
generator_roster	id_number	varchar(18)	YES	@@NULL@@			39
generator_roster	name	varchar(30)	YES	@@NULL@@			40
generator_roster	creator_id	bigint	YES	@@NULL@@			41
generator_roster	type_work	varchar(10)	YES	@@NULL@@			42
generator_roster	site	varchar(10)	YES	@@NULL@@			43
generator_safety_inspection	id	bigint	NO	@@NULL@@	auto_increment		1
generator_safety_inspection	remark	varchar(255)	YES	@@NULL@@			2
generator_safety_inspection	modifier	varchar(255)	YES	@@NULL@@			3
generator_safety_inspection	belong_dept	int	YES	@@NULL@@			4
generator_safety_inspection	update_datetime	datetime(6)	YES	@@NULL@@			5
generator_safety_inspection	create_datetime	datetime(6)	YES	@@NULL@@			6
generator_safety_inspection	sort	int	YES	@@NULL@@			7
generator_safety_inspection	cc	json	YES	@@NULL@@			8
generator_safety_inspection	img	json	YES	@@NULL@@			9
generator_safety_inspection	code	varchar(255)	YES	@@NULL@@			10
generator_safety_inspection	dot	varchar(20)	YES	@@NULL@@			11
generator_safety_inspection	area	varchar(20)	YES	@@NULL@@			12
generator_safety_inspection	error	varchar(20)	YES	@@NULL@@			13
generator_safety_inspection	inspector	varchar(20)	YES	@@NULL@@			14
generator_safety_inspection	creator_id	bigint	YES	@@NULL@@			15
generator_salary	id	bigint	NO	@@NULL@@	auto_increment		1
generator_salary	remark	varchar(255)	YES	@@NULL@@			2
generator_salary	modifier	varchar(255)	YES	@@NULL@@			3
generator_salary	belong_dept	int	YES	@@NULL@@			4
generator_salary	update_datetime	datetime(6)	YES	@@NULL@@			5
generator_salary	create_datetime	datetime(6)	YES	@@NULL@@			6
generator_salary	sort	int	YES	@@NULL@@			7
generator_salary	output_value	decimal(13,2)	YES	@@NULL@@			8
generator_salary	contribution_value	decimal(13,2)	YES	@@NULL@@			9
generator_salary	gross_wage	decimal(13,2)	YES	@@NULL@@			10
generator_salary	piece_rate_wage	decimal(13,2)	YES	@@NULL@@			11
generator_salary	hourly_wage	decimal(13,2)	YES	@@NULL@@			12
generator_salary	holiday_overtime	decimal(13,2)	YES	@@NULL@@			13
generator_salary	regular_overtime	decimal(13,2)	YES	@@NULL@@			14
generator_salary	normal_salary	decimal(13,2)	YES	@@NULL@@			15
generator_salary	night_shift_allowance	decimal(13,2)	YES	@@NULL@@			16
generator_salary	other_subsidies	decimal(13,2)	YES	@@NULL@@			17
generator_salary	reward	decimal(13,2)	YES	@@NULL@@			18
generator_salary	quality	decimal(13,2)	YES	@@NULL@@			19
generator_salary	overproduction	decimal(13,2)	YES	@@NULL@@			20
generator_salary	production_target	decimal(13,2)	YES	@@NULL@@			21
generator_salary	settlement_method	varchar(255)	YES	@@NULL@@			22
generator_salary	contribution_ratio	decimal(13,2)	YES	@@NULL@@			23
generator_salary	production_value	decimal(13,2)	YES	@@NULL@@			24
generator_salary	time_price	decimal(13,2)	YES	@@NULL@@			25
generator_salary	piecework_price	decimal(13,2)	YES	@@NULL@@			26
generator_salary	creator_id	bigint	YES	@@NULL@@			27
generator_salary	newscheduling_id	bigint	YES	@@NULL@@			28
generator_salary	pattern	varchar(20)	YES	@@NULL@@			29
generator_salary	is_change	tinyint(1)	YES	@@NULL@@			30
generator_salary	ticket_sum	decimal(13,2)	YES	@@NULL@@			31
generator_scheduling	id	bigint	NO	@@NULL@@	auto_increment		1
generator_scheduling	remark	varchar(255)	YES	@@NULL@@			2
generator_scheduling	modifier	varchar(255)	YES	@@NULL@@			3
generator_scheduling	belong_dept	int	YES	@@NULL@@			4
generator_scheduling	update_datetime	datetime(6)	YES	@@NULL@@			5
generator_scheduling	create_datetime	datetime(6)	YES	@@NULL@@			6
generator_scheduling	sort	int	YES	@@NULL@@			7
generator_scheduling	actual_output	int	YES	@@NULL@@			8
generator_scheduling	work_hours	decimal(13,1)	YES	@@NULL@@			9
generator_scheduling	date	date	YES	@@NULL@@			10
generator_scheduling	day_night	varchar(255)	YES	@@NULL@@			11
generator_scheduling	work_state	varchar(255)	YES	@@NULL@@			12
generator_scheduling	code_id	bigint	YES	@@NULL@@			13
generator_scheduling	creator_id	bigint	YES	@@NULL@@			14
generator_scheduling	production_line_id	bigint	YES	@@NULL@@			15
generator_scheduling	train_user_code_id	bigint	YES	@@NULL@@			16
generator_scheduling	plan_output	int	YES	@@NULL@@			17
generator_scheduling	downtime	int	YES	@@NULL@@			18
generator_settlement_bill	id	bigint	NO	@@NULL@@	auto_increment		1
generator_settlement_bill	remark	varchar(255)	YES	@@NULL@@			2
generator_settlement_bill	modifier	varchar(255)	YES	@@NULL@@			3
generator_settlement_bill	belong_dept	int	YES	@@NULL@@			4
generator_settlement_bill	update_datetime	datetime(6)	YES	@@NULL@@			5
generator_settlement_bill	create_datetime	datetime(6)	YES	@@NULL@@			6
generator_settlement_bill	sort	int	YES	@@NULL@@			7
generator_settlement_bill	bill_number	varchar(50)	YES	@@NULL@@			8
generator_settlement_bill	supplier_name	varchar(50)	YES	@@NULL@@			9
generator_settlement_bill	total_amount	decimal(13,2)	YES	@@NULL@@			10
generator_settlement_bill	invoiced_amount	decimal(13,2)	YES	@@NULL@@			11
generator_settlement_bill	paid_amount	decimal(13,2)	YES	@@NULL@@			12
generator_settlement_bill	due_amount	decimal(13,2)	YES	@@NULL@@			13
generator_settlement_bill	settlement_type	varchar(30)	YES	@@NULL@@			14
generator_settlement_bill	state	int	YES	@@NULL@@			15
generator_settlement_bill	is_closed	tinyint(1)	NO	@@NULL@@			16
generator_settlement_bill	creator_id	bigint	YES	@@NULL@@			17
generator_settlement_bill_detail	id	bigint	NO	@@NULL@@	auto_increment		1
generator_settlement_bill_detail	remark	varchar(255)	YES	@@NULL@@			2
generator_settlement_bill_detail	modifier	varchar(255)	YES	@@NULL@@			3
generator_settlement_bill_detail	belong_dept	int	YES	@@NULL@@			4
generator_settlement_bill_detail	update_datetime	datetime(6)	YES	@@NULL@@			5
generator_settlement_bill_detail	create_datetime	datetime(6)	YES	@@NULL@@			6
generator_settlement_bill_detail	sort	int	YES	@@NULL@@			7
generator_settlement_bill_detail	source_purchase_order_detail_id	bigint	YES	@@NULL@@			8
generator_settlement_bill_detail	allocated_quantity	decimal(13,2)	YES	@@NULL@@			9
generator_settlement_bill_detail	allocated_amount	decimal(13,2)	YES	@@NULL@@			10
generator_settlement_bill_detail	quantity_basis	varchar(30)	YES	@@NULL@@			11
generator_settlement_bill_detail	source_snapshot	json	YES	@@NULL@@			12
generator_settlement_bill_detail	creator_id	bigint	YES	@@NULL@@			13
generator_settlement_bill_detail	purchase_order_detail_id	bigint	YES	@@NULL@@			14
generator_settlement_bill_detail	settlement_bill_id	bigint	YES	@@NULL@@			15
generator_settlement_bill_detail_gh	id	bigint	NO	@@NULL@@	auto_increment		1
generator_settlement_bill_detail_gh	remark	varchar(255)	YES	@@NULL@@			2
generator_settlement_bill_detail_gh	modifier	varchar(255)	YES	@@NULL@@			3
generator_settlement_bill_detail_gh	belong_dept	int	YES	@@NULL@@			4
generator_settlement_bill_detail_gh	update_datetime	datetime(6)	YES	@@NULL@@			5
generator_settlement_bill_detail_gh	create_datetime	datetime(6)	YES	@@NULL@@			6
generator_settlement_bill_detail_gh	sort	int	YES	@@NULL@@			7
generator_settlement_bill_detail_gh	source_purchase_order_detail_id	bigint	YES	@@NULL@@			8
generator_settlement_bill_detail_gh	allocated_quantity	decimal(13,2)	YES	@@NULL@@			9
generator_settlement_bill_detail_gh	allocated_amount	decimal(13,2)	YES	@@NULL@@			10
generator_settlement_bill_detail_gh	quantity_basis	varchar(30)	YES	@@NULL@@			11
generator_settlement_bill_detail_gh	source_snapshot	json	YES	@@NULL@@			12
generator_settlement_bill_detail_gh	creator_id	bigint	YES	@@NULL@@			13
generator_settlement_bill_detail_gh	purchase_order_detail_id	bigint	YES	@@NULL@@			14
generator_settlement_bill_detail_gh	settlement_bill_id	bigint	YES	@@NULL@@			15
generator_settlement_bill_detail_tf	id	bigint	NO	@@NULL@@	auto_increment		1
generator_settlement_bill_detail_tf	remark	varchar(255)	YES	@@NULL@@			2
generator_settlement_bill_detail_tf	modifier	varchar(255)	YES	@@NULL@@			3
generator_settlement_bill_detail_tf	belong_dept	int	YES	@@NULL@@			4
generator_settlement_bill_detail_tf	update_datetime	datetime(6)	YES	@@NULL@@			5
generator_settlement_bill_detail_tf	create_datetime	datetime(6)	YES	@@NULL@@			6
generator_settlement_bill_detail_tf	sort	int	YES	@@NULL@@			7
generator_settlement_bill_detail_tf	source_purchase_order_detail_id	bigint	YES	@@NULL@@			8
generator_settlement_bill_detail_tf	allocated_quantity	decimal(13,2)	YES	@@NULL@@			9
generator_settlement_bill_detail_tf	allocated_amount	decimal(13,2)	YES	@@NULL@@			10
generator_settlement_bill_detail_tf	quantity_basis	varchar(30)	YES	@@NULL@@			11
generator_settlement_bill_detail_tf	source_snapshot	json	YES	@@NULL@@			12
generator_settlement_bill_detail_tf	creator_id	bigint	YES	@@NULL@@			13
generator_settlement_bill_detail_tf	purchase_order_detail_id	bigint	YES	@@NULL@@			14
generator_settlement_bill_detail_tf	settlement_bill_id	bigint	YES	@@NULL@@			15
generator_settlement_bill_detail_zt	id	bigint	NO	@@NULL@@	auto_increment		1
generator_settlement_bill_detail_zt	remark	varchar(255)	YES	@@NULL@@			2
generator_settlement_bill_detail_zt	modifier	varchar(255)	YES	@@NULL@@			3
generator_settlement_bill_detail_zt	belong_dept	int	YES	@@NULL@@			4
generator_settlement_bill_detail_zt	update_datetime	datetime(6)	YES	@@NULL@@			5
generator_settlement_bill_detail_zt	create_datetime	datetime(6)	YES	@@NULL@@			6
generator_settlement_bill_detail_zt	sort	int	YES	@@NULL@@			7
generator_settlement_bill_detail_zt	source_purchase_order_detail_id	bigint	YES	@@NULL@@			8
generator_settlement_bill_detail_zt	allocated_quantity	decimal(13,2)	YES	@@NULL@@			9
generator_settlement_bill_detail_zt	allocated_amount	decimal(13,2)	YES	@@NULL@@			10
generator_settlement_bill_detail_zt	quantity_basis	varchar(30)	YES	@@NULL@@			11
generator_settlement_bill_detail_zt	source_snapshot	json	YES	@@NULL@@			12
generator_settlement_bill_detail_zt	creator_id	bigint	YES	@@NULL@@			13
generator_settlement_bill_detail_zt	purchase_order_detail_id	bigint	YES	@@NULL@@			14
generator_settlement_bill_detail_zt	settlement_bill_id	bigint	YES	@@NULL@@			15
generator_settlement_bill_gh	id	bigint	NO	@@NULL@@	auto_increment		1
generator_settlement_bill_gh	remark	varchar(255)	YES	@@NULL@@			2
generator_settlement_bill_gh	modifier	varchar(255)	YES	@@NULL@@			3
generator_settlement_bill_gh	belong_dept	int	YES	@@NULL@@			4
generator_settlement_bill_gh	update_datetime	datetime(6)	YES	@@NULL@@			5
generator_settlement_bill_gh	create_datetime	datetime(6)	YES	@@NULL@@			6
generator_settlement_bill_gh	sort	int	YES	@@NULL@@			7
generator_settlement_bill_gh	bill_number	varchar(50)	YES	@@NULL@@			8
generator_settlement_bill_gh	supplier_name	varchar(50)	YES	@@NULL@@			9
generator_settlement_bill_gh	total_amount	decimal(13,2)	YES	@@NULL@@			10
generator_settlement_bill_gh	invoiced_amount	decimal(13,2)	YES	@@NULL@@			11
generator_settlement_bill_gh	paid_amount	decimal(13,2)	YES	@@NULL@@			12
generator_settlement_bill_gh	due_amount	decimal(13,2)	YES	@@NULL@@			13
generator_settlement_bill_gh	settlement_type	varchar(30)	YES	@@NULL@@			14
generator_settlement_bill_gh	state	int	YES	@@NULL@@			15
generator_settlement_bill_gh	is_closed	tinyint(1)	NO	@@NULL@@			16
generator_settlement_bill_gh	creator_id	bigint	YES	@@NULL@@			17
generator_settlement_bill_tf	id	bigint	NO	@@NULL@@	auto_increment		1
generator_settlement_bill_tf	remark	varchar(255)	YES	@@NULL@@			2
generator_settlement_bill_tf	modifier	varchar(255)	YES	@@NULL@@			3
generator_settlement_bill_tf	belong_dept	int	YES	@@NULL@@			4
generator_settlement_bill_tf	update_datetime	datetime(6)	YES	@@NULL@@			5
generator_settlement_bill_tf	create_datetime	datetime(6)	YES	@@NULL@@			6
generator_settlement_bill_tf	sort	int	YES	@@NULL@@			7
generator_settlement_bill_tf	bill_number	varchar(50)	YES	@@NULL@@			8
generator_settlement_bill_tf	supplier_name	varchar(50)	YES	@@NULL@@			9
generator_settlement_bill_tf	total_amount	decimal(13,2)	YES	@@NULL@@			10
generator_settlement_bill_tf	invoiced_amount	decimal(13,2)	YES	@@NULL@@			11
generator_settlement_bill_tf	paid_amount	decimal(13,2)	YES	@@NULL@@			12
generator_settlement_bill_tf	due_amount	decimal(13,2)	YES	@@NULL@@			13
generator_settlement_bill_tf	settlement_type	varchar(30)	YES	@@NULL@@			14
generator_settlement_bill_tf	state	int	YES	@@NULL@@			15
generator_settlement_bill_tf	is_closed	tinyint(1)	NO	@@NULL@@			16
generator_settlement_bill_tf	creator_id	bigint	YES	@@NULL@@			17
generator_settlement_bill_zt	id	bigint	NO	@@NULL@@	auto_increment		1
generator_settlement_bill_zt	remark	varchar(255)	YES	@@NULL@@			2
generator_settlement_bill_zt	modifier	varchar(255)	YES	@@NULL@@			3
generator_settlement_bill_zt	belong_dept	int	YES	@@NULL@@			4
generator_settlement_bill_zt	update_datetime	datetime(6)	YES	@@NULL@@			5
generator_settlement_bill_zt	create_datetime	datetime(6)	YES	@@NULL@@			6
generator_settlement_bill_zt	sort	int	YES	@@NULL@@			7
generator_settlement_bill_zt	bill_number	varchar(50)	YES	@@NULL@@			8
generator_settlement_bill_zt	supplier_name	varchar(50)	YES	@@NULL@@			9
generator_settlement_bill_zt	total_amount	decimal(13,2)	YES	@@NULL@@			10
generator_settlement_bill_zt	invoiced_amount	decimal(13,2)	YES	@@NULL@@			11
generator_settlement_bill_zt	paid_amount	decimal(13,2)	YES	@@NULL@@			12
generator_settlement_bill_zt	due_amount	decimal(13,2)	YES	@@NULL@@			13
generator_settlement_bill_zt	settlement_type	varchar(30)	YES	@@NULL@@			14
generator_settlement_bill_zt	state	int	YES	@@NULL@@			15
generator_settlement_bill_zt	is_closed	tinyint(1)	NO	@@NULL@@			16
generator_settlement_bill_zt	creator_id	bigint	YES	@@NULL@@			17
generator_settlement_invoice	id	bigint	NO	@@NULL@@	auto_increment		1
generator_settlement_invoice	remark	varchar(255)	YES	@@NULL@@			2
generator_settlement_invoice	modifier	varchar(255)	YES	@@NULL@@			3
generator_settlement_invoice	belong_dept	int	YES	@@NULL@@			4
generator_settlement_invoice	update_datetime	datetime(6)	YES	@@NULL@@			5
generator_settlement_invoice	create_datetime	datetime(6)	YES	@@NULL@@			6
generator_settlement_invoice	sort	int	YES	@@NULL@@			7
generator_settlement_invoice	invoice_code	varchar(50)	YES	@@NULL@@			8
generator_settlement_invoice	invoice_number	varchar(50)	YES	@@NULL@@			9
generator_settlement_invoice	invoice_date	date	YES	@@NULL@@			10
generator_settlement_invoice	total_amount	decimal(13,2)	YES	@@NULL@@			11
generator_settlement_invoice	due_amount	decimal(13,2)	YES	@@NULL@@			12
generator_settlement_invoice	state	int	YES	@@NULL@@			13
generator_settlement_invoice	file_url	json	YES	@@NULL@@			14
generator_settlement_invoice	creator_id	bigint	YES	@@NULL@@			15
generator_settlement_invoice	settlement_bill_id	bigint	YES	@@NULL@@			16
generator_settlement_invoice_detail	id	bigint	NO	@@NULL@@	auto_increment		1
generator_settlement_invoice_detail	remark	varchar(255)	YES	@@NULL@@			2
generator_settlement_invoice_detail	modifier	varchar(255)	YES	@@NULL@@			3
generator_settlement_invoice_detail	belong_dept	int	YES	@@NULL@@			4
generator_settlement_invoice_detail	update_datetime	datetime(6)	YES	@@NULL@@			5
generator_settlement_invoice_detail	create_datetime	datetime(6)	YES	@@NULL@@			6
generator_settlement_invoice_detail	sort	int	YES	@@NULL@@			7
generator_settlement_invoice_detail	invoice_quantity	decimal(13,2)	YES	@@NULL@@			8
generator_settlement_invoice_detail	unit_price	decimal(15,4)	YES	@@NULL@@			9
generator_settlement_invoice_detail	tax_rate	decimal(6,2)	YES	@@NULL@@			10
generator_settlement_invoice_detail	invoice_amount	decimal(13,2)	YES	@@NULL@@			11
generator_settlement_invoice_detail	creator_id	bigint	YES	@@NULL@@			12
generator_settlement_invoice_detail	settlement_bill_detail_id	bigint	YES	@@NULL@@			13
generator_settlement_invoice_detail	settlement_invoice_id	bigint	YES	@@NULL@@			14
generator_settlement_invoice_detail_gh	id	bigint	NO	@@NULL@@	auto_increment		1
generator_settlement_invoice_detail_gh	remark	varchar(255)	YES	@@NULL@@			2
generator_settlement_invoice_detail_gh	modifier	varchar(255)	YES	@@NULL@@			3
generator_settlement_invoice_detail_gh	belong_dept	int	YES	@@NULL@@			4
generator_settlement_invoice_detail_gh	update_datetime	datetime(6)	YES	@@NULL@@			5
generator_settlement_invoice_detail_gh	create_datetime	datetime(6)	YES	@@NULL@@			6
generator_settlement_invoice_detail_gh	sort	int	YES	@@NULL@@			7
generator_settlement_invoice_detail_gh	invoice_quantity	decimal(13,2)	YES	@@NULL@@			8
generator_settlement_invoice_detail_gh	unit_price	decimal(15,4)	YES	@@NULL@@			9
generator_settlement_invoice_detail_gh	tax_rate	decimal(6,2)	YES	@@NULL@@			10
generator_settlement_invoice_detail_gh	invoice_amount	decimal(13,2)	YES	@@NULL@@			11
generator_settlement_invoice_detail_gh	creator_id	bigint	YES	@@NULL@@			12
generator_settlement_invoice_detail_gh	settlement_bill_detail_id	bigint	YES	@@NULL@@			13
generator_settlement_invoice_detail_gh	settlement_invoice_id	bigint	YES	@@NULL@@			14
generator_settlement_invoice_detail_tf	id	bigint	NO	@@NULL@@	auto_increment		1
generator_settlement_invoice_detail_tf	remark	varchar(255)	YES	@@NULL@@			2
generator_settlement_invoice_detail_tf	modifier	varchar(255)	YES	@@NULL@@			3
generator_settlement_invoice_detail_tf	belong_dept	int	YES	@@NULL@@			4
generator_settlement_invoice_detail_tf	update_datetime	datetime(6)	YES	@@NULL@@			5
generator_settlement_invoice_detail_tf	create_datetime	datetime(6)	YES	@@NULL@@			6
generator_settlement_invoice_detail_tf	sort	int	YES	@@NULL@@			7
generator_settlement_invoice_detail_tf	invoice_quantity	decimal(13,2)	YES	@@NULL@@			8
generator_settlement_invoice_detail_tf	unit_price	decimal(15,4)	YES	@@NULL@@			9
generator_settlement_invoice_detail_tf	tax_rate	decimal(6,2)	YES	@@NULL@@			10
generator_settlement_invoice_detail_tf	invoice_amount	decimal(13,2)	YES	@@NULL@@			11
generator_settlement_invoice_detail_tf	creator_id	bigint	YES	@@NULL@@			12
generator_settlement_invoice_detail_tf	settlement_bill_detail_id	bigint	YES	@@NULL@@			13
generator_settlement_invoice_detail_tf	settlement_invoice_id	bigint	YES	@@NULL@@			14
generator_settlement_invoice_detail_zt	id	bigint	NO	@@NULL@@	auto_increment		1
generator_settlement_invoice_detail_zt	remark	varchar(255)	YES	@@NULL@@			2
generator_settlement_invoice_detail_zt	modifier	varchar(255)	YES	@@NULL@@			3
generator_settlement_invoice_detail_zt	belong_dept	int	YES	@@NULL@@			4
generator_settlement_invoice_detail_zt	update_datetime	datetime(6)	YES	@@NULL@@			5
generator_settlement_invoice_detail_zt	create_datetime	datetime(6)	YES	@@NULL@@			6
generator_settlement_invoice_detail_zt	sort	int	YES	@@NULL@@			7
generator_settlement_invoice_detail_zt	invoice_quantity	decimal(13,2)	YES	@@NULL@@			8
generator_settlement_invoice_detail_zt	unit_price	decimal(15,4)	YES	@@NULL@@			9
generator_settlement_invoice_detail_zt	tax_rate	decimal(6,2)	YES	@@NULL@@			10
generator_settlement_invoice_detail_zt	invoice_amount	decimal(13,2)	YES	@@NULL@@			11
generator_settlement_invoice_detail_zt	creator_id	bigint	YES	@@NULL@@			12
generator_settlement_invoice_detail_zt	settlement_bill_detail_id	bigint	YES	@@NULL@@			13
generator_settlement_invoice_detail_zt	settlement_invoice_id	bigint	YES	@@NULL@@			14
generator_settlement_invoice_gh	id	bigint	NO	@@NULL@@	auto_increment		1
generator_settlement_invoice_gh	remark	varchar(255)	YES	@@NULL@@			2
generator_settlement_invoice_gh	modifier	varchar(255)	YES	@@NULL@@			3
generator_settlement_invoice_gh	belong_dept	int	YES	@@NULL@@			4
generator_settlement_invoice_gh	update_datetime	datetime(6)	YES	@@NULL@@			5
generator_settlement_invoice_gh	create_datetime	datetime(6)	YES	@@NULL@@			6
generator_settlement_invoice_gh	sort	int	YES	@@NULL@@			7
generator_settlement_invoice_gh	invoice_code	varchar(50)	YES	@@NULL@@			8
generator_settlement_invoice_gh	invoice_number	varchar(50)	YES	@@NULL@@			9
generator_settlement_invoice_gh	invoice_date	date	YES	@@NULL@@			10
generator_settlement_invoice_gh	total_amount	decimal(13,2)	YES	@@NULL@@			11
generator_settlement_invoice_gh	due_amount	decimal(13,2)	YES	@@NULL@@			12
generator_settlement_invoice_gh	state	int	YES	@@NULL@@			13
generator_settlement_invoice_gh	file_url	json	YES	@@NULL@@			14
generator_settlement_invoice_gh	creator_id	bigint	YES	@@NULL@@			15
generator_settlement_invoice_gh	settlement_bill_id	bigint	YES	@@NULL@@			16
generator_settlement_invoice_payment_allocation	id	bigint	NO	@@NULL@@	auto_increment		1
generator_settlement_invoice_payment_allocation	remark	varchar(255)	YES	@@NULL@@			2
generator_settlement_invoice_payment_allocation	modifier	varchar(255)	YES	@@NULL@@			3
generator_settlement_invoice_payment_allocation	belong_dept	int	YES	@@NULL@@			4
generator_settlement_invoice_payment_allocation	update_datetime	datetime(6)	YES	@@NULL@@			5
generator_settlement_invoice_payment_allocation	create_datetime	datetime(6)	YES	@@NULL@@			6
generator_settlement_invoice_payment_allocation	sort	int	YES	@@NULL@@			7
generator_settlement_invoice_payment_allocation	amount	decimal(13,2)	YES	@@NULL@@			8
generator_settlement_invoice_payment_allocation	creator_id	bigint	YES	@@NULL@@			9
generator_settlement_invoice_payment_allocation	settlement_invoice_detail_id	bigint	YES	@@NULL@@			10
generator_settlement_invoice_payment_allocation	settlement_payment_allocation_id	bigint	YES	@@NULL@@			11
generator_settlement_invoice_payment_allocation_gh	id	bigint	NO	@@NULL@@	auto_increment		1
generator_settlement_invoice_payment_allocation_gh	remark	varchar(255)	YES	@@NULL@@			2
generator_settlement_invoice_payment_allocation_gh	modifier	varchar(255)	YES	@@NULL@@			3
generator_settlement_invoice_payment_allocation_gh	belong_dept	int	YES	@@NULL@@			4
generator_settlement_invoice_payment_allocation_gh	update_datetime	datetime(6)	YES	@@NULL@@			5
generator_settlement_invoice_payment_allocation_gh	create_datetime	datetime(6)	YES	@@NULL@@			6
generator_settlement_invoice_payment_allocation_gh	sort	int	YES	@@NULL@@			7
generator_settlement_invoice_payment_allocation_gh	amount	decimal(13,2)	YES	@@NULL@@			8
generator_settlement_invoice_payment_allocation_gh	creator_id	bigint	YES	@@NULL@@			9
generator_settlement_invoice_payment_allocation_gh	settlement_invoice_detail_id	bigint	YES	@@NULL@@			10
generator_settlement_invoice_payment_allocation_gh	settlement_payment_allocation_id	bigint	YES	@@NULL@@			11
generator_settlement_invoice_payment_allocation_tf	id	bigint	NO	@@NULL@@	auto_increment		1
generator_settlement_invoice_payment_allocation_tf	remark	varchar(255)	YES	@@NULL@@			2
generator_settlement_invoice_payment_allocation_tf	modifier	varchar(255)	YES	@@NULL@@			3
generator_settlement_invoice_payment_allocation_tf	belong_dept	int	YES	@@NULL@@			4
generator_settlement_invoice_payment_allocation_tf	update_datetime	datetime(6)	YES	@@NULL@@			5
generator_settlement_invoice_payment_allocation_tf	create_datetime	datetime(6)	YES	@@NULL@@			6
generator_settlement_invoice_payment_allocation_tf	sort	int	YES	@@NULL@@			7
generator_settlement_invoice_payment_allocation_tf	amount	decimal(13,2)	YES	@@NULL@@			8
generator_settlement_invoice_payment_allocation_tf	creator_id	bigint	YES	@@NULL@@			9
generator_settlement_invoice_payment_allocation_tf	settlement_invoice_detail_id	bigint	YES	@@NULL@@			10
generator_settlement_invoice_payment_allocation_tf	settlement_payment_allocation_id	bigint	YES	@@NULL@@			11
generator_settlement_invoice_payment_allocation_zt	id	bigint	NO	@@NULL@@	auto_increment		1
generator_settlement_invoice_payment_allocation_zt	remark	varchar(255)	YES	@@NULL@@			2
generator_settlement_invoice_payment_allocation_zt	modifier	varchar(255)	YES	@@NULL@@			3
generator_settlement_invoice_payment_allocation_zt	belong_dept	int	YES	@@NULL@@			4
generator_settlement_invoice_payment_allocation_zt	update_datetime	datetime(6)	YES	@@NULL@@			5
generator_settlement_invoice_payment_allocation_zt	create_datetime	datetime(6)	YES	@@NULL@@			6
generator_settlement_invoice_payment_allocation_zt	sort	int	YES	@@NULL@@			7
generator_settlement_invoice_payment_allocation_zt	amount	decimal(13,2)	YES	@@NULL@@			8
generator_settlement_invoice_payment_allocation_zt	creator_id	bigint	YES	@@NULL@@			9
generator_settlement_invoice_payment_allocation_zt	settlement_invoice_detail_id	bigint	YES	@@NULL@@			10
generator_settlement_invoice_payment_allocation_zt	settlement_payment_allocation_id	bigint	YES	@@NULL@@			11
generator_settlement_invoice_tf	id	bigint	NO	@@NULL@@	auto_increment		1
generator_settlement_invoice_tf	remark	varchar(255)	YES	@@NULL@@			2
generator_settlement_invoice_tf	modifier	varchar(255)	YES	@@NULL@@			3
generator_settlement_invoice_tf	belong_dept	int	YES	@@NULL@@			4
generator_settlement_invoice_tf	update_datetime	datetime(6)	YES	@@NULL@@			5
generator_settlement_invoice_tf	create_datetime	datetime(6)	YES	@@NULL@@			6
generator_settlement_invoice_tf	sort	int	YES	@@NULL@@			7
generator_settlement_invoice_tf	invoice_code	varchar(50)	YES	@@NULL@@			8
generator_settlement_invoice_tf	invoice_number	varchar(50)	YES	@@NULL@@			9
generator_settlement_invoice_tf	invoice_date	date	YES	@@NULL@@			10
generator_settlement_invoice_tf	total_amount	decimal(13,2)	YES	@@NULL@@			11
generator_settlement_invoice_tf	due_amount	decimal(13,2)	YES	@@NULL@@			12
generator_settlement_invoice_tf	state	int	YES	@@NULL@@			13
generator_settlement_invoice_tf	file_url	json	YES	@@NULL@@			14
generator_settlement_invoice_tf	creator_id	bigint	YES	@@NULL@@			15
generator_settlement_invoice_tf	settlement_bill_id	bigint	YES	@@NULL@@			16
generator_settlement_invoice_zt	id	bigint	NO	@@NULL@@	auto_increment		1
generator_settlement_invoice_zt	remark	varchar(255)	YES	@@NULL@@			2
generator_settlement_invoice_zt	modifier	varchar(255)	YES	@@NULL@@			3
generator_settlement_invoice_zt	belong_dept	int	YES	@@NULL@@			4
generator_settlement_invoice_zt	update_datetime	datetime(6)	YES	@@NULL@@			5
generator_settlement_invoice_zt	create_datetime	datetime(6)	YES	@@NULL@@			6
generator_settlement_invoice_zt	sort	int	YES	@@NULL@@			7
generator_settlement_invoice_zt	invoice_code	varchar(50)	YES	@@NULL@@			8
generator_settlement_invoice_zt	invoice_number	varchar(50)	YES	@@NULL@@			9
generator_settlement_invoice_zt	invoice_date	date	YES	@@NULL@@			10
generator_settlement_invoice_zt	total_amount	decimal(13,2)	YES	@@NULL@@			11
generator_settlement_invoice_zt	due_amount	decimal(13,2)	YES	@@NULL@@			12
generator_settlement_invoice_zt	state	int	YES	@@NULL@@			13
generator_settlement_invoice_zt	file_url	json	YES	@@NULL@@			14
generator_settlement_invoice_zt	creator_id	bigint	YES	@@NULL@@			15
generator_settlement_invoice_zt	settlement_bill_id	bigint	YES	@@NULL@@			16
generator_settlement_payment_allocation	id	bigint	NO	@@NULL@@	auto_increment		1
generator_settlement_payment_allocation	remark	varchar(255)	YES	@@NULL@@			2
generator_settlement_payment_allocation	modifier	varchar(255)	YES	@@NULL@@			3
generator_settlement_payment_allocation	belong_dept	int	YES	@@NULL@@			4
generator_settlement_payment_allocation	update_datetime	datetime(6)	YES	@@NULL@@			5
generator_settlement_payment_allocation	create_datetime	datetime(6)	YES	@@NULL@@			6
generator_settlement_payment_allocation	sort	int	YES	@@NULL@@			7
generator_settlement_payment_allocation	amount	decimal(13,2)	YES	@@NULL@@			8
generator_settlement_payment_allocation	creator_id	bigint	YES	@@NULL@@			9
generator_settlement_payment_allocation	payment_record_id	bigint	YES	@@NULL@@			10
generator_settlement_payment_allocation	settlement_bill_detail_id	bigint	YES	@@NULL@@			11
generator_settlement_payment_allocation_gh	id	bigint	NO	@@NULL@@	auto_increment		1
generator_settlement_payment_allocation_gh	remark	varchar(255)	YES	@@NULL@@			2
generator_settlement_payment_allocation_gh	modifier	varchar(255)	YES	@@NULL@@			3
generator_settlement_payment_allocation_gh	belong_dept	int	YES	@@NULL@@			4
generator_settlement_payment_allocation_gh	update_datetime	datetime(6)	YES	@@NULL@@			5
generator_settlement_payment_allocation_gh	create_datetime	datetime(6)	YES	@@NULL@@			6
generator_settlement_payment_allocation_gh	sort	int	YES	@@NULL@@			7
generator_settlement_payment_allocation_gh	amount	decimal(13,2)	YES	@@NULL@@			8
generator_settlement_payment_allocation_gh	creator_id	bigint	YES	@@NULL@@			9
generator_settlement_payment_allocation_gh	payment_record_id	bigint	YES	@@NULL@@			10
generator_settlement_payment_allocation_gh	settlement_bill_detail_id	bigint	YES	@@NULL@@			11
generator_settlement_payment_allocation_tf	id	bigint	NO	@@NULL@@	auto_increment		1
generator_settlement_payment_allocation_tf	remark	varchar(255)	YES	@@NULL@@			2
generator_settlement_payment_allocation_tf	modifier	varchar(255)	YES	@@NULL@@			3
generator_settlement_payment_allocation_tf	belong_dept	int	YES	@@NULL@@			4
generator_settlement_payment_allocation_tf	update_datetime	datetime(6)	YES	@@NULL@@			5
generator_settlement_payment_allocation_tf	create_datetime	datetime(6)	YES	@@NULL@@			6
generator_settlement_payment_allocation_tf	sort	int	YES	@@NULL@@			7
generator_settlement_payment_allocation_tf	amount	decimal(13,2)	YES	@@NULL@@			8
generator_settlement_payment_allocation_tf	creator_id	bigint	YES	@@NULL@@			9
generator_settlement_payment_allocation_tf	payment_record_id	bigint	YES	@@NULL@@			10
generator_settlement_payment_allocation_tf	settlement_bill_detail_id	bigint	YES	@@NULL@@			11
generator_settlement_payment_allocation_zt	id	bigint	NO	@@NULL@@	auto_increment		1
generator_settlement_payment_allocation_zt	remark	varchar(255)	YES	@@NULL@@			2
generator_settlement_payment_allocation_zt	modifier	varchar(255)	YES	@@NULL@@			3
generator_settlement_payment_allocation_zt	belong_dept	int	YES	@@NULL@@			4
generator_settlement_payment_allocation_zt	update_datetime	datetime(6)	YES	@@NULL@@			5
generator_settlement_payment_allocation_zt	create_datetime	datetime(6)	YES	@@NULL@@			6
generator_settlement_payment_allocation_zt	sort	int	YES	@@NULL@@			7
generator_settlement_payment_allocation_zt	amount	decimal(13,2)	YES	@@NULL@@			8
generator_settlement_payment_allocation_zt	creator_id	bigint	YES	@@NULL@@			9
generator_settlement_payment_allocation_zt	payment_record_id	bigint	YES	@@NULL@@			10
generator_settlement_payment_allocation_zt	settlement_bill_detail_id	bigint	YES	@@NULL@@			11
generator_shift_schedule	id	bigint	NO	@@NULL@@	auto_increment		1
generator_shift_schedule	remark	varchar(255)	YES	@@NULL@@			2
generator_shift_schedule	modifier	varchar(255)	YES	@@NULL@@			3
generator_shift_schedule	belong_dept	int	YES	@@NULL@@			4
generator_shift_schedule	update_datetime	datetime(6)	YES	@@NULL@@			5
generator_shift_schedule	create_datetime	datetime(6)	YES	@@NULL@@			6
generator_shift_schedule	sort	int	YES	@@NULL@@			7
generator_shift_schedule	site	varchar(20)	NO	@@NULL@@			8
generator_shift_schedule	dept	varchar(20)	YES	@@NULL@@			9
generator_shift_schedule	user	varchar(50)	NO	@@NULL@@			10
generator_shift_schedule	date	date	NO	@@NULL@@			11
generator_shift_schedule	shift	varchar(10)	NO	@@NULL@@			12
generator_shift_schedule	job_codes	json	YES	@@NULL@@			13
generator_shift_schedule	is_override	tinyint(1)	NO	@@NULL@@			14
generator_shift_schedule	creator_id	bigint	YES	@@NULL@@			15
generator_shift_template	id	bigint	NO	@@NULL@@	auto_increment		1
generator_shift_template	remark	varchar(255)	YES	@@NULL@@			2
generator_shift_template	modifier	varchar(255)	YES	@@NULL@@			3
generator_shift_template	belong_dept	int	YES	@@NULL@@			4
generator_shift_template	update_datetime	datetime(6)	YES	@@NULL@@			5
generator_shift_template	create_datetime	datetime(6)	YES	@@NULL@@			6
generator_shift_template	sort	int	YES	@@NULL@@			7
generator_shift_template	site	varchar(20)	NO	@@NULL@@			8
generator_shift_template	name	varchar(30)	NO	@@NULL@@			9
generator_shift_template	pattern_type	varchar(20)	NO	@@NULL@@			10
generator_shift_template	custom_pattern	json	YES	@@NULL@@			11
generator_shift_template	anchor_date	date	YES	@@NULL@@			12
generator_shift_template	rest_on_weekend	tinyint(1)	NO	@@NULL@@			13
generator_shift_template	creator_id	bigint	YES	@@NULL@@			14
generator_shift_template	dept	varchar(20)	YES	@@NULL@@			15
generator_shift_template_member	id	bigint	NO	@@NULL@@	auto_increment		1
generator_shift_template_member	remark	varchar(255)	YES	@@NULL@@			2
generator_shift_template_member	modifier	varchar(255)	YES	@@NULL@@			3
generator_shift_template_member	belong_dept	int	YES	@@NULL@@			4
generator_shift_template_member	update_datetime	datetime(6)	YES	@@NULL@@			5
generator_shift_template_member	create_datetime	datetime(6)	YES	@@NULL@@			6
generator_shift_template_member	sort	int	YES	@@NULL@@			7
generator_shift_template_member	user	varchar(50)	NO	@@NULL@@			8
generator_shift_template_member	site	varchar(20)	NO	@@NULL@@			9
generator_shift_template_member	dept	varchar(20)	YES	@@NULL@@			10
generator_shift_template_member	creator_id	bigint	YES	@@NULL@@			11
generator_shift_template_member	template_id	bigint	NO	@@NULL@@			12
generator_site_management	id	bigint	NO	@@NULL@@	auto_increment		1
generator_site_management	remark	varchar(255)	YES	@@NULL@@			2
generator_site_management	modifier	varchar(255)	YES	@@NULL@@			3
generator_site_management	belong_dept	int	YES	@@NULL@@			4
generator_site_management	update_datetime	datetime(6)	YES	@@NULL@@			5
generator_site_management	create_datetime	datetime(6)	YES	@@NULL@@			6
generator_site_management	sort	int	YES	@@NULL@@			7
generator_site_management	creator_id	bigint	YES	@@NULL@@			8
generator_site_management	completion_date_rectification	varchar(255)	YES	@@NULL@@			9
generator_site_management	deadline_rectification	varchar(255)	YES	@@NULL@@			10
generator_site_management	description_countermeasures	varchar(255)	YES	@@NULL@@			11
generator_site_management	inspection_ticket_number	varchar(255)	YES	@@NULL@@			12
generator_site_management	photo_rectification	varchar(255)	YES	@@NULL@@			13
generator_site_management	problem_description	varchar(255)	YES	@@NULL@@			14
generator_site_management	problem_discovery_date	varchar(255)	YES	@@NULL@@			15
generator_site_management	problem_image	varchar(255)	YES	@@NULL@@			16
generator_site_management	region_id	bigint	YES	@@NULL@@			17
generator_site_management	region_map	varchar(255)	YES	@@NULL@@			18
generator_site_management	responsible_person_id	bigint	YES	@@NULL@@			19
generator_site_management	inspection_states	varchar(255)	YES	@@NULL@@			20
generator_site_management	inspector_id	bigint	YES	@@NULL@@			21
generator_site_management	history	varchar(1000)	YES	@@NULL@@			22
generator_site_management	classification_5_s_id	bigint	YES	@@NULL@@			23
generator_site_management	inspection_standards	varchar(255)	YES	@@NULL@@			24
generator_site_management	problem_items	varchar(255)	YES	@@NULL@@			25
generator_site_management	responsible_department_id	bigint	YES	@@NULL@@			26
generator_site_management	rate	int	YES	@@NULL@@			27
generator_site_management	collaborators	json	YES	@@NULL@@			28
generator_site_management	problem_level	varchar(2)	YES	@@NULL@@			29
generator_summary_qualified_inspections_view	id	bigint	NO	0			1
generator_summary_qualified_inspections_view	remark	varchar(255)	YES	@@NULL@@			2
generator_summary_qualified_inspections_view	modifier	varchar(255)	YES	@@NULL@@			3
generator_summary_qualified_inspections_view	belong_dept	int	YES	@@NULL@@			4
generator_summary_qualified_inspections_view	update_datetime	datetime(6)	YES	@@NULL@@			5
generator_summary_qualified_inspections_view	create_datetime	datetime(6)	YES	@@NULL@@			6
generator_summary_qualified_inspections_view	sort	int	YES	@@NULL@@			7
generator_summary_qualified_inspections_view	status	varchar(10)	YES	@@NULL@@			8
generator_summary_qualified_inspections_view	leader	varchar(20)	YES	@@NULL@@			9
generator_summary_qualified_inspections_view	scrap_waste	int	YES	@@NULL@@			10
generator_summary_qualified_inspections_view	industrial_waste	int	YES	@@NULL@@			11
generator_summary_qualified_inspections_view	device_code	varchar(30)	YES	@@NULL@@			12
generator_summary_qualified_inspections_view	train_user	varchar(30)	YES	@@NULL@@			13
generator_summary_qualified_inspections_view	right	int	YES	@@NULL@@			14
generator_summary_qualified_inspections_view	left	int	YES	@@NULL@@			15
generator_summary_qualified_inspections_view	actual_output	int	YES	@@NULL@@			16
generator_summary_qualified_inspections_view	plan_output	int	YES	@@NULL@@			17
generator_summary_qualified_inspections_view	work_hours	decimal(13,2)	YES	@@NULL@@			18
generator_summary_qualified_inspections_view	work_state	varchar(20)	YES	@@NULL@@			19
generator_summary_qualified_inspections_view	job_code_name	varchar(80)	YES	@@NULL@@			20
generator_summary_qualified_inspections_view	day_night	varchar(20)	YES	@@NULL@@			21
generator_summary_qualified_inspections_view	working_system	varchar(20)	YES	@@NULL@@			22
generator_summary_qualified_inspections_view	user	varchar(20)	YES	@@NULL@@			23
generator_summary_qualified_inspections_view	dept	varchar(20)	YES	@@NULL@@			24
generator_summary_qualified_inspections_view	site	varchar(20)	YES	@@NULL@@			25
generator_summary_qualified_inspections_view	creator_id	bigint	YES	@@NULL@@			26
generator_summary_qualified_inspections_view	date	date	YES	@@NULL@@			27
generator_summary_qualified_inspections_view	product_name	varchar(50)	YES	@@NULL@@			28
generator_summary_qualified_inspections_view	product	varchar(50)	YES	@@NULL@@			29
generator_supplier	id	bigint	NO	@@NULL@@	auto_increment		1
generator_supplier	remark	varchar(255)	YES	@@NULL@@			2
generator_supplier	modifier	varchar(255)	YES	@@NULL@@			3
generator_supplier	belong_dept	int	YES	@@NULL@@			4
generator_supplier	update_datetime	datetime(6)	YES	@@NULL@@			5
generator_supplier	create_datetime	datetime(6)	YES	@@NULL@@			6
generator_supplier	sort	int	YES	@@NULL@@			7
generator_supplier	is_active	tinyint(1)	YES	@@NULL@@			8
generator_supplier	company_documents	json	YES	@@NULL@@			9
generator_supplier	represented_brands	varchar(255)	YES	@@NULL@@			10
generator_supplier	has_signed_agreement	tinyint(1)	YES	@@NULL@@			11
generator_supplier	payment_term	varchar(50)	YES	@@NULL@@			12
generator_supplier	category	varchar(50)	YES	@@NULL@@			13
generator_supplier	business_scope	varchar(255)	YES	@@NULL@@			14
generator_supplier	contact_phone	varchar(50)	YES	@@NULL@@			15
generator_supplier	contact_person	varchar(20)	YES	@@NULL@@			16
generator_supplier	address	varchar(255)	YES	@@NULL@@			17
generator_supplier	deposit_bank	varchar(50)	YES	@@NULL@@			18
generator_supplier	bank_account	varchar(50)	YES	@@NULL@@			19
generator_supplier	supplier_name	varchar(50)	YES	@@NULL@@			20
generator_supplier	use_dept	varchar(30)	YES	@@NULL@@			21
generator_supplier	creator_id	bigint	YES	@@NULL@@			22
generator_supplier	supplier_code	varchar(50)	YES	@@NULL@@			23
generator_supplier	email	varchar(50)	YES	@@NULL@@			24
generator_supplier_gh	id	bigint	NO	@@NULL@@	auto_increment		1
generator_supplier_gh	remark	varchar(255)	YES	@@NULL@@			2
generator_supplier_gh	modifier	varchar(255)	YES	@@NULL@@			3
generator_supplier_gh	belong_dept	int	YES	@@NULL@@			4
generator_supplier_gh	update_datetime	datetime(6)	YES	@@NULL@@			5
generator_supplier_gh	create_datetime	datetime(6)	YES	@@NULL@@			6
generator_supplier_gh	sort	int	YES	@@NULL@@			7
generator_supplier_gh	is_active	tinyint(1)	YES	@@NULL@@			8
generator_supplier_gh	company_documents	json	YES	@@NULL@@			9
generator_supplier_gh	represented_brands	varchar(255)	YES	@@NULL@@			10
generator_supplier_gh	has_signed_agreement	tinyint(1)	YES	@@NULL@@			11
generator_supplier_gh	payment_term	varchar(50)	YES	@@NULL@@			12
generator_supplier_gh	category	varchar(50)	YES	@@NULL@@			13
generator_supplier_gh	business_scope	varchar(255)	YES	@@NULL@@			14
generator_supplier_gh	email	varchar(50)	YES	@@NULL@@			15
generator_supplier_gh	contact_phone	varchar(50)	YES	@@NULL@@			16
generator_supplier_gh	contact_person	varchar(20)	YES	@@NULL@@			17
generator_supplier_gh	address	varchar(255)	YES	@@NULL@@			18
generator_supplier_gh	deposit_bank	varchar(50)	YES	@@NULL@@			19
generator_supplier_gh	bank_account	varchar(50)	YES	@@NULL@@			20
generator_supplier_gh	supplier_name	varchar(50)	YES	@@NULL@@			21
generator_supplier_gh	supplier_code	varchar(50)	YES	@@NULL@@			22
generator_supplier_gh	use_dept	varchar(30)	YES	@@NULL@@			23
generator_supplier_gh	creator_id	bigint	YES	@@NULL@@			24
generator_supplier_material_mapping	id	bigint	NO	@@NULL@@	auto_increment		1
generator_supplier_material_mapping	remark	varchar(255)	YES	@@NULL@@			2
generator_supplier_material_mapping	modifier	varchar(255)	YES	@@NULL@@			3
generator_supplier_material_mapping	belong_dept	int	YES	@@NULL@@			4
generator_supplier_material_mapping	update_datetime	datetime(6)	YES	@@NULL@@			5
generator_supplier_material_mapping	create_datetime	datetime(6)	YES	@@NULL@@			6
generator_supplier_material_mapping	sort	int	YES	@@NULL@@			7
generator_supplier_material_mapping	unit_price	decimal(15,4)	YES	@@NULL@@			8
generator_supplier_material_mapping	tax_rate	decimal(6,2)	YES	@@NULL@@			9
generator_supplier_material_mapping	period_type	varchar(50)	YES	@@NULL@@			10
generator_supplier_material_mapping	unit	varchar(10)	YES	@@NULL@@			11
generator_supplier_material_mapping	start_date	date	YES	@@NULL@@			12
generator_supplier_material_mapping	end_date	date	YES	@@NULL@@			13
generator_supplier_material_mapping	min_order_quantity	decimal(13,2)	YES	@@NULL@@			14
generator_supplier_material_mapping	creator_id	bigint	YES	@@NULL@@			15
generator_supplier_material_mapping	purchase_material_id	bigint	NO	@@NULL@@			16
generator_supplier_material_mapping	supplier_id	bigint	NO	@@NULL@@			17
generator_supplier_material_mapping_gh	id	bigint	NO	@@NULL@@	auto_increment		1
generator_supplier_material_mapping_gh	remark	varchar(255)	YES	@@NULL@@			2
generator_supplier_material_mapping_gh	modifier	varchar(255)	YES	@@NULL@@			3
generator_supplier_material_mapping_gh	belong_dept	int	YES	@@NULL@@			4
generator_supplier_material_mapping_gh	update_datetime	datetime(6)	YES	@@NULL@@			5
generator_supplier_material_mapping_gh	create_datetime	datetime(6)	YES	@@NULL@@			6
generator_supplier_material_mapping_gh	sort	int	YES	@@NULL@@			7
generator_supplier_material_mapping_gh	unit_price	decimal(15,4)	YES	@@NULL@@			8
generator_supplier_material_mapping_gh	tax_rate	decimal(6,2)	YES	@@NULL@@			9
generator_supplier_material_mapping_gh	period_type	varchar(50)	YES	@@NULL@@			10
generator_supplier_material_mapping_gh	unit	varchar(10)	YES	@@NULL@@			11
generator_supplier_material_mapping_gh	start_date	date	YES	@@NULL@@			12
generator_supplier_material_mapping_gh	end_date	date	YES	@@NULL@@			13
generator_supplier_material_mapping_gh	min_order_quantity	decimal(13,2)	YES	@@NULL@@			14
generator_supplier_material_mapping_gh	creator_id	bigint	YES	@@NULL@@			15
generator_supplier_material_mapping_gh	purchase_material_id	bigint	NO	@@NULL@@			16
generator_supplier_material_mapping_gh	supplier_id	bigint	NO	@@NULL@@			17
generator_supplier_material_mapping_tf	id	bigint	NO	@@NULL@@	auto_increment		1
generator_supplier_material_mapping_tf	remark	varchar(255)	YES	@@NULL@@			2
generator_supplier_material_mapping_tf	modifier	varchar(255)	YES	@@NULL@@			3
generator_supplier_material_mapping_tf	belong_dept	int	YES	@@NULL@@			4
generator_supplier_material_mapping_tf	update_datetime	datetime(6)	YES	@@NULL@@			5
generator_supplier_material_mapping_tf	create_datetime	datetime(6)	YES	@@NULL@@			6
generator_supplier_material_mapping_tf	sort	int	YES	@@NULL@@			7
generator_supplier_material_mapping_tf	unit_price	decimal(15,4)	YES	@@NULL@@			8
generator_supplier_material_mapping_tf	tax_rate	decimal(6,2)	YES	@@NULL@@			9
generator_supplier_material_mapping_tf	period_type	varchar(50)	YES	@@NULL@@			10
generator_supplier_material_mapping_tf	unit	varchar(10)	YES	@@NULL@@			11
generator_supplier_material_mapping_tf	start_date	date	YES	@@NULL@@			12
generator_supplier_material_mapping_tf	end_date	date	YES	@@NULL@@			13
generator_supplier_material_mapping_tf	min_order_quantity	decimal(13,2)	YES	@@NULL@@			14
generator_supplier_material_mapping_tf	creator_id	bigint	YES	@@NULL@@			15
generator_supplier_material_mapping_tf	purchase_material_id	bigint	NO	@@NULL@@			16
generator_supplier_material_mapping_tf	supplier_id	bigint	NO	@@NULL@@			17
generator_supplier_material_mapping_zt	id	bigint	NO	@@NULL@@	auto_increment		1
generator_supplier_material_mapping_zt	remark	varchar(255)	YES	@@NULL@@			2
generator_supplier_material_mapping_zt	modifier	varchar(255)	YES	@@NULL@@			3
generator_supplier_material_mapping_zt	belong_dept	int	YES	@@NULL@@			4
generator_supplier_material_mapping_zt	update_datetime	datetime(6)	YES	@@NULL@@			5
generator_supplier_material_mapping_zt	create_datetime	datetime(6)	YES	@@NULL@@			6
generator_supplier_material_mapping_zt	sort	int	YES	@@NULL@@			7
generator_supplier_material_mapping_zt	unit_price	decimal(15,4)	YES	@@NULL@@			8
generator_supplier_material_mapping_zt	tax_rate	decimal(6,2)	YES	@@NULL@@			9
generator_supplier_material_mapping_zt	period_type	varchar(50)	YES	@@NULL@@			10
generator_supplier_material_mapping_zt	unit	varchar(10)	YES	@@NULL@@			11
generator_supplier_material_mapping_zt	start_date	date	YES	@@NULL@@			12
generator_supplier_material_mapping_zt	end_date	date	YES	@@NULL@@			13
generator_supplier_material_mapping_zt	min_order_quantity	decimal(13,2)	YES	@@NULL@@			14
generator_supplier_material_mapping_zt	creator_id	bigint	YES	@@NULL@@			15
generator_supplier_material_mapping_zt	purchase_material_id	bigint	NO	@@NULL@@			16
generator_supplier_material_mapping_zt	supplier_id	bigint	NO	@@NULL@@			17
generator_supplier_tf	id	bigint	NO	@@NULL@@	auto_increment		1
generator_supplier_tf	remark	varchar(255)	YES	@@NULL@@			2
generator_supplier_tf	modifier	varchar(255)	YES	@@NULL@@			3
generator_supplier_tf	belong_dept	int	YES	@@NULL@@			4
generator_supplier_tf	update_datetime	datetime(6)	YES	@@NULL@@			5
generator_supplier_tf	create_datetime	datetime(6)	YES	@@NULL@@			6
generator_supplier_tf	sort	int	YES	@@NULL@@			7
generator_supplier_tf	is_active	tinyint(1)	YES	@@NULL@@			8
generator_supplier_tf	company_documents	json	YES	@@NULL@@			9
generator_supplier_tf	represented_brands	varchar(255)	YES	@@NULL@@			10
generator_supplier_tf	has_signed_agreement	tinyint(1)	YES	@@NULL@@			11
generator_supplier_tf	payment_term	varchar(50)	YES	@@NULL@@			12
generator_supplier_tf	category	varchar(50)	YES	@@NULL@@			13
generator_supplier_tf	business_scope	varchar(255)	YES	@@NULL@@			14
generator_supplier_tf	email	varchar(50)	YES	@@NULL@@			15
generator_supplier_tf	contact_phone	varchar(50)	YES	@@NULL@@			16
generator_supplier_tf	contact_person	varchar(20)	YES	@@NULL@@			17
generator_supplier_tf	address	varchar(255)	YES	@@NULL@@			18
generator_supplier_tf	deposit_bank	varchar(50)	YES	@@NULL@@			19
generator_supplier_tf	bank_account	varchar(50)	YES	@@NULL@@			20
generator_supplier_tf	supplier_name	varchar(50)	YES	@@NULL@@			21
generator_supplier_tf	supplier_code	varchar(50)	YES	@@NULL@@			22
generator_supplier_tf	use_dept	varchar(30)	YES	@@NULL@@			23
generator_supplier_tf	creator_id	bigint	YES	@@NULL@@			24
generator_supplier_zt	id	bigint	NO	@@NULL@@	auto_increment		1
generator_supplier_zt	remark	varchar(255)	YES	@@NULL@@			2
generator_supplier_zt	modifier	varchar(255)	YES	@@NULL@@			3
generator_supplier_zt	belong_dept	int	YES	@@NULL@@			4
generator_supplier_zt	update_datetime	datetime(6)	YES	@@NULL@@			5
generator_supplier_zt	create_datetime	datetime(6)	YES	@@NULL@@			6
generator_supplier_zt	sort	int	YES	@@NULL@@			7
generator_supplier_zt	is_active	tinyint(1)	YES	@@NULL@@			8
generator_supplier_zt	company_documents	json	YES	@@NULL@@			9
generator_supplier_zt	represented_brands	varchar(255)	YES	@@NULL@@			10
generator_supplier_zt	has_signed_agreement	tinyint(1)	YES	@@NULL@@			11
generator_supplier_zt	payment_term	varchar(50)	YES	@@NULL@@			12
generator_supplier_zt	category	varchar(50)	YES	@@NULL@@			13
generator_supplier_zt	business_scope	varchar(255)	YES	@@NULL@@			14
generator_supplier_zt	email	varchar(50)	YES	@@NULL@@			15
generator_supplier_zt	contact_phone	varchar(50)	YES	@@NULL@@			16
generator_supplier_zt	contact_person	varchar(20)	YES	@@NULL@@			17
generator_supplier_zt	address	varchar(255)	YES	@@NULL@@			18
generator_supplier_zt	deposit_bank	varchar(50)	YES	@@NULL@@			19
generator_supplier_zt	bank_account	varchar(50)	YES	@@NULL@@			20
generator_supplier_zt	supplier_name	varchar(50)	YES	@@NULL@@			21
generator_supplier_zt	supplier_code	varchar(50)	YES	@@NULL@@			22
generator_supplier_zt	use_dept	varchar(30)	YES	@@NULL@@			23
generator_supplier_zt	creator_id	bigint	YES	@@NULL@@			24
generator_take_tool	id	bigint	NO	@@NULL@@	auto_increment		1
generator_take_tool	remark	varchar(255)	YES	@@NULL@@			2
generator_take_tool	modifier	varchar(255)	YES	超级管理员			3
generator_take_tool	belong_dept	int	YES	@@NULL@@			4
generator_take_tool	update_datetime	datetime	YES	CURRENT_TIMESTAMP	DEFAULT_GENERATED on update CURRENT_TIMESTAMP		5
generator_take_tool	create_datetime	datetime	YES	CURRENT_TIMESTAMP	DEFAULT_GENERATED on update CURRENT_TIMESTAMP		6
generator_take_tool	sort	int	YES	1			7
generator_take_tool	_MASK_TO_V2	bigint	YES	@@NULL@@			8
generator_take_tool	remarks	longtext	YES	@@NULL@@			9
generator_take_tool	factory	varchar(255)	YES	@@NULL@@			10
generator_take_tool	cabinet_id	varchar(255)	YES	@@NULL@@			11
generator_take_tool	tool_borrower	varchar(255)	YES	@@NULL@@			12
generator_take_tool	model	varchar(255)	YES	@@NULL@@			13
generator_take_tool	supplier_name	varchar(255)	YES	@@NULL@@			14
generator_take_tool	bar_code	varchar(255)	YES	@@NULL@@			15
generator_take_tool	date_time	datetime(6)	YES	@@NULL@@			16
generator_take_tool	creator_id	bigint	YES	@@NULL@@			17
generator_take_tool	_MASK_FROM_V2	timestamp	NO	CURRENT_TIMESTAMP	DEFAULT_GENERATED on update CURRENT_TIMESTAMP		18
generator_test	id	bigint	NO	@@NULL@@	auto_increment		1
generator_test	remark	varchar(255)	YES	@@NULL@@			2
generator_test	modifier	varchar(255)	YES	@@NULL@@			3
generator_test	belong_dept	int	YES	@@NULL@@			4
generator_test	update_datetime	datetime(6)	YES	@@NULL@@			5
generator_test	create_datetime	datetime(6)	YES	@@NULL@@			6
generator_test	sort	int	YES	@@NULL@@			7
generator_test	icon	varchar(255)	YES	@@NULL@@			8
generator_test	sequence	decimal(13,4)	YES	@@NULL@@			9
generator_test	code	varchar(255)	YES	@@NULL@@			10
generator_test	name	varchar(255)	YES	@@NULL@@			11
generator_test	creator_id	bigint	YES	@@NULL@@			12
generator_test_demo	id	bigint	NO	@@NULL@@	auto_increment		1
generator_test_demo	remark	varchar(255)	YES	@@NULL@@			2
generator_test_demo	modifier	varchar(255)	YES	@@NULL@@			3
generator_test_demo	belong_dept	int	YES	@@NULL@@			4
generator_test_demo	update_datetime	datetime(6)	YES	@@NULL@@			5
generator_test_demo	create_datetime	datetime(6)	YES	@@NULL@@			6
generator_test_demo	sort	int	YES	@@NULL@@			7
generator_test_demo	des	longtext	YES	@@NULL@@			8
generator_test_demo	code	decimal(13,4)	YES	@@NULL@@			9
generator_test_demo	name	varchar(255)	YES	@@NULL@@			10
generator_test_demo	creator_id	bigint	YES	@@NULL@@			11
generator_tf_add_golduse	id	bigint	NO	@@NULL@@	auto_increment		1
generator_tf_add_golduse	remark	varchar(255)	YES	@@NULL@@			2
generator_tf_add_golduse	modifier	varchar(255)	YES	@@NULL@@			3
generator_tf_add_golduse	belong_dept	int	YES	@@NULL@@			4
generator_tf_add_golduse	update_datetime	datetime(6)	YES	@@NULL@@			5
generator_tf_add_golduse	create_datetime	datetime(6)	YES	@@NULL@@			6
generator_tf_add_golduse	sort	int	YES	@@NULL@@			7
generator_tf_add_golduse	cover	int	YES	@@NULL@@			8
generator_tf_add_golduse	pregnanter	decimal(5,2)	YES	@@NULL@@			9
generator_tf_add_golduse	baller	decimal(5,2)	YES	@@NULL@@			10
generator_tf_add_golduse	date_time	datetime(6)	YES	@@NULL@@			11
generator_tf_add_golduse	number	int	YES	@@NULL@@			12
generator_tf_add_golduse	furnace_number	int	YES	@@NULL@@			13
generator_tf_add_golduse	creator_id	bigint	YES	@@NULL@@			14
generator_tf_add_golduse	date_only	date	YES	@@NULL@@			15
generator_tf_add_golduse_production_plan	id	bigint	NO	@@NULL@@	auto_increment		1
generator_tf_add_golduse_production_plan	tfaddgolduse_id	bigint	NO	@@NULL@@			2
generator_tf_add_golduse_production_plan	productionplan_id	bigint	NO	@@NULL@@			3
generator_tf_cast_inspection	id	bigint	NO	@@NULL@@	auto_increment		1
generator_tf_cast_inspection	remark	varchar(255)	YES	@@NULL@@			2
generator_tf_cast_inspection	modifier	varchar(255)	YES	@@NULL@@			3
generator_tf_cast_inspection	belong_dept	int	YES	@@NULL@@			4
generator_tf_cast_inspection	update_datetime	datetime(6)	YES	@@NULL@@			5
generator_tf_cast_inspection	create_datetime	datetime(6)	YES	@@NULL@@			6
generator_tf_cast_inspection	sort	int	YES	@@NULL@@			7
generator_tf_cast_inspection	inspectors	varchar(30)	YES	@@NULL@@			8
generator_tf_cast_inspection	carbide	decimal(5,2)	YES	@@NULL@@			9
generator_tf_cast_inspection	pearlite	decimal(5,2)	YES	@@NULL@@			10
generator_tf_cast_inspection	ball_rate	decimal(5,2)	YES	@@NULL@@			11
generator_tf_cast_inspection	type	varchar(30)	YES	@@NULL@@			12
generator_tf_cast_inspection	measured_hardness	int	YES	@@NULL@@			13
generator_tf_cast_inspection	creator_id	bigint	YES	@@NULL@@			14
generator_tf_cast_inspection	furnace_number	int	YES	@@NULL@@			15
generator_tf_cast_inspection	date_only	date	YES	@@NULL@@			16
generator_tf_cast_inspection	date_time	datetime(6)	YES	@@NULL@@			17
generator_tf_cast_inspection_production_plan	id	bigint	NO	@@NULL@@	auto_increment		1
generator_tf_cast_inspection_production_plan	tfcastinspection_id	bigint	NO	@@NULL@@			2
generator_tf_cast_inspection_production_plan	productionplan_id	bigint	NO	@@NULL@@			3
generator_tf_coremaking	id	bigint	NO	@@NULL@@	auto_increment		1
generator_tf_coremaking	remark	varchar(255)	YES	@@NULL@@			2
generator_tf_coremaking	modifier	varchar(255)	YES	@@NULL@@			3
generator_tf_coremaking	belong_dept	int	YES	@@NULL@@			4
generator_tf_coremaking	update_datetime	datetime(6)	YES	@@NULL@@			5
generator_tf_coremaking	create_datetime	datetime(6)	YES	@@NULL@@			6
generator_tf_coremaking	sort	int	YES	@@NULL@@			7
generator_tf_coremaking	use_log	json	YES	@@NULL@@			8
generator_tf_coremaking	bake_log	json	YES	@@NULL@@			9
generator_tf_coremaking	remaining_qty	int	YES	@@NULL@@			10
generator_tf_coremaking	checkout_time	datetime(6)	YES	@@NULL@@			11
generator_tf_coremaking	chromatism	int	YES	@@NULL@@			12
generator_tf_coremaking	bad_seam	varchar(20)	YES	@@NULL@@			13
generator_tf_coremaking	checkout_u	varchar(30)	YES	@@NULL@@			14
generator_tf_coremaking	temper	int	YES	@@NULL@@			15
generator_tf_coremaking	handlers	varchar(30)	YES	@@NULL@@			16
generator_tf_coremaking	number	int	YES	@@NULL@@			17
generator_tf_coremaking	crusting	int	YES	@@NULL@@			18
generator_tf_coremaking	incrustation	int	YES	@@NULL@@			19
generator_tf_coremaking	date_time	date	YES	@@NULL@@			20
generator_tf_coremaking	sand_count_id	bigint	YES	@@NULL@@			21
generator_tf_coremaking	device_code	varchar(50)	YES	@@NULL@@			22
generator_tf_coremaking	tf_product_name	varchar(30)	YES	@@NULL@@			23
generator_tf_coremaking	core_number	varchar(50)	YES	@@NULL@@			24
generator_tf_coremaking	creator_id	bigint	YES	@@NULL@@			25
generator_tf_coremaking	production_date	varchar(60)	YES	@@NULL@@			26
generator_tf_coremaking	mould_id	bigint	YES	@@NULL@@			27
generator_tf_coremaking	_MASK_FROM_V2	timestamp	NO	CURRENT_TIMESTAMP	DEFAULT_GENERATED on update CURRENT_TIMESTAMP		28
generator_tf_coremaking	exception_declaration	varchar(255)	YES	@@NULL@@			29
generator_tf_coremaking	picture	json	YES	@@NULL@@			30
generator_tf_coremaking_batch_relation	id	bigint	NO	@@NULL@@	auto_increment	主键ID	1
generator_tf_coremaking_batch_relation	batch_number	varchar(120)	NO	@@NULL@@		批次号（与主页关联）	2
generator_tf_coremaking_batch_relation	coremaking_id	bigint	NO	@@NULL@@		关联制芯管理主表ID	3
generator_tf_coremaking_batch_relation	create_datetime	datetime	NO	CURRENT_TIMESTAMP	DEFAULT_GENERATED	创建时间（继承CoreModel）	4
generator_tf_furnace_power_display	id	bigint	NO	@@NULL@@	auto_increment		1
generator_tf_furnace_power_display	remark	varchar(255)	YES	@@NULL@@			2
generator_tf_furnace_power_display	modifier	varchar(255)	YES	@@NULL@@			3
generator_tf_furnace_power_display	belong_dept	int	YES	@@NULL@@			4
generator_tf_furnace_power_display	update_datetime	datetime(6)	YES	@@NULL@@			5
generator_tf_furnace_power_display	create_datetime	datetime(6)	YES	@@NULL@@			6
generator_tf_furnace_power_display	sort	int	YES	@@NULL@@			7
generator_tf_furnace_power_display	Instantaneous_power_of_furnace_D	varchar(255)	YES	@@NULL@@			8
generator_tf_furnace_power_display	Instantaneous_power_of_furnace_C	varchar(255)	YES	@@NULL@@			9
generator_tf_furnace_power_display	Instantaneous_power_of_furnace_B	varchar(255)	YES	@@NULL@@			10
generator_tf_furnace_power_display	Instantaneous_power_of_furnace_A	varchar(255)	YES	@@NULL@@			11
generator_tf_furnace_power_display	total_instantaneous_power	varchar(255)	YES	@@NULL@@			12
generator_tf_furnace_power_display	date	datetime(6)	YES	@@NULL@@			13
generator_tf_furnace_power_display	creator_id	bigint	YES	@@NULL@@			14
generator_tf_furnace_power_display	_MASK_TO_V2	bigint	YES	@@NULL@@			15
generator_tf_furnace_power_display	total_power	varchar(255)	YES	@@NULL@@			16
generator_tf_furnace_situation	id	bigint	NO	@@NULL@@	auto_increment		1
generator_tf_furnace_situation	remark	varchar(255)	YES	@@NULL@@			2
generator_tf_furnace_situation	modifier	varchar(255)	YES	@@NULL@@			3
generator_tf_furnace_situation	belong_dept	int	YES	@@NULL@@			4
generator_tf_furnace_situation	update_datetime	datetime(6)	YES	@@NULL@@			5
generator_tf_furnace_situation	create_datetime	datetime(6)	YES	@@NULL@@			6
generator_tf_furnace_situation	sort	int	YES	@@NULL@@			7
generator_tf_furnace_situation	abnormal_production_situation	varchar(255)	YES	@@NULL@@			8
generator_tf_furnace_situation	furnace_information	varchar(255)	YES	@@NULL@@			9
generator_tf_furnace_situation	date	date	YES	@@NULL@@			10
generator_tf_furnace_situation	creator_id	bigint	YES	@@NULL@@			11
generator_tf_furnace_situation	furnace_number	varchar(10)	YES	@@NULL@@			12
generator_tf_furnace_situation	wall_thickness	double	YES	@@NULL@@			13
generator_tf_furnace_situation	depth	double	YES	@@NULL@@			14
generator_tf_furnace_smelt	id	bigint	NO	@@NULL@@	auto_increment		1
generator_tf_furnace_smelt	remark	varchar(255)	YES	@@NULL@@			2
generator_tf_furnace_smelt	modifier	varchar(255)	YES	@@NULL@@			3
generator_tf_furnace_smelt	belong_dept	int	YES	@@NULL@@			4
generator_tf_furnace_smelt	update_datetime	datetime(6)	YES	@@NULL@@			5
generator_tf_furnace_smelt	create_datetime	datetime(6)	YES	@@NULL@@			6
generator_tf_furnace_smelt	sort	int	YES	@@NULL@@			7
generator_tf_furnace_smelt	carbon_Si	decimal(6,3)	YES	@@NULL@@			8
generator_tf_furnace_smelt	carbon_C	decimal(6,3)	YES	@@NULL@@			9
generator_tf_furnace_smelt	spectrum_Sn	decimal(6,3)	YES	@@NULL@@			10
generator_tf_furnace_smelt	spectrum_Mg	decimal(6,3)	YES	@@NULL@@			11
generator_tf_furnace_smelt	spectrum_Cu	decimal(6,3)	YES	@@NULL@@			12
generator_tf_furnace_smelt	spectrum_Mn	decimal(6,3)	YES	@@NULL@@			13
generator_tf_furnace_smelt	spectrum_Si	decimal(6,3)	YES	@@NULL@@			14
generator_tf_furnace_smelt	spectrum_C	decimal(6,3)	YES	@@NULL@@			15
generator_tf_furnace_smelt	date_time	datetime(6)	YES	@@NULL@@			16
generator_tf_furnace_smelt	state	int	YES	@@NULL@@			17
generator_tf_furnace_smelt	furnace_number	int	YES	@@NULL@@			18
generator_tf_furnace_smelt	creator_id	bigint	YES	@@NULL@@			19
generator_tf_furnace_smelt	date_only	date	YES	@@NULL@@			20
generator_tf_furnace_smelt	spectrum_Cr	decimal(6,3)	YES	@@NULL@@			21
generator_tf_furnace_smelt	spectrum_P	decimal(6,3)	YES	@@NULL@@			22
generator_tf_furnace_smelt	spectrum_S	decimal(6,3)	YES	@@NULL@@			23
generator_tf_furnace_smelt_production_plan	id	bigint	NO	@@NULL@@	auto_increment		1
generator_tf_furnace_smelt_production_plan	tffurnacesmelt_id	bigint	NO	@@NULL@@			2
generator_tf_furnace_smelt_production_plan	productionplan_id	bigint	NO	@@NULL@@			3
generator_tf_mould	id	bigint	NO	@@NULL@@	auto_increment		1
generator_tf_mould	remark	varchar(255)	YES	@@NULL@@			2
generator_tf_mould	modifier	varchar(255)	YES	@@NULL@@			3
generator_tf_mould	belong_dept	int	YES	@@NULL@@			4
generator_tf_mould	update_datetime	datetime(6)	YES	@@NULL@@			5
generator_tf_mould	create_datetime	datetime(6)	YES	@@NULL@@			6
generator_tf_mould	sort	int	YES	@@NULL@@			7
generator_tf_mould	sum_count	int	YES	0			8
generator_tf_mould	entry_time	date	YES	@@NULL@@			9
generator_tf_mould	manufacturers	varchar(255)	YES	@@NULL@@			10
generator_tf_mould	code	varchar(255)	YES	@@NULL@@			11
generator_tf_mould	type	varchar(255)	YES	@@NULL@@			12
generator_tf_mould	product_name	varchar(255)	YES	@@NULL@@			13
generator_tf_mould	mould_number	varchar(255)	YES	@@NULL@@			14
generator_tf_mould	creator_id	bigint	YES	@@NULL@@			15
generator_tf_mould_daily	id	bigint	NO	@@NULL@@	auto_increment		1
generator_tf_mould_daily	remark	varchar(255)	YES	@@NULL@@			2
generator_tf_mould_daily	modifier	varchar(255)	YES	泰峰同步			3
generator_tf_mould_daily	belong_dept	int	YES	@@NULL@@			4
generator_tf_mould_daily	update_datetime	datetime(6)	YES	CURRENT_TIMESTAMP(6)	DEFAULT_GENERATED on update CURRENT_TIMESTAMP(6)		5
generator_tf_mould_daily	create_datetime	datetime(6)	YES	CURRENT_TIMESTAMP(6)	DEFAULT_GENERATED on update CURRENT_TIMESTAMP(6)		6
generator_tf_mould_daily	sort	int	YES	1			7
generator_tf_mould_daily	mould_confirmation	int	YES	1			8
generator_tf_mould_daily	stop_statistics	longtext	YES	@@NULL@@			9
generator_tf_mould_daily	updown_model	int	YES	@@NULL@@			10
generator_tf_mould_daily	mould_number	int	YES	@@NULL@@			11
generator_tf_mould_daily	batch_number	varchar(30)	YES	@@NULL@@			12
generator_tf_mould_daily	tf_product_type	varchar(30)	YES	@@NULL@@			13
generator_tf_mould_daily	time	int	YES	@@NULL@@			14
generator_tf_mould_daily	tf_product_name	varchar(30)	YES	@@NULL@@			15
generator_tf_mould_daily	serial_number	int	YES	@@NULL@@			16
generator_tf_mould_daily	mould_worker	varchar(50)	YES	@@NULL@@			17
generator_tf_mould_daily	work_date	datetime(6)	YES	@@NULL@@			18
generator_tf_mould_daily	classes	varchar(30)	YES	夜班			19
generator_tf_mould_daily	creator_id	bigint	YES	@@NULL@@			20
generator_tf_mould_daily	mold_release	decimal(8,2)	YES	@@NULL@@			21
generator_tf_mould_daily	strainer	decimal(8,2)	YES	@@NULL@@			22
generator_tf_mould_daily	hardness_down	int	YES	@@NULL@@			23
generator_tf_mould_daily	hardness_up	int	YES	@@NULL@@			24
generator_tf_mould_daily	height_down	int	YES	@@NULL@@			25
generator_tf_mould_daily	height_up	int	YES	@@NULL@@			26
generator_tf_mould_daily	press_down	decimal(4,2)	YES	@@NULL@@			27
generator_tf_mould_daily	press_up	decimal(4,2)	YES	@@NULL@@			28
generator_tf_mould_daily	strainer_filter	varchar(50)	YES	@@NULL@@			29
generator_tf_mould_daily	_MASK_TO_V2	bigint	YES	@@NULL@@			30
generator_tf_mould_operate	id	bigint	NO	@@NULL@@	auto_increment		1
generator_tf_mould_operate	remark	varchar(255)	YES	@@NULL@@			2
generator_tf_mould_operate	modifier	varchar(255)	YES	@@NULL@@			3
generator_tf_mould_operate	belong_dept	int	YES	@@NULL@@			4
generator_tf_mould_operate	update_datetime	datetime(6)	YES	@@NULL@@			5
generator_tf_mould_operate	create_datetime	datetime(6)	YES	@@NULL@@			6
generator_tf_mould_operate	sort	int	YES	@@NULL@@			7
generator_tf_mould_operate	number	varchar(255)	YES	@@NULL@@			8
generator_tf_mould_operate	date_time	varchar(255)	YES	@@NULL@@			9
generator_tf_mould_operate	type	varchar(255)	YES	@@NULL@@			10
generator_tf_mould_operate	mould_id	bigint	YES	@@NULL@@			11
generator_tf_mould_operate	creator_id	bigint	YES	@@NULL@@			12
generator_tf_mould_operate	img	varchar(255)	YES	@@NULL@@			13
generator_tf_mould_scanreport	id	bigint	NO	@@NULL@@	auto_increment		1
generator_tf_mould_scanreport	remark	varchar(255)	YES	@@NULL@@			2
generator_tf_mould_scanreport	modifier	varchar(255)	YES	@@NULL@@			3
generator_tf_mould_scanreport	belong_dept	int	YES	@@NULL@@			4
generator_tf_mould_scanreport	update_datetime	datetime(6)	YES	@@NULL@@			5
generator_tf_mould_scanreport	create_datetime	datetime(6)	YES	@@NULL@@			6
generator_tf_mould_scanreport	sort	int	YES	@@NULL@@			7
generator_tf_mould_scanreport	scan_report	varchar(255)	YES	@@NULL@@			8
generator_tf_mould_scanreport	scan_date	date	YES	@@NULL@@			9
generator_tf_mould_scanreport	code_id	bigint	YES	@@NULL@@			10
generator_tf_mould_scanreport	creator_id	bigint	YES	@@NULL@@			11
generator_tf_mould_scanreport	sum_count	int	YES	@@NULL@@			12
generator_tf_pouring_records	id	bigint	NO	@@NULL@@	auto_increment		1
generator_tf_pouring_records	remark	varchar(255)	YES	@@NULL@@			2
generator_tf_pouring_records	modifier	varchar(255)	YES	@@NULL@@			3
generator_tf_pouring_records	belong_dept	int	YES	@@NULL@@			4
generator_tf_pouring_records	update_datetime	datetime(6)	YES	@@NULL@@			5
generator_tf_pouring_records	create_datetime	datetime(6)	YES	@@NULL@@			6
generator_tf_pouring_records	sort	int	YES	@@NULL@@			7
generator_tf_pouring_records	bad_number	int	YES	@@NULL@@			8
generator_tf_pouring_records	last_temper	int	YES	@@NULL@@			9
generator_tf_pouring_records	first_temper	int	YES	@@NULL@@			10
generator_tf_pouring_records	pouring_temper	int	YES	@@NULL@@			11
generator_tf_pouring_records	pouring_number	int	YES	@@NULL@@			12
generator_tf_pouring_records	number	int	YES	@@NULL@@			13
generator_tf_pouring_records	date_time	datetime(6)	YES	@@NULL@@			14
generator_tf_pouring_records	furnace_number	int	YES	@@NULL@@			15
generator_tf_pouring_records	creator_id	bigint	YES	@@NULL@@			16
generator_tf_pouring_records	date_only	date	YES	@@NULL@@			17
generator_tf_pouring_records_production_plan	id	bigint	NO	@@NULL@@	auto_increment		1
generator_tf_pouring_records_production_plan	tfpouringrecords_id	bigint	NO	@@NULL@@			2
generator_tf_pouring_records_production_plan	productionplan_id	bigint	NO	@@NULL@@			3
generator_tf_product	id	bigint	NO	@@NULL@@	auto_increment		1
generator_tf_product	remark	varchar(255)	YES	@@NULL@@			2
generator_tf_product	modifier	varchar(255)	YES	@@NULL@@			3
generator_tf_product	belong_dept	int	YES	@@NULL@@			4
generator_tf_product	update_datetime	datetime(6)	YES	@@NULL@@			5
generator_tf_product	create_datetime	datetime(6)	YES	@@NULL@@			6
generator_tf_product	sort	int	YES	@@NULL@@			7
generator_tf_product	is_active	int	YES	@@NULL@@			8
generator_tf_product	weight	decimal(10,2)	YES	@@NULL@@			9
generator_tf_product	code	varchar(30)	YES	@@NULL@@			10
generator_tf_product	type	varchar(30)	YES	@@NULL@@			11
generator_tf_product	name	varchar(30)	YES	@@NULL@@			12
generator_tf_product	creator_id	bigint	YES	@@NULL@@			13
generator_tf_product	number	int	YES	@@NULL@@			14
generator_tf_product	rigidity_range	varchar(40)	YES	@@NULL@@			15
generator_tf_production_plan	id	bigint	NO	@@NULL@@	auto_increment		1
generator_tf_production_plan	modifier	varchar(255)	YES	@@NULL@@			2
generator_tf_production_plan	belong_dept	int	YES	@@NULL@@			3
generator_tf_production_plan	update_datetime	datetime(6)	YES	@@NULL@@			4
generator_tf_production_plan	create_datetime	datetime(6)	YES	@@NULL@@			5
generator_tf_production_plan	sort	int	YES	@@NULL@@			6
generator_tf_production_plan	planned_production	int	YES	@@NULL@@			7
generator_tf_production_plan	remark	varchar(255)	YES	@@NULL@@			8
generator_tf_production_plan	batch_number	varchar(30)	YES	@@NULL@@			9
generator_tf_production_plan	serial_number	int	YES	@@NULL@@			10
generator_tf_production_plan	date	date	YES	@@NULL@@			11
generator_tf_production_plan	creator_id	bigint	YES	@@NULL@@			12
generator_tf_production_plan	production_number	varchar(255)	YES	@@NULL@@			13
generator_tf_production_plan	actual_production	int	YES	@@NULL@@			14
generator_tf_production_plan	batch_status	int	YES	@@NULL@@			15
generator_tf_production_plan	error	int	YES	@@NULL@@			16
generator_tf_production_plan	explain	varchar(255)	YES	@@NULL@@			17
generator_tf_production_plan	first_temper	int	YES	@@NULL@@			18
generator_tf_production_plan	last_temper	int	YES	@@NULL@@			19
generator_tf_production_plan	mode_clean	int	YES	@@NULL@@			20
generator_tf_production_plan	quality_signature	varchar(30)	YES	@@NULL@@			21
generator_tf_production_plan	responser	varchar(30)	YES	@@NULL@@			22
generator_tf_production_plan	tf_product_name	varchar(30)	YES	@@NULL@@			23
generator_tf_production_plan	tf_product_type	varchar(30)	YES	@@NULL@@			24
generator_tf_production_plan	heat_number	varchar(50)	YES	@@NULL@@			25
generator_tf_production_plan	filter_size	varchar(20)	YES	@@NULL@@			26
generator_tf_production_plan	_MASK_FROM_V2	timestamp	NO	CURRENT_TIMESTAMP	DEFAULT_GENERATED on update CURRENT_TIMESTAMP		27
generator_tf_rapid_goldtest	id	bigint	NO	@@NULL@@	auto_increment		1
generator_tf_rapid_goldtest	remark	varchar(255)	YES	@@NULL@@			2
generator_tf_rapid_goldtest	modifier	varchar(255)	YES	@@NULL@@			3
generator_tf_rapid_goldtest	belong_dept	int	YES	@@NULL@@			4
generator_tf_rapid_goldtest	update_datetime	datetime(6)	YES	@@NULL@@			5
generator_tf_rapid_goldtest	create_datetime	datetime(6)	YES	@@NULL@@			6
generator_tf_rapid_goldtest	sort	int	YES	@@NULL@@			7
generator_tf_rapid_goldtest	two_ball	decimal(4,3)	YES	@@NULL@@			8
generator_tf_rapid_goldtest	one_ball	decimal(4,3)	YES	@@NULL@@			9
generator_tf_rapid_goldtest	size	varchar(30)	YES	@@NULL@@			10
generator_tf_rapid_goldtest	date_time	datetime(6)	YES	@@NULL@@			11
generator_tf_rapid_goldtest	furnace_number	int	YES	@@NULL@@			12
generator_tf_rapid_goldtest	creator_id	bigint	YES	@@NULL@@			13
generator_tf_rapid_goldtest	date_only	date	YES	@@NULL@@			14
generator_tf_rapid_goldtest_production_plan	id	bigint	NO	@@NULL@@	auto_increment		1
generator_tf_rapid_goldtest_production_plan	tfrapidgoldtest_id	bigint	NO	@@NULL@@			2
generator_tf_rapid_goldtest_production_plan	productionplan_id	bigint	NO	@@NULL@@			3
generator_tf_stove_extract	id	bigint	NO	@@NULL@@	auto_increment		1
generator_tf_stove_extract	remark	varchar(255)	YES	@@NULL@@			2
generator_tf_stove_extract	modifier	varchar(255)	YES	@@NULL@@			3
generator_tf_stove_extract	belong_dept	int	YES	@@NULL@@			4
generator_tf_stove_extract	update_datetime	datetime(6)	YES	@@NULL@@			5
generator_tf_stove_extract	create_datetime	datetime(6)	YES	@@NULL@@			6
generator_tf_stove_extract	sort	int	YES	@@NULL@@			7
generator_tf_stove_extract	pour_time	datetime(6)	YES	@@NULL@@			8
generator_tf_stove_extract	ball_time	int	YES	@@NULL@@			9
generator_tf_stove_extract	sum	int	YES	@@NULL@@			10
generator_tf_stove_extract	temper	int	YES	@@NULL@@			11
generator_tf_stove_extract	date_time	datetime(6)	YES	@@NULL@@			12
generator_tf_stove_extract	number	int	YES	@@NULL@@			13
generator_tf_stove_extract	furnace_number	int	YES	@@NULL@@			14
generator_tf_stove_extract	creator_id	bigint	YES	@@NULL@@			15
generator_tf_stove_extract	date_only	date	YES	@@NULL@@			16
generator_tf_stove_extract_production_plan	id	bigint	NO	@@NULL@@	auto_increment		1
generator_tf_stove_extract_production_plan	tfstoveextract_id	bigint	NO	@@NULL@@			2
generator_tf_stove_extract_production_plan	productionplan_id	bigint	NO	@@NULL@@			3
generator_tf_stove_spectrum	id	bigint	NO	@@NULL@@	auto_increment		1
generator_tf_stove_spectrum	remark	varchar(255)	YES	@@NULL@@			2
generator_tf_stove_spectrum	modifier	varchar(255)	YES	@@NULL@@			3
generator_tf_stove_spectrum	belong_dept	int	YES	@@NULL@@			4
generator_tf_stove_spectrum	update_datetime	datetime(6)	YES	@@NULL@@			5
generator_tf_stove_spectrum	create_datetime	datetime(6)	YES	@@NULL@@			6
generator_tf_stove_spectrum	sort	int	YES	@@NULL@@			7
generator_tf_stove_spectrum	sn	decimal(8,3)	YES	@@NULL@@			8
generator_tf_stove_spectrum	cu	decimal(8,3)	YES	@@NULL@@			9
generator_tf_stove_spectrum	sic	decimal(8,3)	YES	@@NULL@@			10
generator_tf_stove_spectrum	mn_iron	decimal(8,3)	YES	@@NULL@@			11
generator_tf_stove_spectrum	si_iron	decimal(8,3)	YES	@@NULL@@			12
generator_tf_stove_spectrum	carburizers	decimal(8,3)	YES	@@NULL@@			13
generator_tf_stove_spectrum	scrap	decimal(8,3)	YES	@@NULL@@			14
generator_tf_stove_spectrum	pig_iron	decimal(8,3)	YES	@@NULL@@			15
generator_tf_stove_spectrum	return_material	decimal(8,3)	YES	@@NULL@@			16
generator_tf_stove_spectrum	iron	varchar(30)	YES	@@NULL@@			17
generator_tf_stove_spectrum	date_time	datetime(6)	YES	@@NULL@@			18
generator_tf_stove_spectrum	furnace_number	int	YES	@@NULL@@			19
generator_tf_stove_spectrum	creator_id	bigint	YES	@@NULL@@			20
generator_tf_stove_spectrum	date_only	date	YES	@@NULL@@			21
generator_tf_stove_spectrum	ferrochrome	decimal(8,3)	YES	@@NULL@@			22
generator_tf_stove_spectrum	iron_sulfide	decimal(8,3)	YES	@@NULL@@			23
generator_tf_stove_spectrum_production_plan	id	bigint	NO	@@NULL@@	auto_increment		1
generator_tf_stove_spectrum_production_plan	tfstovespectrum_id	bigint	NO	@@NULL@@			2
generator_tf_stove_spectrum_production_plan	productionplan_id	bigint	NO	@@NULL@@			3
generator_tf_tensile_strength	id	bigint	NO	@@NULL@@	auto_increment		1
generator_tf_tensile_strength	remark	varchar(255)	YES	@@NULL@@			2
generator_tf_tensile_strength	modifier	varchar(255)	YES	@@NULL@@			3
generator_tf_tensile_strength	belong_dept	int	YES	@@NULL@@			4
generator_tf_tensile_strength	update_datetime	datetime(6)	YES	@@NULL@@			5
generator_tf_tensile_strength	create_datetime	datetime(6)	YES	@@NULL@@			6
generator_tf_tensile_strength	sort	int	YES	@@NULL@@			7
generator_tf_tensile_strength	inspetion_person	varchar(255)	YES	@@NULL@@			8
generator_tf_tensile_strength	elongation	decimal(13,4)	YES	@@NULL@@			9
generator_tf_tensile_strength	most_strength	int	YES	@@NULL@@			10
generator_tf_tensile_strength	resist_strength	int	YES	@@NULL@@			11
generator_tf_tensile_strength	furnace_number	decimal(13,4)	YES	@@NULL@@			12
generator_tf_tensile_strength	creator_id	bigint	YES	@@NULL@@			13
generator_tf_tensile_strength	date_only	date	YES	@@NULL@@			14
generator_tf_tensile_strength	date_time	datetime(6)	YES	@@NULL@@			15
generator_tf_tensile_strength_production_plan	id	bigint	NO	@@NULL@@	auto_increment		1
generator_tf_tensile_strength_production_plan	tftensilestrength_id	bigint	NO	@@NULL@@			2
generator_tf_tensile_strength_production_plan	productionplan_id	bigint	NO	@@NULL@@			3
generator_tf_tilt_information	id	bigint	NO	@@NULL@@	auto_increment		1
generator_tf_tilt_information	remark	varchar(255)	YES	@@NULL@@			2
generator_tf_tilt_information	modifier	varchar(255)	YES	超级管理员			3
generator_tf_tilt_information	belong_dept	int	YES	@@NULL@@			4
generator_tf_tilt_information	update_datetime	datetime(6)	YES	CURRENT_TIMESTAMP(6)	DEFAULT_GENERATED on update CURRENT_TIMESTAMP(6)		5
generator_tf_tilt_information	create_datetime	datetime(6)	YES	CURRENT_TIMESTAMP(6)	DEFAULT_GENERATED on update CURRENT_TIMESTAMP(6)		6
generator_tf_tilt_information	sort	int	YES	1			7
generator_tf_tilt_information	angle_sensor_value	varchar(255)	YES	@@NULL@@			8
generator_tf_tilt_information	batch_number	varchar(255)	YES	@@NULL@@			9
generator_tf_tilt_information	furnace_number	varchar(255)	YES	@@NULL@@			10
generator_tf_tilt_information	time	datetime(6)	YES	@@NULL@@			11
generator_tf_tilt_information	creator_id	bigint	YES	@@NULL@@			12
generator_tf_tilt_information	_MASK_TO_V2	bigint	YES	@@NULL@@			13
generator_tf_transfer_cart	id	bigint	NO	@@NULL@@	auto_increment		1
generator_tf_transfer_cart	remark	varchar(255)	YES	@@NULL@@			2
generator_tf_transfer_cart	modifier	varchar(255)	YES	超级管理员			3
generator_tf_transfer_cart	belong_dept	int	YES	@@NULL@@			4
generator_tf_transfer_cart	update_datetime	datetime(6)	YES	CURRENT_TIMESTAMP(6)	DEFAULT_GENERATED		5
generator_tf_transfer_cart	create_datetime	datetime(6)	YES	CURRENT_TIMESTAMP(6)	DEFAULT_GENERATED		6
generator_tf_transfer_cart	sort	int	YES	1			7
generator_tf_transfer_cart	weight	varchar(255)	YES	@@NULL@@			8
generator_tf_transfer_cart	package_count	varchar(255)	YES	@@NULL@@			9
generator_tf_transfer_cart	batch_number	varchar(255)	YES	@@NULL@@			10
generator_tf_transfer_cart	furnace_number	varchar(255)	YES	@@NULL@@			11
generator_tf_transfer_cart	time	datetime(6)	YES	@@NULL@@			12
generator_tf_transfer_cart	creator_id	bigint	YES	@@NULL@@			13
generator_tf_transfer_cart	_MASK_TO_V2	bigint	YES	@@NULL@@			14
generator_tfdl	id	bigint	NO	@@NULL@@	auto_increment		1
generator_tfdl	remark	varchar(255)	YES	@@NULL@@			2
generator_tfdl	modifier	varchar(255)	YES	@@NULL@@			3
generator_tfdl	belong_dept	int	YES	@@NULL@@			4
generator_tfdl	update_datetime	datetime(6)	YES	@@NULL@@			5
generator_tfdl	create_datetime	datetime(6)	YES	@@NULL@@			6
generator_tfdl	sort	int	YES	@@NULL@@			7
generator_tfdl	input_4	varchar(255)	YES	@@NULL@@			8
generator_tfdl	input_3	varchar(255)	YES	@@NULL@@			9
generator_tfdl	input_2	varchar(255)	YES	@@NULL@@			10
generator_tfdl	date_picker_1	date	YES	@@NULL@@			11
generator_tfdl	creator_id	bigint	YES	@@NULL@@			12
generator_ticket	id	bigint	NO	@@NULL@@	auto_increment		1
generator_ticket	remark	varchar(255)	YES	@@NULL@@			2
generator_ticket	modifier	varchar(255)	YES	@@NULL@@			3
generator_ticket	belong_dept	int	YES	@@NULL@@			4
generator_ticket	update_datetime	datetime(6)	YES	@@NULL@@			5
generator_ticket	create_datetime	datetime(6)	YES	@@NULL@@			6
generator_ticket	sort	int	YES	@@NULL@@			7
generator_ticket	signature	json	YES	@@NULL@@			8
generator_ticket	handle_feedback	longtext	YES	@@NULL@@			9
generator_ticket	measure	longtext	YES	@@NULL@@			10
generator_ticket	info	longtext	YES	@@NULL@@			11
generator_ticket	describe	longtext	YES	@@NULL@@			12
generator_ticket	date_time	datetime	YES	@@NULL@@			13
generator_ticket	work_order	varchar(100)	YES	@@NULL@@			14
generator_ticket	tracking_card	varchar(100)	YES	@@NULL@@			15
generator_ticket	job_code	varchar(100)	YES	@@NULL@@			16
generator_ticket	name	varchar(100)	YES	@@NULL@@			17
generator_ticket	creator_id	bigint	YES	@@NULL@@			18
generator_ticket	ticket_type	int	YES	@@NULL@@			19
generator_ticket	related_photos	json	YES	@@NULL@@			20
generator_ticket	is_end	tinyint(1)	YES	@@NULL@@			21
generator_ticket	code	varchar(100)	YES	@@NULL@@			22
generator_ticket	cc_send	json	YES	@@NULL@@			23
generator_ticket	is_audit	int	YES	@@NULL@@			24
generator_ticket	audit_name	varchar(30)	YES	@@NULL@@			25
generator_tool_replacement	id	bigint	NO	@@NULL@@	auto_increment		1
generator_tool_replacement	remark	varchar(255)	YES	@@NULL@@			2
generator_tool_replacement	modifier	varchar(255)	YES	超级管理员			3
generator_tool_replacement	belong_dept	int	YES	@@NULL@@			4
generator_tool_replacement	update_datetime	datetime	YES	CURRENT_TIMESTAMP	DEFAULT_GENERATED on update CURRENT_TIMESTAMP		5
generator_tool_replacement	create_datetime	datetime	YES	CURRENT_TIMESTAMP	DEFAULT_GENERATED on update CURRENT_TIMESTAMP		6
generator_tool_replacement	sort	int	YES	1			7
generator_tool_replacement	_MASK_TO_V2	bigint	YES	@@NULL@@			8
generator_tool_replacement	remarks	longtext	YES	@@NULL@@			9
generator_tool_replacement	factory	varchar(255)	YES	@@NULL@@			10
generator_tool_replacement	cabinet_id	varchar(255)	YES	@@NULL@@			11
generator_tool_replacement	tool_changer	varchar(255)	YES	@@NULL@@			12
generator_tool_replacement	tool_order	varchar(255)	YES	@@NULL@@			13
generator_tool_replacement	machine_tool	varchar(255)	YES	@@NULL@@			14
generator_tool_replacement	production_line_id	varchar(255)	YES	@@NULL@@			15
generator_tool_replacement	old_tool_supplier	varchar(255)	YES	@@NULL@@			16
generator_tool_replacement	old_bar_code	varchar(255)	YES	@@NULL@@			17
generator_tool_replacement	model	varchar(255)	YES	@@NULL@@			18
generator_tool_replacement	new_tool_supplier	varchar(255)	YES	@@NULL@@			19
generator_tool_replacement	bar_code	varchar(255)	YES	@@NULL@@			20
generator_tool_replacement	date_time	datetime(6)	YES	@@NULL@@			21
generator_tool_replacement	creator_id	bigint	YES	@@NULL@@			22
generator_tool_return_table	id	bigint	NO	@@NULL@@	auto_increment		1
generator_tool_return_table	remark	varchar(255)	YES	@@NULL@@			2
generator_tool_return_table	modifier	varchar(255)	YES	超级管理员			3
generator_tool_return_table	belong_dept	int	YES	@@NULL@@			4
generator_tool_return_table	update_datetime	datetime(6)	YES	CURRENT_TIMESTAMP(6)	DEFAULT_GENERATED on update CURRENT_TIMESTAMP(6)		5
generator_tool_return_table	create_datetime	datetime(6)	YES	CURRENT_TIMESTAMP(6)	DEFAULT_GENERATED on update CURRENT_TIMESTAMP(6)		6
generator_tool_return_table	sort	int	YES	1			7
generator_tool_return_table	remarks	varchar(255)	YES	@@NULL@@			8
generator_tool_return_table	factory_name	varchar(255)	YES	@@NULL@@			9
generator_tool_return_table	cabinet_number	varchar(255)	YES	@@NULL@@			10
generator_tool_return_table	admin	varchar(255)	YES	@@NULL@@			11
generator_tool_return_table	return_reason	varchar(255)	YES	@@NULL@@			12
generator_tool_return_table	model_type	varchar(255)	YES	@@NULL@@			13
generator_tool_return_table	supplier_name	varchar(255)	YES	@@NULL@@			14
generator_tool_return_table	barcode	varchar(255)	YES	@@NULL@@			15
generator_tool_return_table	time	datetime(6)	YES	@@NULL@@			16
generator_tool_return_table	creator_id	bigint	YES	@@NULL@@			17
generator_tool_return_table	_MASK_TO_V2	bigint	YES	@@NULL@@			18
generator_tool_scrap	id	bigint	NO	@@NULL@@	auto_increment		1
generator_tool_scrap	remark	varchar(255)	YES	@@NULL@@			2
generator_tool_scrap	modifier	varchar(255)	YES	超级管理员			3
generator_tool_scrap	belong_dept	int	YES	@@NULL@@			4
generator_tool_scrap	update_datetime	datetime(6)	YES	CURRENT_TIMESTAMP(6)	DEFAULT_GENERATED on update CURRENT_TIMESTAMP(6)		5
generator_tool_scrap	create_datetime	datetime(6)	YES	CURRENT_TIMESTAMP(6)	DEFAULT_GENERATED on update CURRENT_TIMESTAMP(6)		6
generator_tool_scrap	sort	int	YES	1			7
generator_tool_scrap	remarks	varchar(255)	YES	@@NULL@@			8
generator_tool_scrap	factory	varchar(255)	YES	@@NULL@@			9
generator_tool_scrap	cabinet_number	varchar(255)	YES	@@NULL@@			10
generator_tool_scrap	scrapper_name	varchar(255)	YES	@@NULL@@			11
generator_tool_scrap	model	varchar(255)	YES	@@NULL@@			12
generator_tool_scrap	supplier	varchar(255)	YES	@@NULL@@			13
generator_tool_scrap	barcode	varchar(255)	YES	@@NULL@@			14
generator_tool_scrap	time	datetime(6)	YES	@@NULL@@			15
generator_tool_scrap	creator_id	bigint	YES	@@NULL@@			16
generator_tool_scrap	scrap_reason	varchar(255)	YES	@@NULL@@			17
generator_tool_scrap	_MASK_TO_V2	bigint	YES	@@NULL@@			18
generator_tool_storage	id	bigint	NO	@@NULL@@	auto_increment		1
generator_tool_storage	remark	varchar(255)	YES	超级管理员			2
generator_tool_storage	modifier	varchar(255)	YES	@@NULL@@			3
generator_tool_storage	belong_dept	int	YES	@@NULL@@			4
generator_tool_storage	update_datetime	datetime	YES	CURRENT_TIMESTAMP	DEFAULT_GENERATED on update CURRENT_TIMESTAMP		5
generator_tool_storage	create_datetime	datetime	YES	CURRENT_TIMESTAMP	DEFAULT_GENERATED on update CURRENT_TIMESTAMP		6
generator_tool_storage	sort	int	YES	1			7
generator_tool_storage	_MASK_TO_V2	bigint	YES	@@NULL@@			8
generator_tool_storage	remarks	longtext	YES	@@NULL@@			9
generator_tool_storage	factory	varchar(255)	YES	@@NULL@@			10
generator_tool_storage	cabinet_id	varchar(255)	YES	@@NULL@@			11
generator_tool_storage	admin	varchar(255)	YES	@@NULL@@			12
generator_tool_storage	model	varchar(255)	YES	@@NULL@@			13
generator_tool_storage	supplier_name	varchar(255)	YES	@@NULL@@			14
generator_tool_storage	bar_code	varchar(255)	YES	@@NULL@@			15
generator_tool_storage	date_time	datetime(6)	YES	@@NULL@@			16
generator_tool_storage	creator_id	bigint	YES	@@NULL@@			17
generator_tools	id	bigint	NO	@@NULL@@	auto_increment		1
generator_tools	remark	varchar(255)	YES	@@NULL@@			2
generator_tools	modifier	varchar(255)	YES	@@NULL@@			3
generator_tools	belong_dept	int	YES	@@NULL@@			4
generator_tools	update_datetime	datetime(6)	YES	@@NULL@@			5
generator_tools	create_datetime	datetime(6)	YES	@@NULL@@			6
generator_tools	sort	int	YES	@@NULL@@			7
generator_tools	factory	varchar(255)	YES	@@NULL@@			8
generator_tools	cabinet_id	varchar(255)	YES	@@NULL@@			9
generator_tools	code	varchar(255)	YES	@@NULL@@			10
generator_tools	manager	varchar(255)	YES	@@NULL@@			11
generator_tools	model	varchar(255)	YES	@@NULL@@			12
generator_tools	supplier_name	varchar(255)	YES	@@NULL@@			13
generator_tools	subcategory	varchar(255)	YES	@@NULL@@			14
generator_tools	main_category	varchar(255)	YES	@@NULL@@			15
generator_tools	product	varchar(255)	YES	@@NULL@@			16
generator_tools	bar_code	varchar(255)	YES	@@NULL@@			17
generator_tools	date_time	datetime(6)	YES	@@NULL@@			18
generator_tools	creator_id	bigint	YES	@@NULL@@			19
generator_tools	_MASK_TO_V2	varchar(255)	YES	@@NULL@@			20
generator_total_power	id	bigint	NO	@@NULL@@	auto_increment		1
generator_total_power	remark	varchar(255)	YES	@@NULL@@			2
generator_total_power	modifier	varchar(255)	YES	@@NULL@@			3
generator_total_power	belong_dept	int	YES	@@NULL@@			4
generator_total_power	update_datetime	datetime(6)	YES	CURRENT_TIMESTAMP(6)	DEFAULT_GENERATED on update CURRENT_TIMESTAMP(6)		5
generator_total_power	create_datetime	datetime(6)	YES	CURRENT_TIMESTAMP(6)	DEFAULT_GENERATED on update CURRENT_TIMESTAMP(6)		6
generator_total_power	sort	int	YES	1			7
generator_total_power	remarks	varchar(255)	YES	@@NULL@@			8
generator_total_power	accumulated_electricity_consumption	varchar(255)	YES	@@NULL@@			9
generator_total_power	active_power	varchar(255)	YES	@@NULL@@			10
generator_total_power	time	datetime(6)	YES	@@NULL@@			11
generator_total_power	creator_id	bigint	YES	@@NULL@@			12
generator_total_power	minute_electricity_consumption	int	YES	@@NULL@@			13
generator_total_power	_MASK_TO_V2	bigint	YES	@@NULL@@			14
generator_total_power	_MUSID_SYNC_V2	int unsigned	YES	@@NULL@@			15
generator_tracking_transfer	id	bigint	NO	@@NULL@@	auto_increment		1
generator_tracking_transfer	remark	longtext	YES	@@NULL@@			2
generator_tracking_transfer	modifier	varchar(255)	YES	@@NULL@@			3
generator_tracking_transfer	belong_dept	int	YES	@@NULL@@			4
generator_tracking_transfer	update_datetime	datetime(6)	YES	@@NULL@@			5
generator_tracking_transfer	create_datetime	datetime(6)	YES	@@NULL@@			6
generator_tracking_transfer	sort	int	YES	@@NULL@@			7
generator_tracking_transfer	from_sequence	int	YES	@@NULL@@			8
generator_tracking_transfer	to_sequence	int	YES	@@NULL@@			9
generator_tracking_transfer	input_quantity	int	NO	@@NULL@@			10
generator_tracking_transfer	output_quantity	int	NO	@@NULL@@			11
generator_tracking_transfer	industrial_waste	int	NO	@@NULL@@			12
generator_tracking_transfer	scrap_waste	int	NO	@@NULL@@			13
generator_tracking_transfer	debug_waste	int	NO	@@NULL@@			14
generator_tracking_transfer	operator	varchar(50)	YES	@@NULL@@			15
generator_tracking_transfer	operator_id	int	YES	@@NULL@@			16
generator_tracking_transfer	transfer_time	datetime(6)	NO	@@NULL@@			17
generator_tracking_transfer	shift	varchar(10)	YES	@@NULL@@			18
generator_tracking_transfer	site	varchar(20)	YES	@@NULL@@			19
generator_tracking_transfer	creator_id	bigint	YES	@@NULL@@			20
generator_tracking_transfer	device_id	bigint	YES	@@NULL@@			21
generator_tracking_transfer	tracking_id	bigint	NO	@@NULL@@			22
generator_tracking_transfer	from_station_id	bigint	YES	@@NULL@@			23
generator_tracking_transfer	to_station_id	bigint	YES	@@NULL@@			24
generator_tracking_waste_record	id	bigint	NO	@@NULL@@	auto_increment		1
generator_tracking_waste_record	remark	varchar(255)	YES	@@NULL@@			2
generator_tracking_waste_record	modifier	varchar(255)	YES	@@NULL@@			3
generator_tracking_waste_record	belong_dept	int	YES	@@NULL@@			4
generator_tracking_waste_record	update_datetime	datetime(6)	YES	@@NULL@@			5
generator_tracking_waste_record	create_datetime	datetime(6)	YES	@@NULL@@			6
generator_tracking_waste_record	sort	int	YES	@@NULL@@			7
generator_tracking_waste_record	waste_type	varchar(20)	NO	@@NULL@@			8
generator_tracking_waste_record	quantity	int	NO	@@NULL@@			9
generator_tracking_waste_record	handle_status	varchar(20)	NO	@@NULL@@			10
generator_tracking_waste_record	handle_time	datetime(6)	YES	@@NULL@@			11
generator_tracking_waste_record	handler	varchar(50)	YES	@@NULL@@			12
generator_tracking_waste_record	creator_id	bigint	YES	@@NULL@@			13
generator_tracking_waste_record	tracking_id	bigint	NO	@@NULL@@			14
generator_tracking_waste_record	transfer_id	bigint	NO	@@NULL@@			15
generator_triangle_beam_count_data	id	bigint	NO	@@NULL@@	auto_increment		1
generator_triangle_beam_count_data	remark	varchar(255)	YES	@@NULL@@			2
generator_triangle_beam_count_data	modifier	varchar(255)	YES	@@NULL@@			3
generator_triangle_beam_count_data	belong_dept	int	YES	@@NULL@@			4
generator_triangle_beam_count_data	update_datetime	datetime(6)	YES	CURRENT_TIMESTAMP(6)	DEFAULT_GENERATED on update CURRENT_TIMESTAMP(6)		5
generator_triangle_beam_count_data	create_datetime	datetime(6)	YES	CURRENT_TIMESTAMP(6)	DEFAULT_GENERATED on update CURRENT_TIMESTAMP(6)		6
generator_triangle_beam_count_data	sort	int	YES	1			7
generator_triangle_beam_count_data	check_count	int	YES	@@NULL@@			8
generator_triangle_beam_count_data	datetime	datetime(6)	YES	@@NULL@@			9
generator_triangle_beam_count_data	creator_id	bigint	YES	@@NULL@@			10
generator_triangle_beam_count_data	_MASK_TO_V2	bigint	YES	@@NULL@@			11
generator_triangle_beam_monitoring_system	id	bigint	NO	@@NULL@@	auto_increment		1
generator_triangle_beam_monitoring_system	remark	varchar(255)	YES	@@NULL@@			2
generator_triangle_beam_monitoring_system	modifier	varchar(255)	YES	@@NULL@@			3
generator_triangle_beam_monitoring_system	belong_dept	int	YES	@@NULL@@			4
generator_triangle_beam_monitoring_system	update_datetime	datetime(6)	YES	CURRENT_TIMESTAMP(6)	DEFAULT_GENERATED on update CURRENT_TIMESTAMP(6)		5
generator_triangle_beam_monitoring_system	create_datetime	datetime(6)	YES	CURRENT_TIMESTAMP(6)	DEFAULT_GENERATED on update CURRENT_TIMESTAMP(6)		6
generator_triangle_beam_monitoring_system	sort	int	YES	1			7
generator_triangle_beam_monitoring_system	user_name	varchar(100)	YES	@@NULL@@			8
generator_triangle_beam_monitoring_system	project_name	varchar(100)	YES	@@NULL@@			9
generator_triangle_beam_monitoring_system	qr_codee	varchar(100)	YES	@@NULL@@			10
generator_triangle_beam_monitoring_system	total_time	double	YES	@@NULL@@			11
generator_triangle_beam_monitoring_system	ztg_total_time	double	YES	@@NULL@@			12
generator_triangle_beam_monitoring_system	pin_total_time	double	YES	@@NULL@@			13
generator_triangle_beam_monitoring_system	location_pin_result_1	varchar(50)	YES	@@NULL@@			14
generator_triangle_beam_monitoring_system	location_pin_result_2	varchar(50)	YES	@@NULL@@			15
generator_triangle_beam_monitoring_system	area_result_1	varchar(50)	YES	@@NULL@@			16
generator_triangle_beam_monitoring_system	area_time_1	double	YES	@@NULL@@			17
generator_triangle_beam_monitoring_system	area_result_2	varchar(50)	YES	@@NULL@@			18
generator_triangle_beam_monitoring_system	area_time_2	double	YES	@@NULL@@			19
generator_triangle_beam_monitoring_system	area_result_3	varchar(50)	YES	@@NULL@@			20
generator_triangle_beam_monitoring_system	area_time_3	double	YES	@@NULL@@			21
generator_triangle_beam_monitoring_system	area_result_4	varchar(50)	YES	@@NULL@@			22
generator_triangle_beam_monitoring_system	area_time_4	double	YES	@@NULL@@			23
generator_triangle_beam_monitoring_system	area_result_5	varchar(50)	YES	@@NULL@@			24
generator_triangle_beam_monitoring_system	area_time_5	double	YES	@@NULL@@			25
generator_triangle_beam_monitoring_system	area_result_6	varchar(50)	YES	@@NULL@@			26
generator_triangle_beam_monitoring_system	area_time_6	double	YES	@@NULL@@			27
generator_triangle_beam_monitoring_system	area_result_7	varchar(50)	YES	@@NULL@@			28
generator_triangle_beam_monitoring_system	area_time_7	double	YES	@@NULL@@			29
generator_triangle_beam_monitoring_system	area_result_8	varchar(50)	YES	@@NULL@@			30
generator_triangle_beam_monitoring_system	area_time_8	double	YES	@@NULL@@			31
generator_triangle_beam_monitoring_system	area_result_9	varchar(50)	YES	@@NULL@@			32
generator_triangle_beam_monitoring_system	area_time_9	double	YES	@@NULL@@			33
generator_triangle_beam_monitoring_system	area_result_10	varchar(50)	YES	@@NULL@@			34
generator_triangle_beam_monitoring_system	area_time_10	double	YES	@@NULL@@			35
generator_triangle_beam_monitoring_system	area_result_11	varchar(50)	YES	@@NULL@@			36
generator_triangle_beam_monitoring_system	area_time_11	double	YES	@@NULL@@			37
generator_triangle_beam_monitoring_system	area_result_12	varchar(50)	YES	@@NULL@@			38
generator_triangle_beam_monitoring_system	area_time_12	double	YES	@@NULL@@			39
generator_triangle_beam_monitoring_system	area_result_13	varchar(50)	YES	@@NULL@@			40
generator_triangle_beam_monitoring_system	area_time_13	double	YES	@@NULL@@			41
generator_triangle_beam_monitoring_system	area_result_14	varchar(50)	YES	@@NULL@@			42
generator_triangle_beam_monitoring_system	area_time_14	double	YES	@@NULL@@			43
generator_triangle_beam_monitoring_system	area_result_15	varchar(50)	YES	@@NULL@@			44
generator_triangle_beam_monitoring_system	area_time_15	double	YES	@@NULL@@			45
generator_triangle_beam_monitoring_system	area_result_16	varchar(50)	YES	@@NULL@@			46
generator_triangle_beam_monitoring_system	area_time_16	double	YES	@@NULL@@			47
generator_triangle_beam_monitoring_system	area_result_17	varchar(50)	YES	@@NULL@@			48
generator_triangle_beam_monitoring_system	area_time_17	double	YES	@@NULL@@			49
generator_triangle_beam_monitoring_system	area_result_18	varchar(50)	YES	@@NULL@@			50
generator_triangle_beam_monitoring_system	area_time_18	double	YES	@@NULL@@			51
generator_triangle_beam_monitoring_system	area_result_19	varchar(50)	YES	@@NULL@@			52
generator_triangle_beam_monitoring_system	area_time_19	double	YES	@@NULL@@			53
generator_triangle_beam_monitoring_system	area_result_20	varchar(50)	YES	@@NULL@@			54
generator_triangle_beam_monitoring_system	area_time_20	double	YES	@@NULL@@			55
generator_triangle_beam_monitoring_system	area_result_21	varchar(50)	YES	@@NULL@@			56
generator_triangle_beam_monitoring_system	area_time_21	double	YES	@@NULL@@			57
generator_triangle_beam_monitoring_system	area_result_22	varchar(50)	YES	@@NULL@@			58
generator_triangle_beam_monitoring_system	area_time_22	double	YES	@@NULL@@			59
generator_triangle_beam_monitoring_system	area_result_23	varchar(50)	YES	@@NULL@@			60
generator_triangle_beam_monitoring_system	area_time_23	double	YES	@@NULL@@			61
generator_triangle_beam_monitoring_system	area_result_24	varchar(50)	YES	@@NULL@@			62
generator_triangle_beam_monitoring_system	area_time_24	double	YES	@@NULL@@			63
generator_triangle_beam_monitoring_system	area_result_25	varchar(50)	YES	@@NULL@@			64
generator_triangle_beam_monitoring_system	area_time_25	double	YES	@@NULL@@			65
generator_triangle_beam_monitoring_system	area_result_26	varchar(50)	YES	@@NULL@@			66
generator_triangle_beam_monitoring_system	area_time_26	double	YES	@@NULL@@			67
generator_triangle_beam_monitoring_system	area_result_27	varchar(50)	YES	@@NULL@@			68
generator_triangle_beam_monitoring_system	area_time_27	double	YES	@@NULL@@			69
generator_triangle_beam_monitoring_system	area_result_28	varchar(50)	YES	@@NULL@@			70
generator_triangle_beam_monitoring_system	area_time_28	double	YES	@@NULL@@			71
generator_triangle_beam_monitoring_system	area_result_29	varchar(50)	YES	@@NULL@@			72
generator_triangle_beam_monitoring_system	area_time_29	double	YES	@@NULL@@			73
generator_triangle_beam_monitoring_system	area_result_30	varchar(50)	YES	@@NULL@@			74
generator_triangle_beam_monitoring_system	area_time_30	double	YES	@@NULL@@			75
generator_triangle_beam_monitoring_system	result	varchar(50)	YES	@@NULL@@			76
generator_triangle_beam_monitoring_system	concentration	double	YES	@@NULL@@			77
generator_triangle_beam_monitoring_system	source_addr	varchar(500)	YES	@@NULL@@			78
generator_triangle_beam_monitoring_system	start_datetime	datetime(6)	YES	@@NULL@@			79
generator_triangle_beam_monitoring_system	end_datetime	datetime(6)	YES	@@NULL@@			80
generator_triangle_beam_monitoring_system	creator_id	bigint	YES	@@NULL@@			81
generator_triangle_beam_monitoring_system	_MASK_TO_V2	bigint	YES	@@NULL@@			82
generator_user_product_matrix	id	bigint	NO	@@NULL@@	auto_increment	主键	1
generator_user_product_matrix	user	varchar(50)	NO	@@NULL@@		姓名/工号	2
generator_user_product_matrix	product_name	varchar(50)	NO	@@NULL@@		产品名称	3
generator_user_product_matrix	process	varchar(30)	YES	@@NULL@@		工序(工作代号第一个-之前,如 密封/机加/清整)	4
generator_user_product_matrix	stat_month	varchar(7)	NO	@@NULL@@		统计月份 YYYY-MM；全量用 ALL	5
generator_user_product_matrix	dept	varchar(20)	YES	@@NULL@@		部门	6
generator_user_product_matrix	site	varchar(20)	YES	@@NULL@@		工作地点	7
generator_user_product_matrix	total_work_hours	decimal(13,2)	YES	@@NULL@@		累计工时	8
generator_user_product_matrix	total_output	int	NO	0		累计产量	9
generator_user_product_matrix	avg_output_per_hour	decimal(10,4)	YES	@@NULL@@		单位工时产量	10
generator_user_product_matrix	output_per_hour_std	decimal(10,4)	YES	@@NULL@@		效率标准差	11
generator_user_product_matrix	total_industrial_waste	int	NO	0		累计工废	12
generator_user_product_matrix	total_scrap_waste	int	NO	0		累计料废(仅参考)	13
generator_user_product_matrix	quality_rate	decimal(6,4)	YES	@@NULL@@		良品率	14
generator_user_product_matrix	record_count	int	NO	0		报工记录条数	15
generator_user_product_matrix	work_day_count	int	NO	0		累计工作天数	16
generator_user_product_matrix	efficiency_score	decimal(6,4)	YES	@@NULL@@		效率得分	17
generator_user_product_matrix	quality_score	decimal(6,4)	YES	@@NULL@@		质量得分	18
generator_user_product_matrix	experience_score	decimal(6,4)	YES	@@NULL@@		经验得分	19
generator_user_product_matrix	stability_score	decimal(6,4)	YES	@@NULL@@		稳定性得分	20
generator_user_product_matrix	composite_score	decimal(6,4)	YES	@@NULL@@		综合适配度评分	21
generator_user_product_matrix	last_stat_date	date	YES	@@NULL@@		最近统计日期	22
generator_user_product_matrix	update_datetime	datetime	YES	@@NULL@@		修改时间	23
generator_user_product_matrix	create_datetime	datetime	YES	@@NULL@@		创建时间	24
generator_user_product_matrix	remark	varchar(255)	YES			备注	25
generator_user_product_matrix	is_qualified	tinyint(1)	YES	@@NULL@@		是否达到样本门槛(参与评奖)	26
generator_users_ticket	id	bigint	NO	@@NULL@@	auto_increment		1
generator_users_ticket	punishment_method	varchar(100)	YES	@@NULL@@			2
generator_users_ticket	sum	decimal(10,2)	YES	@@NULL@@			3
generator_users_ticket	update_datetime	datetime(6)	YES	@@NULL@@			4
generator_users_ticket	create_datetime	datetime(6)	YES	@@NULL@@			5
generator_users_ticket	i_agree	varchar(20)	YES	@@NULL@@			6
generator_users_ticket	is_active	tinyint(1)	NO	@@NULL@@			7
generator_users_ticket	remark	varchar(255)	YES	@@NULL@@			8
generator_users_ticket	ticket_id	bigint	NO	@@NULL@@			9
generator_users_ticket	users_id	bigint	NO	@@NULL@@			10
generator_users_ticket	name	varchar(50)	YES	@@NULL@@			11
generator_users_ticket	agree_user	varchar(30)	YES	@@NULL@@			12
generator_warehouse_inventory	id	bigint	NO	@@NULL@@	auto_increment		1
generator_warehouse_inventory	remark	varchar(255)	YES	@@NULL@@			2
generator_warehouse_inventory	modifier	varchar(255)	YES	@@NULL@@			3
generator_warehouse_inventory	belong_dept	int	YES	@@NULL@@			4
generator_warehouse_inventory	update_datetime	datetime(6)	YES	@@NULL@@			5
generator_warehouse_inventory	create_datetime	datetime(6)	YES	@@NULL@@			6
generator_warehouse_inventory	sort	int	YES	@@NULL@@			7
generator_warehouse_inventory	supplier_name	varchar(50)	YES	@@NULL@@			8
generator_warehouse_inventory	amount	decimal(13,2)	YES	@@NULL@@			9
generator_warehouse_inventory	tax_rate	decimal(6,2)	YES	@@NULL@@			10
generator_warehouse_inventory	unit_price	decimal(15,4)	YES	@@NULL@@			11
generator_warehouse_inventory	location	varchar(50)	YES	@@NULL@@			12
generator_warehouse_inventory	inventory_quantity	decimal(13,2)	YES	@@NULL@@			13
generator_warehouse_inventory	unit	varchar(10)	YES	@@NULL@@			14
generator_warehouse_inventory	material_subcategory	varchar(50)	YES	@@NULL@@			15
generator_warehouse_inventory	config_requirement	varchar(255)	YES	@@NULL@@			16
generator_warehouse_inventory	specification	varchar(255)	YES	@@NULL@@			17
generator_warehouse_inventory	material_name	varchar(255)	YES	@@NULL@@			18
generator_warehouse_inventory	project_qrcode	varchar(50)	YES	@@NULL@@			19
generator_warehouse_inventory	creator_id	bigint	YES	@@NULL@@			20
generator_warehouse_inventory	brand	varchar(20)	YES	@@NULL@@			21
generator_warehouse_inventory	supplier_material_map_id	bigint	YES	@@NULL@@			22
generator_warehouse_inventory_gh	id	bigint	NO	@@NULL@@	auto_increment		1
generator_warehouse_inventory_gh	remark	varchar(255)	YES	@@NULL@@			2
generator_warehouse_inventory_gh	modifier	varchar(255)	YES	@@NULL@@			3
generator_warehouse_inventory_gh	belong_dept	int	YES	@@NULL@@			4
generator_warehouse_inventory_gh	update_datetime	datetime(6)	YES	@@NULL@@			5
generator_warehouse_inventory_gh	create_datetime	datetime(6)	YES	@@NULL@@			6
generator_warehouse_inventory_gh	sort	int	YES	@@NULL@@			7
generator_warehouse_inventory_gh	supplier_name	varchar(50)	YES	@@NULL@@			8
generator_warehouse_inventory_gh	amount	decimal(13,2)	YES	@@NULL@@			9
generator_warehouse_inventory_gh	tax_rate	decimal(6,2)	YES	@@NULL@@			10
generator_warehouse_inventory_gh	unit_price	decimal(15,4)	YES	@@NULL@@			11
generator_warehouse_inventory_gh	location	varchar(50)	YES	@@NULL@@			12
generator_warehouse_inventory_gh	inventory_quantity	decimal(13,2)	YES	@@NULL@@			13
generator_warehouse_inventory_gh	unit	varchar(10)	YES	@@NULL@@			14
generator_warehouse_inventory_gh	material_subcategory	varchar(50)	YES	@@NULL@@			15
generator_warehouse_inventory_gh	brand	varchar(20)	YES	@@NULL@@			16
generator_warehouse_inventory_gh	config_requirement	varchar(255)	YES	@@NULL@@			17
generator_warehouse_inventory_gh	specification	varchar(255)	YES	@@NULL@@			18
generator_warehouse_inventory_gh	material_name	varchar(255)	YES	@@NULL@@			19
generator_warehouse_inventory_gh	project_qrcode	varchar(50)	YES	@@NULL@@			20
generator_warehouse_inventory_gh	creator_id	bigint	YES	@@NULL@@			21
generator_warehouse_inventory_gh	supplier_material_map_id	bigint	YES	@@NULL@@			22
generator_warehouse_inventory_tf	id	bigint	NO	@@NULL@@	auto_increment		1
generator_warehouse_inventory_tf	remark	varchar(255)	YES	@@NULL@@			2
generator_warehouse_inventory_tf	modifier	varchar(255)	YES	@@NULL@@			3
generator_warehouse_inventory_tf	belong_dept	int	YES	@@NULL@@			4
generator_warehouse_inventory_tf	update_datetime	datetime(6)	YES	@@NULL@@			5
generator_warehouse_inventory_tf	create_datetime	datetime(6)	YES	@@NULL@@			6
generator_warehouse_inventory_tf	sort	int	YES	@@NULL@@			7
generator_warehouse_inventory_tf	supplier_name	varchar(50)	YES	@@NULL@@			8
generator_warehouse_inventory_tf	amount	decimal(13,2)	YES	@@NULL@@			9
generator_warehouse_inventory_tf	tax_rate	decimal(6,2)	YES	@@NULL@@			10
generator_warehouse_inventory_tf	unit_price	decimal(15,4)	YES	@@NULL@@			11
generator_warehouse_inventory_tf	location	varchar(50)	YES	@@NULL@@			12
generator_warehouse_inventory_tf	inventory_quantity	decimal(13,2)	YES	@@NULL@@			13
generator_warehouse_inventory_tf	unit	varchar(10)	YES	@@NULL@@			14
generator_warehouse_inventory_tf	material_subcategory	varchar(50)	YES	@@NULL@@			15
generator_warehouse_inventory_tf	brand	varchar(20)	YES	@@NULL@@			16
generator_warehouse_inventory_tf	config_requirement	varchar(255)	YES	@@NULL@@			17
generator_warehouse_inventory_tf	specification	varchar(255)	YES	@@NULL@@			18
generator_warehouse_inventory_tf	material_name	varchar(255)	YES	@@NULL@@			19
generator_warehouse_inventory_tf	project_qrcode	varchar(50)	YES	@@NULL@@			20
generator_warehouse_inventory_tf	creator_id	bigint	YES	@@NULL@@			21
generator_warehouse_inventory_tf	supplier_material_map_id	bigint	YES	@@NULL@@			22
generator_warehouse_inventory_zt	id	bigint	NO	@@NULL@@	auto_increment		1
generator_warehouse_inventory_zt	remark	varchar(255)	YES	@@NULL@@			2
generator_warehouse_inventory_zt	modifier	varchar(255)	YES	@@NULL@@			3
generator_warehouse_inventory_zt	belong_dept	int	YES	@@NULL@@			4
generator_warehouse_inventory_zt	update_datetime	datetime(6)	YES	@@NULL@@			5
generator_warehouse_inventory_zt	create_datetime	datetime(6)	YES	@@NULL@@			6
generator_warehouse_inventory_zt	sort	int	YES	@@NULL@@			7
generator_warehouse_inventory_zt	supplier_name	varchar(50)	YES	@@NULL@@			8
generator_warehouse_inventory_zt	amount	decimal(13,2)	YES	@@NULL@@			9
generator_warehouse_inventory_zt	tax_rate	decimal(6,2)	YES	@@NULL@@			10
generator_warehouse_inventory_zt	unit_price	decimal(15,4)	YES	@@NULL@@			11
generator_warehouse_inventory_zt	location	varchar(50)	YES	@@NULL@@			12
generator_warehouse_inventory_zt	inventory_quantity	decimal(13,2)	YES	@@NULL@@			13
generator_warehouse_inventory_zt	unit	varchar(10)	YES	@@NULL@@			14
generator_warehouse_inventory_zt	material_subcategory	varchar(50)	YES	@@NULL@@			15
generator_warehouse_inventory_zt	brand	varchar(20)	YES	@@NULL@@			16
generator_warehouse_inventory_zt	config_requirement	varchar(255)	YES	@@NULL@@			17
generator_warehouse_inventory_zt	specification	varchar(255)	YES	@@NULL@@			18
generator_warehouse_inventory_zt	material_name	varchar(255)	YES	@@NULL@@			19
generator_warehouse_inventory_zt	project_qrcode	varchar(50)	YES	@@NULL@@			20
generator_warehouse_inventory_zt	creator_id	bigint	YES	@@NULL@@			21
generator_warehouse_inventory_zt	supplier_material_map_id	bigint	YES	@@NULL@@			22
generator_warehouse_transaction	id	bigint	NO	@@NULL@@	auto_increment		1
generator_warehouse_transaction	remark	varchar(255)	YES	@@NULL@@			2
generator_warehouse_transaction	modifier	varchar(255)	YES	@@NULL@@			3
generator_warehouse_transaction	belong_dept	int	YES	@@NULL@@			4
generator_warehouse_transaction	update_datetime	datetime(6)	YES	@@NULL@@			5
generator_warehouse_transaction	create_datetime	datetime(6)	YES	@@NULL@@			6
generator_warehouse_transaction	sort	int	YES	@@NULL@@			7
generator_warehouse_transaction	stock_operation_type	int	YES	@@NULL@@			8
generator_warehouse_transaction	transaction_number	varchar(50)	YES	@@NULL@@			9
generator_warehouse_transaction	creator_id	bigint	YES	@@NULL@@			10
generator_warehouse_transaction	operator	varchar(20)	YES	@@NULL@@			11
generator_warehouse_transaction	warehouse_state	int	YES	@@NULL@@			12
generator_warehouse_transaction_detail	id	bigint	NO	@@NULL@@	auto_increment		1
generator_warehouse_transaction_detail	remark	varchar(255)	YES	@@NULL@@			2
generator_warehouse_transaction_detail	modifier	varchar(255)	YES	@@NULL@@			3
generator_warehouse_transaction_detail	belong_dept	int	YES	@@NULL@@			4
generator_warehouse_transaction_detail	update_datetime	datetime(6)	YES	@@NULL@@			5
generator_warehouse_transaction_detail	create_datetime	datetime(6)	YES	@@NULL@@			6
generator_warehouse_transaction_detail	sort	int	YES	@@NULL@@			7
generator_warehouse_transaction_detail	picture	json	YES	@@NULL@@			8
generator_warehouse_transaction_detail	state	int	YES	@@NULL@@			9
generator_warehouse_transaction_detail	remaining_quantity	decimal(13,2)	YES	@@NULL@@			10
generator_warehouse_transaction_detail	recipient	varchar(20)	YES	@@NULL@@			11
generator_warehouse_transaction_detail	project_name	varchar(50)	YES	@@NULL@@			12
generator_warehouse_transaction_detail	project_number	varchar(50)	YES	@@NULL@@			13
generator_warehouse_transaction_detail	stock_date	date	YES	@@NULL@@			14
generator_warehouse_transaction_detail	supplier_name	varchar(50)	YES	@@NULL@@			15
generator_warehouse_transaction_detail	amount	decimal(13,2)	YES	@@NULL@@			16
generator_warehouse_transaction_detail	tax_rate	decimal(6,2)	YES	@@NULL@@			17
generator_warehouse_transaction_detail	unit_price	decimal(15,4)	YES	@@NULL@@			18
generator_warehouse_transaction_detail	material_subcategory	varchar(50)	YES	@@NULL@@			19
generator_warehouse_transaction_detail	stock_quantity	decimal(13,2)	YES	@@NULL@@			20
generator_warehouse_transaction_detail	unit	varchar(10)	YES	@@NULL@@			21
generator_warehouse_transaction_detail	config_requirement	varchar(255)	YES	@@NULL@@			22
generator_warehouse_transaction_detail	specification	varchar(255)	YES	@@NULL@@			23
generator_warehouse_transaction_detail	material_name	varchar(255)	YES	@@NULL@@			24
generator_warehouse_transaction_detail	creator_id	bigint	YES	@@NULL@@			25
generator_warehouse_transaction_detail	warehouse_transaction_id	bigint	YES	@@NULL@@			26
generator_warehouse_transaction_detail	location	varchar(50)	YES	@@NULL@@			27
generator_warehouse_transaction_detail	purchase_requisition_detail_id	bigint	YES	@@NULL@@			28
generator_warehouse_transaction_detail	brand	varchar(20)	YES	@@NULL@@			29
generator_warehouse_transaction_detail	applicant	varchar(20)	YES	@@NULL@@			30
generator_warehouse_transaction_detail	purchase_order_detail_id	bigint	YES	@@NULL@@			31
generator_warehouse_transaction_detail_copy1	id	bigint	NO	@@NULL@@	auto_increment		1
generator_warehouse_transaction_detail_copy1	remark	varchar(255)	YES	@@NULL@@			2
generator_warehouse_transaction_detail_copy1	modifier	varchar(255)	YES	@@NULL@@			3
generator_warehouse_transaction_detail_copy1	belong_dept	int	YES	@@NULL@@			4
generator_warehouse_transaction_detail_copy1	update_datetime	datetime(6)	YES	@@NULL@@			5
generator_warehouse_transaction_detail_copy1	create_datetime	datetime(6)	YES	@@NULL@@			6
generator_warehouse_transaction_detail_copy1	sort	int	YES	@@NULL@@			7
generator_warehouse_transaction_detail_copy1	picture	json	YES	@@NULL@@			8
generator_warehouse_transaction_detail_copy1	state	int	YES	@@NULL@@			9
generator_warehouse_transaction_detail_copy1	remaining_quantity	decimal(13,2)	YES	@@NULL@@			10
generator_warehouse_transaction_detail_copy1	recipient	varchar(20)	YES	@@NULL@@			11
generator_warehouse_transaction_detail_copy1	project_name	varchar(50)	YES	@@NULL@@			12
generator_warehouse_transaction_detail_copy1	project_number	varchar(50)	YES	@@NULL@@			13
generator_warehouse_transaction_detail_copy1	stock_date	date	YES	@@NULL@@			14
generator_warehouse_transaction_detail_copy1	supplier_name	varchar(50)	YES	@@NULL@@			15
generator_warehouse_transaction_detail_copy1	amount	decimal(13,2)	YES	@@NULL@@			16
generator_warehouse_transaction_detail_copy1	tax_rate	decimal(6,2)	YES	@@NULL@@			17
generator_warehouse_transaction_detail_copy1	unit_price	decimal(15,4)	YES	@@NULL@@			18
generator_warehouse_transaction_detail_copy1	material_subcategory	varchar(50)	YES	@@NULL@@			19
generator_warehouse_transaction_detail_copy1	stock_quantity	decimal(13,2)	YES	@@NULL@@			20
generator_warehouse_transaction_detail_copy1	unit	varchar(10)	YES	@@NULL@@			21
generator_warehouse_transaction_detail_copy1	config_requirement	varchar(255)	YES	@@NULL@@			22
generator_warehouse_transaction_detail_copy1	specification	varchar(50)	YES	@@NULL@@			23
generator_warehouse_transaction_detail_copy1	material_name	varchar(50)	YES	@@NULL@@			24
generator_warehouse_transaction_detail_copy1	creator_id	bigint	YES	@@NULL@@			25
generator_warehouse_transaction_detail_copy1	purchase_order_id	bigint	YES	@@NULL@@			26
generator_warehouse_transaction_detail_copy1	warehouse_transaction_id	bigint	YES	@@NULL@@			27
generator_warehouse_transaction_detail_copy1	location	varchar(50)	YES	@@NULL@@			28
generator_warehouse_transaction_detail_copy1	purchase_requisition_detail_id	bigint	YES	@@NULL@@			29
generator_warehouse_transaction_detail_copy1	brand	varchar(20)	YES	@@NULL@@			30
generator_warehouse_transaction_detail_copy1	applicant	varchar(20)	YES	@@NULL@@			31
generator_warehouse_transaction_detail_gh	id	bigint	NO	@@NULL@@	auto_increment		1
generator_warehouse_transaction_detail_gh	remark	varchar(255)	YES	@@NULL@@			2
generator_warehouse_transaction_detail_gh	modifier	varchar(255)	YES	@@NULL@@			3
generator_warehouse_transaction_detail_gh	belong_dept	int	YES	@@NULL@@			4
generator_warehouse_transaction_detail_gh	update_datetime	datetime(6)	YES	@@NULL@@			5
generator_warehouse_transaction_detail_gh	create_datetime	datetime(6)	YES	@@NULL@@			6
generator_warehouse_transaction_detail_gh	sort	int	YES	@@NULL@@			7
generator_warehouse_transaction_detail_gh	picture	json	YES	@@NULL@@			8
generator_warehouse_transaction_detail_gh	state	int	YES	@@NULL@@			9
generator_warehouse_transaction_detail_gh	remaining_quantity	decimal(13,2)	YES	@@NULL@@			10
generator_warehouse_transaction_detail_gh	location	varchar(50)	YES	@@NULL@@			11
generator_warehouse_transaction_detail_gh	recipient	varchar(20)	YES	@@NULL@@			12
generator_warehouse_transaction_detail_gh	applicant	varchar(20)	YES	@@NULL@@			13
generator_warehouse_transaction_detail_gh	project_name	varchar(50)	YES	@@NULL@@			14
generator_warehouse_transaction_detail_gh	project_number	varchar(50)	YES	@@NULL@@			15
generator_warehouse_transaction_detail_gh	stock_date	date	YES	@@NULL@@			16
generator_warehouse_transaction_detail_gh	supplier_name	varchar(50)	YES	@@NULL@@			17
generator_warehouse_transaction_detail_gh	amount	decimal(13,2)	YES	@@NULL@@			18
generator_warehouse_transaction_detail_gh	tax_rate	decimal(6,2)	YES	@@NULL@@			19
generator_warehouse_transaction_detail_gh	unit_price	decimal(15,4)	YES	@@NULL@@			20
generator_warehouse_transaction_detail_gh	material_subcategory	varchar(50)	YES	@@NULL@@			21
generator_warehouse_transaction_detail_gh	stock_quantity	decimal(13,2)	YES	@@NULL@@			22
generator_warehouse_transaction_detail_gh	unit	varchar(10)	YES	@@NULL@@			23
generator_warehouse_transaction_detail_gh	brand	varchar(20)	YES	@@NULL@@			24
generator_warehouse_transaction_detail_gh	config_requirement	varchar(255)	YES	@@NULL@@			25
generator_warehouse_transaction_detail_gh	specification	varchar(255)	YES	@@NULL@@			26
generator_warehouse_transaction_detail_gh	material_name	varchar(255)	YES	@@NULL@@			27
generator_warehouse_transaction_detail_gh	purchase_requisition_detail_id	bigint	YES	@@NULL@@			28
generator_warehouse_transaction_detail_gh	creator_id	bigint	YES	@@NULL@@			29
generator_warehouse_transaction_detail_gh	warehouse_transaction_id	bigint	YES	@@NULL@@			30
generator_warehouse_transaction_detail_gh	purchase_order_detail_id	bigint	YES	@@NULL@@			31
generator_warehouse_transaction_detail_tf	id	bigint	NO	@@NULL@@	auto_increment		1
generator_warehouse_transaction_detail_tf	remark	varchar(255)	YES	@@NULL@@			2
generator_warehouse_transaction_detail_tf	modifier	varchar(255)	YES	@@NULL@@			3
generator_warehouse_transaction_detail_tf	belong_dept	int	YES	@@NULL@@			4
generator_warehouse_transaction_detail_tf	update_datetime	datetime(6)	YES	@@NULL@@			5
generator_warehouse_transaction_detail_tf	create_datetime	datetime(6)	YES	@@NULL@@			6
generator_warehouse_transaction_detail_tf	sort	int	YES	@@NULL@@			7
generator_warehouse_transaction_detail_tf	picture	json	YES	@@NULL@@			8
generator_warehouse_transaction_detail_tf	state	int	YES	@@NULL@@			9
generator_warehouse_transaction_detail_tf	remaining_quantity	decimal(13,2)	YES	@@NULL@@			10
generator_warehouse_transaction_detail_tf	location	varchar(50)	YES	@@NULL@@			11
generator_warehouse_transaction_detail_tf	recipient	varchar(20)	YES	@@NULL@@			12
generator_warehouse_transaction_detail_tf	applicant	varchar(20)	YES	@@NULL@@			13
generator_warehouse_transaction_detail_tf	project_name	varchar(50)	YES	@@NULL@@			14
generator_warehouse_transaction_detail_tf	project_number	varchar(50)	YES	@@NULL@@			15
generator_warehouse_transaction_detail_tf	stock_date	date	YES	@@NULL@@			16
generator_warehouse_transaction_detail_tf	supplier_name	varchar(50)	YES	@@NULL@@			17
generator_warehouse_transaction_detail_tf	amount	decimal(13,2)	YES	@@NULL@@			18
generator_warehouse_transaction_detail_tf	tax_rate	decimal(6,2)	YES	@@NULL@@			19
generator_warehouse_transaction_detail_tf	unit_price	decimal(15,4)	YES	@@NULL@@			20
generator_warehouse_transaction_detail_tf	material_subcategory	varchar(50)	YES	@@NULL@@			21
generator_warehouse_transaction_detail_tf	stock_quantity	decimal(13,2)	YES	@@NULL@@			22
generator_warehouse_transaction_detail_tf	unit	varchar(10)	YES	@@NULL@@			23
generator_warehouse_transaction_detail_tf	brand	varchar(20)	YES	@@NULL@@			24
generator_warehouse_transaction_detail_tf	config_requirement	varchar(255)	YES	@@NULL@@			25
generator_warehouse_transaction_detail_tf	specification	varchar(255)	YES	@@NULL@@			26
generator_warehouse_transaction_detail_tf	material_name	varchar(255)	YES	@@NULL@@			27
generator_warehouse_transaction_detail_tf	purchase_requisition_detail_id	bigint	YES	@@NULL@@			28
generator_warehouse_transaction_detail_tf	creator_id	bigint	YES	@@NULL@@			29
generator_warehouse_transaction_detail_tf	warehouse_transaction_id	bigint	YES	@@NULL@@			30
generator_warehouse_transaction_detail_tf	purchase_order_detail_id	bigint	YES	@@NULL@@			31
generator_warehouse_transaction_detail_zt	id	bigint	NO	@@NULL@@	auto_increment		1
generator_warehouse_transaction_detail_zt	remark	varchar(255)	YES	@@NULL@@			2
generator_warehouse_transaction_detail_zt	modifier	varchar(255)	YES	@@NULL@@			3
generator_warehouse_transaction_detail_zt	belong_dept	int	YES	@@NULL@@			4
generator_warehouse_transaction_detail_zt	update_datetime	datetime(6)	YES	@@NULL@@			5
generator_warehouse_transaction_detail_zt	create_datetime	datetime(6)	YES	@@NULL@@			6
generator_warehouse_transaction_detail_zt	sort	int	YES	@@NULL@@			7
generator_warehouse_transaction_detail_zt	picture	json	YES	@@NULL@@			8
generator_warehouse_transaction_detail_zt	state	int	YES	@@NULL@@			9
generator_warehouse_transaction_detail_zt	remaining_quantity	decimal(13,2)	YES	@@NULL@@			10
generator_warehouse_transaction_detail_zt	location	varchar(50)	YES	@@NULL@@			11
generator_warehouse_transaction_detail_zt	recipient	varchar(20)	YES	@@NULL@@			12
generator_warehouse_transaction_detail_zt	applicant	varchar(20)	YES	@@NULL@@			13
generator_warehouse_transaction_detail_zt	project_name	varchar(50)	YES	@@NULL@@			14
generator_warehouse_transaction_detail_zt	project_number	varchar(50)	YES	@@NULL@@			15
generator_warehouse_transaction_detail_zt	stock_date	date	YES	@@NULL@@			16
generator_warehouse_transaction_detail_zt	supplier_name	varchar(50)	YES	@@NULL@@			17
generator_warehouse_transaction_detail_zt	amount	decimal(13,2)	YES	@@NULL@@			18
generator_warehouse_transaction_detail_zt	tax_rate	decimal(6,2)	YES	@@NULL@@			19
generator_warehouse_transaction_detail_zt	unit_price	decimal(15,4)	YES	@@NULL@@			20
generator_warehouse_transaction_detail_zt	material_subcategory	varchar(50)	YES	@@NULL@@			21
generator_warehouse_transaction_detail_zt	stock_quantity	decimal(13,2)	YES	@@NULL@@			22
generator_warehouse_transaction_detail_zt	unit	varchar(10)	YES	@@NULL@@			23
generator_warehouse_transaction_detail_zt	brand	varchar(20)	YES	@@NULL@@			24
generator_warehouse_transaction_detail_zt	config_requirement	varchar(255)	YES	@@NULL@@			25
generator_warehouse_transaction_detail_zt	specification	varchar(255)	YES	@@NULL@@			26
generator_warehouse_transaction_detail_zt	material_name	varchar(255)	YES	@@NULL@@			27
generator_warehouse_transaction_detail_zt	purchase_requisition_detail_id	bigint	YES	@@NULL@@			28
generator_warehouse_transaction_detail_zt	creator_id	bigint	YES	@@NULL@@			29
generator_warehouse_transaction_detail_zt	warehouse_transaction_id	bigint	YES	@@NULL@@			30
generator_warehouse_transaction_detail_zt	purchase_order_detail_id	bigint	YES	@@NULL@@			31
generator_warehouse_transaction_gh	id	bigint	NO	@@NULL@@	auto_increment		1
generator_warehouse_transaction_gh	remark	varchar(255)	YES	@@NULL@@			2
generator_warehouse_transaction_gh	modifier	varchar(255)	YES	@@NULL@@			3
generator_warehouse_transaction_gh	belong_dept	int	YES	@@NULL@@			4
generator_warehouse_transaction_gh	update_datetime	datetime(6)	YES	@@NULL@@			5
generator_warehouse_transaction_gh	create_datetime	datetime(6)	YES	@@NULL@@			6
generator_warehouse_transaction_gh	sort	int	YES	@@NULL@@			7
generator_warehouse_transaction_gh	stock_operation_type	int	YES	@@NULL@@			8
generator_warehouse_transaction_gh	transaction_number	varchar(50)	YES	@@NULL@@			9
generator_warehouse_transaction_gh	warehouse_state	int	YES	@@NULL@@			10
generator_warehouse_transaction_gh	operator	varchar(20)	YES	@@NULL@@			11
generator_warehouse_transaction_gh	creator_id	bigint	YES	@@NULL@@			12
generator_warehouse_transaction_tf	id	bigint	NO	@@NULL@@	auto_increment		1
generator_warehouse_transaction_tf	remark	varchar(255)	YES	@@NULL@@			2
generator_warehouse_transaction_tf	modifier	varchar(255)	YES	@@NULL@@			3
generator_warehouse_transaction_tf	belong_dept	int	YES	@@NULL@@			4
generator_warehouse_transaction_tf	update_datetime	datetime(6)	YES	@@NULL@@			5
generator_warehouse_transaction_tf	create_datetime	datetime(6)	YES	@@NULL@@			6
generator_warehouse_transaction_tf	sort	int	YES	@@NULL@@			7
generator_warehouse_transaction_tf	stock_operation_type	int	YES	@@NULL@@			8
generator_warehouse_transaction_tf	transaction_number	varchar(50)	YES	@@NULL@@			9
generator_warehouse_transaction_tf	warehouse_state	int	YES	@@NULL@@			10
generator_warehouse_transaction_tf	operator	varchar(20)	YES	@@NULL@@			11
generator_warehouse_transaction_tf	creator_id	bigint	YES	@@NULL@@			12
generator_warehouse_transaction_zt	id	bigint	NO	@@NULL@@	auto_increment		1
generator_warehouse_transaction_zt	remark	varchar(255)	YES	@@NULL@@			2
generator_warehouse_transaction_zt	modifier	varchar(255)	YES	@@NULL@@			3
generator_warehouse_transaction_zt	belong_dept	int	YES	@@NULL@@			4
generator_warehouse_transaction_zt	update_datetime	datetime(6)	YES	@@NULL@@			5
generator_warehouse_transaction_zt	create_datetime	datetime(6)	YES	@@NULL@@			6
generator_warehouse_transaction_zt	sort	int	YES	@@NULL@@			7
generator_warehouse_transaction_zt	stock_operation_type	int	YES	@@NULL@@			8
generator_warehouse_transaction_zt	transaction_number	varchar(50)	YES	@@NULL@@			9
generator_warehouse_transaction_zt	warehouse_state	int	YES	@@NULL@@			10
generator_warehouse_transaction_zt	operator	varchar(20)	YES	@@NULL@@			11
generator_warehouse_transaction_zt	creator_id	bigint	YES	@@NULL@@			12
go_view_data	id	bigint	NO	@@NULL@@	auto_increment		1
go_view_data	remark	varchar(255)	YES	@@NULL@@			2
go_view_data	modifier	varchar(255)	YES	@@NULL@@			3
go_view_data	belong_dept	int	YES	@@NULL@@			4
go_view_data	update_datetime	datetime(6)	YES	@@NULL@@			5
go_view_data	create_datetime	datetime(6)	YES	@@NULL@@			6
go_view_data	sort	int	YES	@@NULL@@			7
go_view_data	content	longtext	YES	@@NULL@@			8
go_view_data	creator_id	bigint	YES	@@NULL@@			9
go_view_project	id	bigint	NO	@@NULL@@	auto_increment		1
go_view_project	remark	varchar(255)	YES	@@NULL@@			2
go_view_project	modifier	varchar(255)	YES	@@NULL@@			3
go_view_project	belong_dept	int	YES	@@NULL@@			4
go_view_project	update_datetime	datetime(6)	YES	@@NULL@@			5
go_view_project	create_datetime	datetime(6)	YES	@@NULL@@			6
go_view_project	sort	int	YES	@@NULL@@			7
go_view_project	index_image	varchar(255)	YES	@@NULL@@			8
go_view_project	state	int	YES	@@NULL@@			9
go_view_project	project_name	varchar(255)	YES	@@NULL@@			10
go_view_project	content	longtext	YES	@@NULL@@			11
go_view_project	creator_id	bigint	YES	@@NULL@@			12
knife_jobcode	id	bigint	NO	@@NULL@@	auto_increment		1
knife_jobcode	line_name	varchar(255)	YES	@@NULL@@			2
knife_jobcode	name	varchar(255)	YES	@@NULL@@			3
knife_jobcode	internal_code	varchar(255)	YES	@@NULL@@			4
knife_jobcode	is_auto	int	NO	@@NULL@@			5
knife_jobcode	job_code_id	bigint	NO	@@NULL@@			6
knife_jobcode	eng_name	varchar(255)	YES	@@NULL@@			7
salary_view	date	date	YES	@@NULL@@			1
salary_view	user	varchar(20)	YES	@@NULL@@			2
salary_view	site	varchar(20)	YES	@@NULL@@			3
salary_view	dept	varchar(20)	YES	@@NULL@@			4
salary_view	product_name	varchar(50)	YES	@@NULL@@			5
salary_view	job_code_name	varchar(80)	YES	@@NULL@@			6
salary_view	work_hours	decimal(13,2)	YES	@@NULL@@			7
salary_view	working_system	varchar(20)	YES	@@NULL@@			8
salary_view	day_night	varchar(20)	YES	@@NULL@@			9
salary_view	actual_output	int	YES	@@NULL@@			10
salary_view	scrap_waste	int	YES	@@NULL@@			11
salary_view	industrial_waste	int	YES	@@NULL@@			12
salary_view	piecework_price	decimal(13,2)	YES	@@NULL@@			13
salary_view	time_price	decimal(13,2)	YES	@@NULL@@			14
salary_view	pattern	varchar(20)	YES	@@NULL@@			15
salary_view	production_value	decimal(13,2)	YES	@@NULL@@			16
salary_view	contribution_ratio	decimal(13,2)	YES	@@NULL@@			17
salary_view	settlement_method	varchar(255)	YES	@@NULL@@			18
salary_view	production_target	decimal(13,2)	YES	@@NULL@@			19
salary_view	overproduction	decimal(13,2)	YES	@@NULL@@			20
salary_view	quality	decimal(13,2)	YES	@@NULL@@			21
salary_view	other_subsidies	decimal(13,2)	YES	@@NULL@@			22
salary_view	night_shift_allowance	decimal(13,2)	YES	@@NULL@@			23
salary_view	normal_salary	decimal(13,2)	YES	@@NULL@@			24
salary_view	regular_overtime	decimal(13,2)	YES	@@NULL@@			25
salary_view	holiday_overtime	decimal(13,2)	YES	@@NULL@@			26
salary_view	ticket_sum	decimal(13,2)	YES	@@NULL@@			27
salary_view	hourly_wage	decimal(13,2)	YES	@@NULL@@			28
salary_view	piece_rate_wage	decimal(13,2)	YES	@@NULL@@			29
salary_view	gross_wage	decimal(13,2)	YES	@@NULL@@			30
salary_view	contribution_value	decimal(13,2)	YES	@@NULL@@			31
salary_view	output_value	decimal(13,2)	YES	@@NULL@@			32
system_api_white_list	id	bigint	NO	@@NULL@@	auto_increment		1
system_api_white_list	remark	varchar(255)	YES	@@NULL@@			2
system_api_white_list	modifier	varchar(255)	YES	@@NULL@@			3
system_api_white_list	belong_dept	int	YES	@@NULL@@			4
system_api_white_list	update_datetime	datetime(6)	YES	@@NULL@@			5
system_api_white_list	create_datetime	datetime(6)	YES	@@NULL@@			6
system_api_white_list	sort	int	YES	@@NULL@@			7
system_api_white_list	url	varchar(200)	NO	@@NULL@@			8
system_api_white_list	method	int	YES	@@NULL@@			9
system_api_white_list	enable_datasource	tinyint(1)	NO	@@NULL@@			10
system_api_white_list	creator_id	bigint	YES	@@NULL@@			11
system_area	id	bigint	NO	@@NULL@@	auto_increment		1
system_area	remark	varchar(255)	YES	@@NULL@@			2
system_area	modifier	varchar(255)	YES	@@NULL@@			3
system_area	belong_dept	int	YES	@@NULL@@			4
system_area	update_datetime	datetime(6)	YES	@@NULL@@			5
system_area	create_datetime	datetime(6)	YES	@@NULL@@			6
system_area	sort	int	YES	@@NULL@@			7
system_area	name	varchar(100)	NO	@@NULL@@			8
system_area	code	varchar(20)	NO	@@NULL@@			9
system_area	level	bigint	NO	@@NULL@@			10
system_area	pinyin	varchar(255)	NO	@@NULL@@			11
system_area	initials	varchar(20)	NO	@@NULL@@			12
system_area	enable	tinyint(1)	NO	@@NULL@@			13
system_area	creator_id	bigint	YES	@@NULL@@			14
system_area	pcode_id	varchar(20)	YES	@@NULL@@			15
system_button	id	bigint	NO	@@NULL@@	auto_increment		1
system_button	remark	varchar(255)	YES	@@NULL@@			2
system_button	modifier	varchar(255)	YES	@@NULL@@			3
system_button	belong_dept	int	YES	@@NULL@@			4
system_button	update_datetime	datetime(6)	YES	@@NULL@@			5
system_button	create_datetime	datetime(6)	YES	@@NULL@@			6
system_button	sort	int	YES	@@NULL@@			7
system_button	name	varchar(64)	NO	@@NULL@@			8
system_button	code	varchar(64)	NO	@@NULL@@			9
system_button	status	tinyint(1)	YES	@@NULL@@			10
system_button	creator_id	bigint	YES	@@NULL@@			11
system_category_dict	id	bigint	NO	@@NULL@@	auto_increment		1
system_category_dict	remark	varchar(255)	YES	@@NULL@@			2
system_category_dict	modifier	varchar(255)	YES	@@NULL@@			3
system_category_dict	belong_dept	int	YES	@@NULL@@			4
system_category_dict	update_datetime	datetime(6)	YES	@@NULL@@			5
system_category_dict	create_datetime	datetime(6)	YES	@@NULL@@			6
system_category_dict	sort	int	YES	@@NULL@@			7
system_category_dict	label	varchar(100)	YES	@@NULL@@			8
system_category_dict	value	varchar(100)	YES	@@NULL@@			9
system_category_dict	code	varchar(100)	YES	@@NULL@@			10
system_category_dict	creator_id	bigint	YES	@@NULL@@			11
system_category_dict	parent_id	bigint	YES	@@NULL@@			12
system_config	id	bigint	NO	@@NULL@@	auto_increment		1
system_config	remark	varchar(255)	YES	@@NULL@@			2
system_config	modifier	varchar(255)	YES	@@NULL@@			3
system_config	belong_dept	int	YES	@@NULL@@			4
system_config	update_datetime	datetime(6)	YES	@@NULL@@			5
system_config	create_datetime	datetime(6)	YES	@@NULL@@			6
system_config	sort	int	YES	@@NULL@@			7
system_config	title	varchar(50)	NO	@@NULL@@			8
system_config	key	varchar(20)	NO	@@NULL@@			9
system_config	value	json	YES	@@NULL@@			10
system_config	status	tinyint(1)	NO	@@NULL@@			11
system_config	data_options	json	YES	@@NULL@@			12
system_config	form_item_type	int	NO	@@NULL@@			13
system_config	rule	json	YES	@@NULL@@			14
system_config	placeholder	varchar(50)	YES	@@NULL@@			15
system_config	setting	json	YES	@@NULL@@			16
system_config	creator_id	bigint	YES	@@NULL@@			17
system_config	parent_id	bigint	YES	@@NULL@@			18
system_dept	id	bigint	NO	@@NULL@@	auto_increment		1
system_dept	remark	varchar(255)	YES	@@NULL@@			2
system_dept	modifier	varchar(255)	YES	@@NULL@@			3
system_dept	belong_dept	int	YES	@@NULL@@			4
system_dept	update_datetime	datetime(6)	YES	@@NULL@@			5
system_dept	create_datetime	datetime(6)	YES	@@NULL@@			6
system_dept	sort	int	YES	@@NULL@@			7
system_dept	name	varchar(64)	NO	@@NULL@@			8
system_dept	owner	varchar(32)	YES	@@NULL@@			9
system_dept	phone	varchar(32)	YES	@@NULL@@			10
system_dept	email	varchar(32)	YES	@@NULL@@			11
system_dept	status	tinyint(1)	YES	@@NULL@@			12
system_dept	creator_id	bigint	YES	@@NULL@@			13
system_dept	parent_id	bigint	YES	@@NULL@@			14
system_dict	id	bigint	NO	@@NULL@@	auto_increment		1
system_dict	remark	varchar(255)	YES	@@NULL@@			2
system_dict	modifier	varchar(255)	YES	@@NULL@@			3
system_dict	belong_dept	int	YES	@@NULL@@			4
system_dict	update_datetime	datetime(6)	YES	@@NULL@@			5
system_dict	create_datetime	datetime(6)	YES	@@NULL@@			6
system_dict	sort	int	YES	@@NULL@@			7
system_dict	name	varchar(100)	YES	@@NULL@@			8
system_dict	code	varchar(100)	YES	@@NULL@@			9
system_dict	status	tinyint(1)	NO	@@NULL@@			10
system_dict	creator_id	bigint	YES	@@NULL@@			11
system_dict_item	id	bigint	NO	@@NULL@@	auto_increment		1
system_dict_item	modifier	varchar(255)	YES	@@NULL@@			2
system_dict_item	belong_dept	int	YES	@@NULL@@			3
system_dict_item	update_datetime	datetime(6)	YES	@@NULL@@			4
system_dict_item	create_datetime	datetime(6)	YES	@@NULL@@			5
system_dict_item	sort	int	YES	@@NULL@@			6
system_dict_item	icon	varchar(100)	YES	@@NULL@@			7
system_dict_item	label	varchar(100)	YES	@@NULL@@			8
system_dict_item	value	varchar(100)	YES	@@NULL@@			9
system_dict_item	status	tinyint(1)	NO	@@NULL@@			10
system_dict_item	remark	varchar(2000)	YES	@@NULL@@			11
system_dict_item	creator_id	bigint	YES	@@NULL@@			12
system_dict_item	dict_id	bigint	NO	@@NULL@@			13
system_file	id	bigint	NO	@@NULL@@	auto_increment		1
system_file	remark	varchar(255)	YES	@@NULL@@			2
system_file	modifier	varchar(255)	YES	@@NULL@@			3
system_file	belong_dept	int	YES	@@NULL@@			4
system_file	update_datetime	datetime(6)	YES	@@NULL@@			5
system_file	create_datetime	datetime(6)	YES	@@NULL@@			6
system_file	sort	int	YES	@@NULL@@			7
system_file	name	varchar(255)	YES	@@NULL@@			8
system_file	save_name	varchar(255)	YES	@@NULL@@			9
system_file	url	varchar(100)	NO	@@NULL@@			10
system_file	size	bigint	YES	@@NULL@@			11
system_file	md5sum	varchar(36)	NO	@@NULL@@			12
system_file	creator_id	bigint	YES	@@NULL@@			13
system_generator_template	id	bigint	NO	@@NULL@@	auto_increment		1
system_generator_template	remark	varchar(255)	YES	@@NULL@@			2
system_generator_template	modifier	varchar(255)	YES	@@NULL@@			3
system_generator_template	belong_dept	int	YES	@@NULL@@			4
system_generator_template	update_datetime	datetime(6)	YES	@@NULL@@			5
system_generator_template	create_datetime	datetime(6)	YES	@@NULL@@			6
system_generator_template	sort	int	YES	@@NULL@@			7
system_generator_template	name	varchar(64)	NO	@@NULL@@			8
system_generator_template	code	varchar(32)	NO	@@NULL@@			9
system_generator_template	form_info	longtext	NO	@@NULL@@			10
system_generator_template	table_info	longtext	NO	@@NULL@@			11
system_generator_template	has_menu	tinyint(1)	NO	@@NULL@@			12
system_generator_template	creator_id	bigint	YES	@@NULL@@			13
system_login_log	id	bigint	NO	@@NULL@@			1
system_login_log	username	varchar(150)	YES	@@NULL@@			2
system_login_log	ip	varchar(50)	YES	@@NULL@@			3
system_login_log	agent	varchar(255)	YES	@@NULL@@			4
system_login_log	browser	varchar(100)	YES	@@NULL@@			5
system_login_log	os	varchar(100)	YES	@@NULL@@			6
system_login_log	continent	varchar(50)	YES	@@NULL@@			7
system_login_log	country	varchar(50)	YES	@@NULL@@			8
system_login_log	country_code	varchar(20)	YES	@@NULL@@			9
system_login_log	country_english	varchar(100)	YES	@@NULL@@			10
system_login_log	province	varchar(50)	YES	@@NULL@@			11
system_login_log	city	varchar(50)	YES	@@NULL@@			12
system_login_log	district	varchar(50)	YES	@@NULL@@			13
system_login_log	isp	varchar(100)	YES	@@NULL@@			14
system_login_log	area_code	varchar(20)	YES	@@NULL@@			15
system_login_log	belong_dept	varchar(100)	YES	@@NULL@@			16
system_login_log	login_type	varchar(20)	YES	@@NULL@@			17
system_login_log	latitude	double	YES	@@NULL@@			18
system_login_log	longitude	double	YES	@@NULL@@			19
system_login_log	creator_id	bigint	YES	@@NULL@@			20
system_login_log	modifier	varchar(100)	YES	@@NULL@@			21
system_login_log	remark	varchar(255)	YES	@@NULL@@			22
system_login_log	sort	int	YES	@@NULL@@			23
system_login_log	create_datetime	datetime	YES	@@NULL@@			24
system_login_log	update_datetime	datetime	YES	@@NULL@@			25
system_menu	id	bigint	NO	@@NULL@@	auto_increment		1
system_menu	remark	varchar(255)	YES	@@NULL@@			2
system_menu	modifier	varchar(255)	YES	@@NULL@@			3
system_menu	belong_dept	int	YES	@@NULL@@			4
system_menu	update_datetime	datetime(6)	YES	@@NULL@@			5
system_menu	create_datetime	datetime(6)	YES	@@NULL@@			6
system_menu	sort	int	YES	@@NULL@@			7
system_menu	icon	varchar(64)	NO	@@NULL@@			8
system_menu	title	varchar(64)	NO	@@NULL@@			9
system_menu	permission	varchar(64)	YES	@@NULL@@			10
system_menu	is_ext	tinyint(1)	NO	@@NULL@@			11
system_menu	type	int	NO	@@NULL@@			12
system_menu	path	varchar(128)	YES	@@NULL@@			13
system_menu	redirect	varchar(128)	YES	@@NULL@@			14
system_menu	component	varchar(128)	YES	@@NULL@@			15
system_menu	name	varchar(50)	YES	@@NULL@@			16
system_menu	status	tinyint(1)	NO	@@NULL@@			17
system_menu	keepalive	tinyint(1)	NO	@@NULL@@			18
system_menu	hide_menu	tinyint(1)	NO	@@NULL@@			19
system_menu	creator_id	bigint	YES	@@NULL@@			20
system_menu	parent_id	bigint	YES	@@NULL@@			21
system_menu_button	id	bigint	NO	@@NULL@@	auto_increment		1
system_menu_button	remark	varchar(255)	YES	@@NULL@@			2
system_menu_button	modifier	varchar(255)	YES	@@NULL@@			3
system_menu_button	belong_dept	int	YES	@@NULL@@			4
system_menu_button	update_datetime	datetime(6)	YES	@@NULL@@			5
system_menu_button	create_datetime	datetime(6)	YES	@@NULL@@			6
system_menu_button	sort	int	YES	@@NULL@@			7
system_menu_button	name	varchar(64)	NO	@@NULL@@			8
system_menu_button	code	varchar(64)	NO	@@NULL@@			9
system_menu_button	api	varchar(200)	NO	@@NULL@@			10
system_menu_button	method	int	YES	@@NULL@@			11
system_menu_button	creator_id	bigint	YES	@@NULL@@			12
system_menu_button	menu_id	bigint	NO	@@NULL@@			13
system_menu_column_field	id	bigint	NO	@@NULL@@	auto_increment		1
system_menu_column_field	remark	varchar(255)	YES	@@NULL@@			2
system_menu_column_field	modifier	varchar(255)	YES	@@NULL@@			3
system_menu_column_field	belong_dept	int	YES	@@NULL@@			4
system_menu_column_field	update_datetime	datetime(6)	YES	@@NULL@@			5
system_menu_column_field	create_datetime	datetime(6)	YES	@@NULL@@			6
system_menu_column_field	sort	int	YES	@@NULL@@			7
system_menu_column_field	name	varchar(64)	NO	@@NULL@@			8
system_menu_column_field	code	varchar(64)	NO	@@NULL@@			9
system_menu_column_field	creator_id	bigint	YES	@@NULL@@			10
system_menu_column_field	menu_id	bigint	NO	@@NULL@@			11
system_post	id	bigint	NO	@@NULL@@	auto_increment		1
system_post	remark	varchar(255)	YES	@@NULL@@			2
system_post	modifier	varchar(255)	YES	@@NULL@@			3
system_post	belong_dept	int	YES	@@NULL@@			4
system_post	update_datetime	datetime(6)	YES	@@NULL@@			5
system_post	create_datetime	datetime(6)	YES	@@NULL@@			6
system_post	sort	int	YES	@@NULL@@			7
system_post	name	varchar(64)	NO	@@NULL@@			8
system_post	code	varchar(32)	NO	@@NULL@@			9
system_post	status	int	NO	@@NULL@@			10
system_post	creator_id	bigint	YES	@@NULL@@			11
system_product_szb	id	bigint	NO	@@NULL@@			1
system_product_szb	product_name	varchar(255)	YES	@@NULL@@			2
system_product_szb	workpiece_number	varchar(255)	YES	@@NULL@@			3
system_product_szb	report_time	datetime	YES	@@NULL@@	on update CURRENT_TIMESTAMP		4
system_product_szb	product_id	int	YES	@@NULL@@			5
system_product_szb	report	mediumblob	YES	@@NULL@@			6
system_role	id	bigint	NO	@@NULL@@	auto_increment		1
system_role	remark	varchar(255)	YES	@@NULL@@			2
system_role	modifier	varchar(255)	YES	@@NULL@@			3
system_role	belong_dept	int	YES	@@NULL@@			4
system_role	update_datetime	datetime(6)	YES	@@NULL@@			5
system_role	create_datetime	datetime(6)	YES	@@NULL@@			6
system_role	sort	int	YES	@@NULL@@			7
system_role	name	varchar(64)	NO	@@NULL@@			8
system_role	code	varchar(64)	NO	@@NULL@@			9
system_role	status	tinyint(1)	NO	@@NULL@@			10
system_role	admin	tinyint(1)	NO	@@NULL@@			11
system_role	data_range	int	NO	@@NULL@@			12
system_role	creator_id	bigint	YES	@@NULL@@			13
system_role_column	id	bigint	NO	@@NULL@@	auto_increment		1
system_role_column	role_id	bigint	NO	@@NULL@@			2
system_role_column	menucolumnfield_id	bigint	NO	@@NULL@@			3
system_role_dept	id	bigint	NO	@@NULL@@	auto_increment		1
system_role_dept	role_id	bigint	NO	@@NULL@@			2
system_role_dept	dept_id	bigint	NO	@@NULL@@			3
system_role_menu	id	bigint	NO	@@NULL@@	auto_increment		1
system_role_menu	role_id	bigint	NO	@@NULL@@			2
system_role_menu	menu_id	bigint	NO	@@NULL@@			3
system_role_permission	id	bigint	NO	@@NULL@@	auto_increment		1
system_role_permission	role_id	bigint	NO	@@NULL@@			2
system_role_permission	menubutton_id	bigint	NO	@@NULL@@			3
system_users	password	varchar(128)	NO	@@NULL@@			1
system_users	last_login	datetime(6)	YES	@@NULL@@			2
system_users	is_superuser	tinyint(1)	NO	@@NULL@@			3
system_users	is_staff	tinyint(1)	NO	@@NULL@@			4
system_users	is_active	tinyint(1)	NO	@@NULL@@			5
system_users	date_joined	datetime(6)	NO	@@NULL@@			6
system_users	id	bigint	NO	@@NULL@@	auto_increment		7
system_users	remark	varchar(255)	YES	@@NULL@@			8
system_users	modifier	varchar(255)	YES	@@NULL@@			9
system_users	belong_dept	int	YES	@@NULL@@			10
system_users	update_datetime	datetime(6)	YES	@@NULL@@			11
system_users	create_datetime	datetime(6)	YES	@@NULL@@			12
system_users	sort	int	YES	@@NULL@@			13
system_users	username	varchar(150)	NO	@@NULL@@			14
system_users	email	varchar(255)	YES	@@NULL@@			15
system_users	mobile	varchar(255)	YES	@@NULL@@			16
system_users	avatar	longtext	YES	@@NULL@@			17
system_users	name	varchar(40)	NO	@@NULL@@			18
system_users	status	tinyint(1)	NO	@@NULL@@			19
system_users	gender	int	YES	@@NULL@@			20
system_users	user_type	int	YES	@@NULL@@			21
system_users	first_name	varchar(150)	YES	@@NULL@@			22
system_users	last_name	varchar(150)	YES	@@NULL@@			23
system_users	home_path	varchar(150)	YES	@@NULL@@			24
system_users	creator_id	bigint	YES	@@NULL@@			25
system_users	dept_id	bigint	YES	@@NULL@@			26
system_users	is_delete	tinyint(1)	NO	@@NULL@@			27
system_users	wechat_id	varchar(150)	YES	@@NULL@@			28
system_users	working_type	int	YES	@@NULL@@			29
system_users	resignation_time	datetime(6)	YES	@@NULL@@			30
system_users	dept_level	int	YES	@@NULL@@			31
system_users	regulatory_dept	json	YES	@@NULL@@			32
system_users	work_dept	json	YES	@@NULL@@			33
system_users	entry_time	datetime(6)	YES	@@NULL@@			34
system_users	wechat_openid	varchar(150)	YES	@@NULL@@			35
system_users_groups	id	bigint	NO	@@NULL@@	auto_increment		1
system_users_groups	users_id	bigint	NO	@@NULL@@			2
system_users_groups	group_id	int	NO	@@NULL@@			3
system_users_post	id	bigint	NO	@@NULL@@	auto_increment		1
system_users_post	users_id	bigint	NO	@@NULL@@			2
system_users_post	post_id	bigint	NO	@@NULL@@			3
system_users_role	id	bigint	NO	@@NULL@@	auto_increment		1
system_users_role	users_id	bigint	NO	@@NULL@@			2
system_users_role	role_id	bigint	NO	@@NULL@@			3
system_users_user_permissions	id	bigint	NO	@@NULL@@	auto_increment		1
system_users_user_permissions	users_id	bigint	NO	@@NULL@@			2
system_users_user_permissions	permission_id	int	NO	@@NULL@@			3
track_route	id	bigint	NO	@@NULL@@	auto_increment		1
track_route	remark	varchar(255)	YES	@@NULL@@			2
track_route	modifier	varchar(255)	YES	@@NULL@@			3
track_route	belong_dept	int	YES	@@NULL@@			4
track_route	update_datetime	datetime(6)	YES	@@NULL@@			5
track_route	create_datetime	datetime(6)	YES	@@NULL@@			6
track_route	sort	int	YES	@@NULL@@			7
track_route	route_name	varchar(100)	NO	@@NULL@@			8
track_route	product_category	varchar(30)	YES	@@NULL@@			9
track_route	is_active	tinyint(1)	NO	@@NULL@@			10
track_route	creator_id	bigint	YES	@@NULL@@			11
track_route_step	id	bigint	NO	@@NULL@@	auto_increment		1
track_route_step	remark	varchar(255)	YES	@@NULL@@			2
track_route_step	modifier	varchar(255)	YES	@@NULL@@			3
track_route_step	belong_dept	int	YES	@@NULL@@			4
track_route_step	update_datetime	datetime(6)	YES	@@NULL@@			5
track_route_step	create_datetime	datetime(6)	YES	@@NULL@@			6
track_route_step	sort	int	YES	@@NULL@@			7
track_route_step	step_no	int	NO	@@NULL@@			8
track_route_step	is_first	tinyint(1)	NO	@@NULL@@			9
track_route_step	is_last	tinyint(1)	NO	@@NULL@@			10
track_route_step	plan_hours	decimal(6,2)	YES	@@NULL@@			11
track_route_step	site	varchar(20)	YES	@@NULL@@			12
track_route_step	creator_id	bigint	YES	@@NULL@@			13
track_route_step	route_id	bigint	NO	@@NULL@@			14
track_route_step	station_id	bigint	NO	@@NULL@@			15
track_station	id	bigint	NO	@@NULL@@	auto_increment		1
track_station	remark	varchar(255)	YES	@@NULL@@			2
track_station	modifier	varchar(255)	YES	@@NULL@@			3
track_station	belong_dept	int	YES	@@NULL@@			4
track_station	update_datetime	datetime(6)	YES	@@NULL@@			5
track_station	create_datetime	datetime(6)	YES	@@NULL@@			6
track_station	sort	int	YES	@@NULL@@			7
track_station	station_name	varchar(100)	NO	@@NULL@@			8
track_station	product_category	varchar(30)	YES	@@NULL@@			9
track_station	station_type	varchar(30)	YES	@@NULL@@			10
track_station	is_active	tinyint(1)	NO	@@NULL@@			11
track_station	creator_id	bigint	YES	@@NULL@@			12
track_station_job_code_map	id	bigint	NO	@@NULL@@	auto_increment		1
track_station_job_code_map	remark	varchar(255)	YES	@@NULL@@			2
track_station_job_code_map	modifier	varchar(255)	YES	@@NULL@@			3
track_station_job_code_map	belong_dept	int	YES	@@NULL@@			4
track_station_job_code_map	update_datetime	datetime(6)	YES	@@NULL@@			5
track_station_job_code_map	create_datetime	datetime(6)	YES	@@NULL@@			6
track_station_job_code_map	sort	int	YES	@@NULL@@			7
track_station_job_code_map	creator_id	bigint	YES	@@NULL@@			8
track_station_job_code_map	job_code_id	bigint	NO	@@NULL@@			9
track_station_job_code_map	station_id	bigint	NO	@@NULL@@			10
v_delivery_plan_with_product	id	bigint	NO	0			1
v_delivery_plan_with_product	remark	varchar(255)	YES	@@NULL@@			2
v_delivery_plan_with_product	modifier	varchar(255)	YES	@@NULL@@			3
v_delivery_plan_with_product	belong_dept	int	YES	@@NULL@@			4
v_delivery_plan_with_product	update_datetime	datetime(6)	YES	@@NULL@@			5
v_delivery_plan_with_product	create_datetime	datetime(6)	YES	@@NULL@@			6
v_delivery_plan_with_product	sort	int	YES	@@NULL@@			7
v_delivery_plan_with_product	period_type	varchar(10)	NO	@@NULL@@			8
v_delivery_plan_with_product	plan_date	date	NO	@@NULL@@			9
v_delivery_plan_with_product	year	int	NO	@@NULL@@			10
v_delivery_plan_with_product	month	int	YES	@@NULL@@			11
v_delivery_plan_with_product	demand_qty	int	NO	@@NULL@@			12
v_delivery_plan_with_product	creator_id	bigint	YES	@@NULL@@			13
v_delivery_plan_with_product	customer_order_id	bigint	YES	@@NULL@@			14
v_delivery_plan_with_product	product_config_id	bigint	NO	@@NULL@@			15
v_delivery_plan_with_product	product_name	varchar(50)	NO	@@NULL@@			16
v_delivery_plan_with_product	customer_name	varchar(50)	NO	@@NULL@@			17
v_delivery_plan_with_product	part_number	varchar(50)	YES	@@NULL@@			18
v_delivery_plan_with_product	box_capacity	int	YES	@@NULL@@			19
v_delivery_plan_with_product	daily_capacity	int	YES	@@NULL@@			20
v_delivery_plan_with_product	production_line	varchar(50)	YES	@@NULL@@			21
v_delivery_plan_with_product	contact_person	varchar(50)	YES	@@NULL@@			22
v_delivery_plan_with_product	is_active	tinyint(1)	NO	@@NULL@@			23
v_delivery_plan_with_product	site	varchar(20)	NO	@@NULL@@			24
v_奖罚单	姓名	varchar(40)	NO	@@NULL@@			1
v_奖罚单	时间	date	YES	@@NULL@@			2
v_奖罚单	部门	varchar(64)	YES	@@NULL@@			3
v_奖罚单	岗位	varchar(4)	NO				4
v_奖罚单	处罚/奖励	varchar(100)	YES	@@NULL@@			5
v_奖罚单	金额	decimal(10,2)	YES	@@NULL@@			6
v_奖罚单	备注	varchar(100)	YES	@@NULL@@			7
v_奖罚单	奖罚单号	varchar(100)	YES	@@NULL@@			8
v_奖罚单	完整时间	datetime	YES	@@NULL@@			9
v_奖罚单	确认状态	varchar(20)	YES	@@NULL@@			10
v_奖罚单	员工备注	varchar(255)	YES	@@NULL@@			11
v_奖罚单	异常描述	longtext	YES	@@NULL@@			12
v_奖罚单	是否结单	tinyint(1)	YES	@@NULL@@			13
v_奖罚单	审核状态	int	YES	@@NULL@@			14
v_奖罚单	创建人	varchar(40)	YES	@@NULL@@			15
v_工资	员工	varchar(20)	YES	@@NULL@@			1
v_工资	部门	varchar(20)	YES	@@NULL@@			2
v_工资	时间	date	YES	@@NULL@@			3
v_工资	工资ID	bigint	NO	0			4
v_工资	备注	varchar(255)	YES	@@NULL@@			5
v_工资	修改人	varchar(255)	YES	@@NULL@@			6
v_工资	所属部门	int	YES	@@NULL@@			7
v_工资	更新时间	datetime(6)	YES	@@NULL@@			8
v_工资	创建时间	datetime(6)	YES	@@NULL@@			9
v_工资	排序	int	YES	@@NULL@@			10
v_工资	产值	decimal(13,2)	YES	@@NULL@@			11
v_工资	贡献值	decimal(13,2)	YES	@@NULL@@			12
v_工资	合计工资	decimal(13,2)	YES	@@NULL@@			13
v_工资	计件工资	decimal(13,2)	YES	@@NULL@@			14
v_工资	计时工资	decimal(13,2)	YES	@@NULL@@			15
v_工资	假日加班	decimal(13,2)	YES	@@NULL@@			16
v_工资	平时加班	decimal(13,2)	YES	@@NULL@@			17
v_工资	正常工资	decimal(13,2)	YES	@@NULL@@			18
v_工资	夜班补贴	decimal(13,2)	YES	@@NULL@@			19
v_工资	其他补贴	decimal(13,2)	YES	@@NULL@@			20
v_工资	奖励	decimal(13,2)	YES	@@NULL@@			21
v_工资	质量奖	decimal(13,2)	YES	@@NULL@@			22
v_工资	超产奖励	decimal(13,2)	YES	@@NULL@@			23
v_工资	达产奖励	decimal(13,2)	YES	@@NULL@@			24
v_工资	结算方式	varchar(255)	YES	@@NULL@@			25
v_工资	贡献值占比	decimal(13,2)	YES	@@NULL@@			26
v_工资	产值单价	decimal(13,2)	YES	@@NULL@@			27
v_工资	计时单价	decimal(13,2)	YES	@@NULL@@			28
v_工资	计件单价	decimal(13,2)	YES	@@NULL@@			29
v_工资	创建人ID	bigint	YES	@@NULL@@			30
v_工资	日报ID	bigint	YES	@@NULL@@			31
v_工资	模式	varchar(20)	YES	@@NULL@@			32
v_工资	手动更改	tinyint(1)	YES	@@NULL@@			33
v_打卡记录	记录ID	bigint	NO	@@NULL@@		记录ID	1
v_打卡记录	工号	varchar(20)	YES			工号	2
v_打卡记录	姓名	varchar(50)	YES			姓名	3
v_打卡记录	部门	varchar(100)	YES			部门	4
v_打卡记录	打卡时间	datetime	YES	@@NULL@@		打卡时间	5
v_打卡记录	打卡日期	date	YES	@@NULL@@			6
v_打卡记录	打卡时刻	time	YES	@@NULL@@			7
v_打卡记录	时区	varchar(10)	YES	+08:00		时区	8
v_打卡记录	验证类型	varchar(10)	YES	@@NULL@@			9
v_打卡记录	来源	varchar(8)	YES	@@NULL@@			10
v_打卡记录	设备SN	varchar(50)	YES			设备SN	11
v_打卡记录	设备名称	varchar(100)	YES			设备名称	12
v_打卡记录	GPS位置	varchar(200)	YES			GPS位置	13
v_打卡记录	体温	varchar(20)	YES			体温	14
v_打卡记录	口罩状态	varchar(20)	YES	@@NULL@@			15
v_打卡记录	打卡照片URL	varchar(500)	YES			打卡照片URL	16
v_打卡记录	上传时间	datetime	YES	@@NULL@@		上传时间	17
v_打卡记录	状态	varchar(20)	YES	@@NULL@@			18
v_打卡记录	系统录入时间	datetime	YES	CURRENT_TIMESTAMP	DEFAULT_GENERATED	入库时间	19
vw_equipment_repair_report	report_id	bigint	NO	0			1
vw_equipment_repair_report	报修单号	varchar(255)	YES	@@NULL@@			2
vw_equipment_repair_report	问题描述	longtext	YES	@@NULL@@			3
vw_equipment_repair_report	报修时间	varchar(255)	YES	@@NULL@@			4
vw_equipment_repair_report	系统创建时间	datetime(6)	YES	@@NULL@@			5
vw_equipment_repair_report	最后一次操作时间	datetime(6)	YES	@@NULL@@			6
vw_equipment_repair_report	问题确认	varchar(255)	YES	@@NULL@@			7
vw_equipment_repair_report	状态	varchar(255)	YES	@@NULL@@			8
vw_equipment_repair_report	评分	varchar(255)	YES	@@NULL@@			9
vw_equipment_repair_report	报修人姓名	varchar(40)	YES	@@NULL@@			10
vw_equipment_repair_report	维修人姓名	varchar(40)	YES	@@NULL@@			11
vw_equipment_repair_report	设备名称	varchar(255)	YES	@@NULL@@			12
vw_generator_equipment_repair	report_id	bigint	NO	0			1
vw_generator_equipment_repair	报修单号	varchar(40)	YES	@@NULL@@			2
vw_generator_equipment_repair	报修人姓名	varchar(40)	YES	@@NULL@@			3
vw_generator_equipment_repair	维修人姓名	varchar(40)	YES	@@NULL@@			4
vw_generator_equipment_repair	抄送人	varchar(255)	YES	@@NULL@@			5
vw_generator_equipment_repair	抄送质量	varchar(255)	YES	@@NULL@@			6
vw_generator_equipment_repair	订单状态	varchar(4)	NO				7
vw_generator_equipment_repair	配合人	json	YES	@@NULL@@			8
vw_generator_equipment_repair	配件清单	json	YES	@@NULL@@			9
vw_generator_equipment_repair	报修时间	datetime(6)	YES	@@NULL@@			10
vw_generator_equipment_repair	接单时间	datetime(6)	YES	@@NULL@@			11
vw_generator_equipment_repair	评分时间	datetime(6)	YES	@@NULL@@			12
vw_generator_equipment_repair	接单时长	varchar(20)	YES	@@NULL@@			13
vw_generator_equipment_repair	维修时长	varchar(20)	YES	@@NULL@@			14
vw_generator_equipment_repair	紧急等级	int	YES	@@NULL@@			15
vw_generator_equipment_repair	难度等级	int	YES	@@NULL@@			16
vw_generator_equipment_repair	评分	int	YES	@@NULL@@			17
vw_generator_equipment_repair	设备名称	varchar(255)	YES	@@NULL@@			18
vw_generator_equipment_repair	设备产线	varchar(255)	YES	@@NULL@@			19
vw_generator_equipment_repair	问题描述	varchar(255)	YES	@@NULL@@			20
vw_logistics_transaction_table	公司	varchar(80)	YES	@@NULL@@			1
vw_logistics_transaction_table	产品名称	varchar(80)	YES	@@NULL@@			2
vw_logistics_transaction_table	零部件名称	varchar(80)	YES	@@NULL@@			3
vw_logistics_transaction_table	单据号	varchar(255)	YES	@@NULL@@			4
vw_logistics_transaction_table	时间	datetime(6)	YES	@@NULL@@			5
vw_logistics_transaction_table	结存方式	varchar(80)	YES	@@NULL@@			6
vw_logistics_transaction_table	数量	int	YES	@@NULL@@			7
vw_newscheduling	userno	varchar(20)	YES	@@NULL@@			1
vw_newscheduling	dept	varchar(20)	YES	@@NULL@@			2
vw_newscheduling	date	date	YES	@@NULL@@			3
vw_newscheduling	salary_id	bigint	NO	0			4
vw_newscheduling	remark	varchar(255)	YES	@@NULL@@			5
vw_newscheduling	modifier	varchar(255)	YES	@@NULL@@			6
vw_newscheduling	belong_dept	int	YES	@@NULL@@			7
vw_newscheduling	update_datetime	datetime(6)	YES	@@NULL@@			8
vw_newscheduling	create_datetime	datetime(6)	YES	@@NULL@@			9
vw_newscheduling	sort	int	YES	@@NULL@@			10
vw_newscheduling	output_value	decimal(13,2)	YES	@@NULL@@			11
vw_newscheduling	contribution_value	decimal(13,2)	YES	@@NULL@@			12
vw_newscheduling	gross_wage	decimal(13,2)	YES	@@NULL@@			13
vw_newscheduling	piece_rate_wage	decimal(13,2)	YES	@@NULL@@			14
vw_newscheduling	hourly_wage	decimal(13,2)	YES	@@NULL@@			15
vw_newscheduling	holiday_overtime	decimal(13,2)	YES	@@NULL@@			16
vw_newscheduling	regular_overtime	decimal(13,2)	YES	@@NULL@@			17
vw_newscheduling	normal_salary	decimal(13,2)	YES	@@NULL@@			18
vw_newscheduling	night_shift_allowance	decimal(13,2)	YES	@@NULL@@			19
vw_newscheduling	other_subsidies	decimal(13,2)	YES	@@NULL@@			20
vw_newscheduling	reward	decimal(13,2)	YES	@@NULL@@			21
vw_newscheduling	quality	decimal(13,2)	YES	@@NULL@@			22
vw_newscheduling	overproduction	decimal(13,2)	YES	@@NULL@@			23
vw_newscheduling	production_target	decimal(13,2)	YES	@@NULL@@			24
vw_newscheduling	settlement_method	varchar(255)	YES	@@NULL@@			25
vw_newscheduling	contribution_ratio	decimal(13,2)	YES	@@NULL@@			26
vw_newscheduling	production_value	decimal(13,2)	YES	@@NULL@@			27
vw_newscheduling	time_price	decimal(13,2)	YES	@@NULL@@			28
vw_newscheduling	piecework_price	decimal(13,2)	YES	@@NULL@@			29
vw_newscheduling	creator_id	bigint	YES	@@NULL@@			30
vw_newscheduling	newscheduling_id	bigint	YES	@@NULL@@			31
vw_newscheduling	pattern	varchar(20)	YES	@@NULL@@			32
vw_newscheduling	ticket_sum	decimal(13,2)	YES	@@NULL@@			33
vw_newscheduling	is_change	tinyint(1)	YES	@@NULL@@			34
vw_system_login_log	id	bigint	NO	@@NULL@@			1
vw_system_login_log	remark	varchar(255)	YES	@@NULL@@			2
vw_system_login_log	modifier	varchar(100)	YES	@@NULL@@			3
vw_system_login_log	belong_dept	varchar(100)	YES	@@NULL@@			4
vw_system_login_log	update_datetime	datetime	YES	@@NULL@@			5
vw_system_login_log	create_datetime	datetime	YES	@@NULL@@			6
vw_system_login_log	sort	int	YES	@@NULL@@			7
vw_system_login_log	username	varchar(150)	YES	@@NULL@@			8
vw_system_login_log	name	varchar(40)	NO	@@NULL@@			9
vw_system_login_log	ip	varchar(50)	YES	@@NULL@@			10
vw_system_login_log	agent	varchar(255)	YES	@@NULL@@			11
vw_system_login_log	browser	varchar(100)	YES	@@NULL@@			12
vw_system_login_log	os	varchar(100)	YES	@@NULL@@			13
vw_system_login_log	continent	varchar(50)	YES	@@NULL@@			14
vw_system_login_log	country	varchar(50)	YES	@@NULL@@			15
vw_system_login_log	province	varchar(50)	YES	@@NULL@@			16
vw_system_login_log	city	varchar(50)	YES	@@NULL@@			17
vw_system_login_log	district	varchar(50)	YES	@@NULL@@			18
vw_system_login_log	isp	varchar(100)	YES	@@NULL@@			19
vw_system_login_log	area_code	varchar(20)	YES	@@NULL@@			20
vw_system_login_log	country_english	varchar(100)	YES	@@NULL@@			21
vw_system_login_log	country_code	varchar(20)	YES	@@NULL@@			22
vw_system_login_log	longitude	double	YES	@@NULL@@			23
vw_system_login_log	latitude	double	YES	@@NULL@@			24
vw_system_login_log	login_type	varchar(20)	YES	@@NULL@@			25
vw_system_login_log	creator_id	bigint	YES	@@NULL@@			26
zj2315_e38_data	ID	int	NO	@@NULL@@	auto_increment		1
zj2315_e38_data	USER_NAME	varchar(100)	YES	@@NULL@@			2
zj2315_e38_data	PROJECT_NAME	varchar(100)	YES	@@NULL@@			3
zj2315_e38_data	QR_CODEE	varchar(100)	YES	@@NULL@@			4
zj2315_e38_data	TOTALT_TIME	int	YES	@@NULL@@			5
zj2315_e38_data	CONCENTRATION	float	YES	@@NULL@@			6
zj2315_e38_data	POSITIVE_TIME	int	YES	@@NULL@@			7
zj2315_e38_data	SIDE_TIME	int	YES	@@NULL@@			8
zj2315_e38_data	UNDERSIDE_TIME	int	YES	@@NULL@@			9
zj2315_e38_data	INNER_30_TOOL_TIME	int	YES	@@NULL@@			10
zj2315_e38_data	INNER_18_TOOL_TIME	int	YES	@@NULL@@			11
zj2315_e38_data	SMALL_45_OUTER_TOOL_TIME	int	YES	@@NULL@@			12
zj2315_e38_data	LARGE_45_OUTER_TOOL_TIME	int	YES	@@NULL@@			13
zj2315_e38_data	OUTER_116_TOOL_TIME	int	YES	@@NULL@@			14
zj2315_e38_data	SOURCE_ADDR	varchar(500)	YES	@@NULL@@			15
zj2315_e38_data	CREATE_DATE	timestamp	YES	CURRENT_TIMESTAMP	DEFAULT_GENERATED		16
zj2315_e38_data	THREADED_HOLE_COUNT	int	YES	@@NULL@@			17
zj2315_e38_data	PIN_HOLE_COUNT	int	YES	@@NULL@@			18
zj2315_e38_inspection_data	ID	int	NO	@@NULL@@	auto_increment		1
zj2315_e38_inspection_data	USER_NAME	varchar(100)	YES	@@NULL@@			2
zj2315_e38_inspection_data	CREATE_DATE	timestamp	YES	CURRENT_TIMESTAMP	DEFAULT_GENERATED		3
zj2315_e38_threaded_hole	ID	int	NO	@@NULL@@	auto_increment		1
zj2315_e38_threaded_hole	TIME_STAMP	varchar(100)	YES	@@NULL@@			2
zj2315_e38_threaded_hole	THREADED_HOLE_COUNT	int	YES	@@NULL@@			3
zj2315_e38_threaded_hole	PIN_HOLE_COUNT	int	YES	@@NULL@@			4
zj2315_e38_threaded_hole	CREATE_DATE	timestamp	YES	CURRENT_TIMESTAMP	DEFAULT_GENERATED		5
每人每月工时汇总	部门	varchar(20)	YES	@@NULL@@			1
每人每月工时汇总	站点	varchar(20)	YES	@@NULL@@			2
每人每月工时汇总	工号	varchar(20)	YES	@@NULL@@			3
每人每月工时汇总	姓名	varchar(20)	YES	@@NULL@@			4
每人每月工时汇总	年月	varchar(7)	YES	@@NULL@@			5
每人每月工时汇总	出勤天数	bigint	NO	0			6
每人每月工时汇总	合计工时	decimal(35,2)	YES	@@NULL@@			7
每人每月工时汇总	记录条数	bigint	NO	0			8
